37635240096277356221608661183399466587436218286623447958515955502005434187777
37635240096277356221608661183399466587436218286623447958515955504204457443329
37635240096277356221608661183399466587436218286623447958515955506403480698881
37635240096277356221608661183399466587436218286623447958515955515199573721089
37635240096277356221608661183399466587436218286623447958515955517398596976641
37635240096277356221608661183399466587436218286623447958515955519597620232193
37635240096277356221608661183399466587436218286623447958515955528393713254401
37635240096277356221608661183399466587436218286623447958515955530592736509953
37635240096277356221608661183399466587436218286623447958515955532791759765505
37635240096277356221608661183399466587436218286623447958515955541587852787713
37635240096277356221608661183399466587436218286623447958515955543786876043265
37635240096277356221608661183399466587436218286623447958515955545985899298817
37635240096277356221608661183399466587436218286623447958515955554781992321025
37635240096277356221608661183399466587436218286623447958515955556981015576577
37635240096277356221608661183399466587436218286623447958515955559180038832129
37635240096277356221608661183399466587436218286623447958515955567976131854337
37635240096277356221608661183399466587436218286623447958515955570175155109889
37635240096277356221608661183399466587436218286623447958515955572374178365441
37635240096277356221608661183399466587436218286623447958515955581170271387649
37635240096277356221608661183399466587436218286623447958515955583369294643201
37635240096277356221608661183399466587436218286623447958515955585568317898753
37635240096277356221608661183399466587436218286623447958515955594364410920961
37635240096277356221608661183399466587436218286623447958515955596563434176513
37635240096277356221608661183399466587436218286623447958515955598762457432065
37635240096277356221608661183399466587436218286623447958515955607558550454273
37635240096277356221608661183399466587436218286623447958515955609757573709825
37635240096277356221608661183399466587436218286623447958515955611956596965377
37635240096277356221608661183399466587436218286623447958515955620752689987585
37635240096277356221608661183399466587436218286623447958515955622951713243137
37635240096277356221608661183399466587436218286623447958515955625150736498689
37635240096277356221608661183399466587436218286623447958515955633946829520897
37635240096277356221608661183399466587436218286623447958515955636145852776449
37635240096277356221608661183399466587436218286623447958515955638344876032001
37635240096277356221608661183399466587436218286623447958515955647140969054209
37635240096277356221608661183399466587436218286623447958515955649339992309761
37635240096277356221608661183399466587436218286623447958515955651539015565313
37635240096277356221608661183399466587436218286623447958515955660335108587521
37635240096277356221608661183399466587436218286623447958515955662534131843073
37635240096277356221608661183399466587436218286623447958515955664733155098625
37635240096277356221608661183399466587436218286623447958515955673529248120833
37635240096277356221608661183399466587436218286623447958515955675728271376385
37635240096277356221608661183399466587436218286623447958515955677927294631937
37635240096277356221608661183399466587436218286623447958515955686723387654145
37635240096277356221608661183399466587436218286623447958515955687822899281921
37635240096277356221608661183399466587436218286623447958515955690021922537473
37635240096277356221608661183399466587436218286623447958515955698818015559681
37635240096277356221608661183399466587436218286623447958515955701017038815233
37635240096277356221608661183399466587436218286623447958515955703216062070785
37635240096277356221608661183399466587436218286623447958515955712012155092993
37635240096277356221608661183399466587436218286623447958515955714211178348545
37635240096277356221608661183399466587436218286623447958515955716410201604097
37635240096277356221608661183399466587436218286623447958515955725206294626305
37635240096277356221608661183399466587436218286623447958515955727405317881857
37635240096277356221608661183399466587436218286623447958515955729604341137409
37635240096277356221608661183399466587436218286623447958515955738400434159617
37635240096277356221608661183399466587436218286623447958515955740599457415169
37635240096277356221608661183399466587436218286623447958515955742798480670721
37635240096277356221608661183399466587436218286623447958515955751594573692929
37635240096277356221608661183399466587436218286623447958515955753793596948481
37635240096277356221608661183399466587436218286623447958515955755992620204033
37635240096277356221608661183399466587436218286623447958515955764788713226241
37635240096277356221608661183399466587436218286623447958515955766987736481793
37635240096277356221608661183399466587436218286623447958515955769186759737345
37635240096277356221608661183399466587436218286623447958515955777982852759553
37635240096277356221608661183399466587436218286623447958515955782380899270657
37635240096277356221608661183399466587436218286623447958515955784579922526209
37635240096277356221608661183399466587436218286623447958515955793376015548417
37635240096277356221608661183399466587436218286623447958515955795575038803969
37635240096277356221608661183399466587436218286623447958515955797774062059521
37635240096277356221608661183399466587436218286623447958515955806570155081729
37635240096277356221608661183399466587436218286623447958515955808769178337281
37635240096277356221608661183399466587436218286623447958515955810968201592833
37635240096277356221608661183399466587436218286623447958515955819764294615041
37635240096277356221608661183399466587436218286623447958515955821963317870593
37635240096277356221608661183399466587436218286623447958515955824162341126145
37635240096277356221608661183399466587436218286623447958515955832958434148353
37635240096277356221608661183399466587436218286623447958515955835157457403905
37635240096277356221608661183399466587436218286623447958515955837356480659457
37635240096277356221608661183399466587436218286623447958515955849451108564993
37635240096277356221608661183399466587436218286623447958515955851650131820545
37635240096277356221608661183399466587436218286623447958515955856048178331649
37635240096277356221608661183399466587436218286623447958515955864844271353857
37635240096277356221608661183399466587436218286623447958515955867043294609409
37635240096277356221608661183399466587436218286623447958515955869242317864961
37635240096277356221608661183399466587436218286623447958515955878038410887169
37635240096277356221608661183399466587436218286623447958515955880237434142721
37635240096277356221608661183399466587436218286623447958515955882436457398273
37635240096277356221608661183399466587436218286623447958515955891232550420481
37635240096277356221608661183399466587436218286623447958515955893431573676033
37635240096277356221608661183399466587436218286623447958515955895630596931585
37635240096277356221608661183399466587436218286623447958515955904426689953793
37635240096277356221608661183399466587436218286623447958515955906625713209345
37635240096277356221608661183399466587436218286623447958515955908824736464897
37635240096277356221608661183399466587436218286623447958515955917620829487105
37635240096277356221608661183399466587436218286623447958515955919819852742657
37635240096277356221608661183399466587436218286623447958515955922018875998209
37635240096277356221608661183399466587436218286623447958515955930814969020417
37635240096277356221608661183399466587436218286623447958515955933013992275969
37635240096277356221608661183399466587436218286623447958515955935213015531521
37635240096277356221608661183399466587436218286623447958515955944009108553729
37635240096277356221608661183399466587436218286623447958515955946208131809281
37635240096277356221608661183399466587436218286623447958515955948407155064833
37635240096277356221608661183399466587436218286623447958515955957203248087041
37635240096277356221608661183399466587436218286623447958515955959402271342593
37635240096277356221608661183399466587436218286623447958515955961601294598145
37635240096277356221608661183399466587436218286623447958515955970397387620353
37635240096277356221608661183399466587436218286623447958515955972596410875905
37635240096277356221608661183399466587436218286623447958515955974795434131457
37635240096277356221608661183399466587436218286623447958515955983591527153665
37635240096277356221608661183399466587436218286623447958515955985790550409217
37635240096277356221608661183399466587436218286623447958515955987989573664769
37635240096277356221608661183399466587436218286623447958515955996785666686977
37635240096277356221608661183399466587436218286623447958515955998984689942529
37635240096277356221608661183399466587436218286623447958515956001183713198081
37635240096277356221608661183399466587436218286623447958515956009979806220289
37635240096277356221608661183399466587436218286623447958515956012178829475841
37635240096277356221608661183399466587436218286623447958515956014377852731393
37635240096277356221608661183399466587436218286623447958515956023173945753601
37635240096277356221608661183399466587436218286623447958515956025372969009153
37635240096277356221608661183399466587436218286623447958515956027571992264705
37635240096277356221608661183399466587436218286623447958515956034169062031361
37635240096277356221608661183399466587436218286623447958515956036368085286913
37635240096277356221608661183399466587436218286623447958515956038567108542465
37635240096277356221608661183399466587436218286623447958515956047363201564673
37635240096277356221608661183399466587436218286623447958515956049562224820225
37635240096277356221608661183399466587436218286623447958515956051761248075777
37635240096277356221608661183399466587436218286623447958515956060557341097985
37635240096277356221608661183399466587436218286623447958515956062756364353537
37635240096277356221608661183399466587436218286623447958515956064955387609089
37635240096277356221608661183399466587436218286623447958515956071552457375745
37635240096277356221608661183399466587436218286623447958515956073751480631297
37635240096277356221608661183399466587436218286623447958515956075950503886849
37635240096277356221608661183399466587436218286623447958515956084746596909057
37635240096277356221608661183399466587436218286623447958515956086945620164609
37635240096277356221608661183399466587436218286623447958515956089144643420161
37635240096277356221608661183399466587436218286623447958515956097940736442369
37635240096277356221608661183399466587436218286623447958515956100139759697921
37635240096277356221608661183399466587436218286623447958515956102338782953473
37635240096277356221608661183399466587436218286623447958515956111134875975681
37635240096277356221608661183399466587436218286623447958515956113333899231233
37635240096277356221608661183399466587436218286623447958515956115532922486785
37635240096277356221608661183399466587436218286623447958515956124329015508993
37635240096277356221608661183399466587436218286623447958515956126528038764545
37635240096277356221608661183399466587436218286623447958515956128727062020097
37635240096277356221608661183399466587436218286623447958515956137523155042305
37635240096277356221608661183399466587436218286623447958515956139722178297857
37635240096277356221608661183399466587436218286623447958515956141921201553409
37635240096277356221608661183399466587436218286623447958515956150717294575617
37635240096277356221608661183399466587436218286623447958515956152916317831169
37635240096277356221608661183399466587436218286623447958515956155115341086721
37635240096277356221608661183399466587436218286623447958515956163911434108929
37635240096277356221608661183399466587436218286623447958515956166110457364481
37635240096277356221608661183399466587436218286623447958515956168309480620033
37635240096277356221608661183399466587436218286623447958515956177105573642241
37635240096277356221608661183399466587436218286623447958515956179304596897793
37635240096277356221608661183399466587436218286623447958515956181503620153345
37635240096277356221608661183399466587436218286623447958515956190299713175553
37635240096277356221608661183399466587436218286623447958515956192498736431105
37635240096277356221608661183399466587436218286623447958515956194697759686657
37635240096277356221608661183399466587436218286623447958515956203493852708865
37635240096277356221608661183399466587436218286623447958515956205692875964417
37635240096277356221608661183399466587436218286623447958515956207891899219969
37635240096277356221608661183399466587436218286623447958515956216687992242177
37635240096277356221608661183399466587436218286623447958515956218887015497729
37635240096277356221608661183399466587436218286623447958515956219986527125505
37635240096277356221608661183399466587436218286623447958515956227683108519937
37635240096277356221608661183399466587436218286623447958515956229882131775489
37635240096277356221608661183399466587436218286623447958515956232081155031041
37635240096277356221608661183399466587436218286623447958515956240877248053249
37635240096277356221608661183399466587436218286623447958515956243076271308801
37635240096277356221608661183399466587436218286623447958515956245275294564353
37635240096277356221608661183399466587436218286623447958515956254071387586561
37635240096277356221608661183399466587436218286623447958515956256270410842113
37635240096277356221608661183399466587436218286623447958515956258469434097665
37635240096277356221608661183399466587436218286623447958515956267265527119873
37635240096277356221608661183399466587436218286623447958515956269464550375425
37635240096277356221608661183399466587436218286623447958515956271663573630977
37635240096277356221608661183399466587436218286623447958515956280459666653185
37635240096277356221608661183399466587436218286623447958515956282658689908737
37635240096277356221608661183399466587436218286623447958515956284857713164289
37635240096277356221608661183399466587436218286623447958515956293653806186497
37635240096277356221608661183399466587436218286623447958515956295852829442049
37635240096277356221608661183399466587436218286623447958515956298051852697601
37635240096277356221608661183399466587436218286623447958515956306847945719809
37635240096277356221608661183399466587436218286623447958515956309046968975361
37635240096277356221608661183399466587436218286623447958515956311245992230913
37635240096277356221608661183399466587436218286623447958515956320042085253121
37635240096277356221608661183399466587436218286623447958515956322241108508673
37635240096277356221608661183399466587436218286623447958515956324440131764225
37635240096277356221608661183399466587436218286623447958515956333236224786433
37635240096277356221608661183399466587436218286623447958515956335435248041985
37635240096277356221608661183399466587436218286623447958515956337634271297537
37635240096277356221608661183399466587436218286623447958515956346430364319745
37635240096277356221608661183399466587436218286623447958515956348629387575297
37635240096277356221608661183399466587436218286623447958515956350828410830849
37635240096277356221608661183399466587436218286623447958515956359624503853057
37635240096277356221608661183399466587436218286623447958515956361823527108609
37635240096277356221608661183399466587436218286623447958515956364022550364161
37635240096277356221608661183399466587436218286623447958515956372818643386369
37635240096277356221608661183399466587436218286623447958515956375017666641921
37635240096277356221608661183399466587436218286623447958515956377216689897473
37635240096277356221608661183399466587436218286623447958515956386012782919681
37635240096277356221608661183399466587436218286623447958515956388211806175233
37635240096277356221608661183399466587436218286623447958515956390410829430785
37635240096277356221608661183399466587436218286623447958515956399206922452993
37635240096277356221608661183399466587436218286623447958515956401405945708545
37635240096277356221608661183399466587436218286623447958515956403604968964097
37635240096277356221608661183399466587436218286623447958515956412401061986305
37635240096277356221608661183399466587436218286623447958515956414600085241857
37635240096277356221608661183399466587436218286623447958515956416799108497409
37635240096277356221608661183399466587436218286623447958515956425595201519617
37635240096277356221608661183399466587436218286623447958515956427794224775169
37635240096277356221608661183399466587436218286623447958515956429993248030721
37635240096277356221608661183399466587436218286623447958515956438789341052929
37635240096277356221608661183399466587436218286623447958515956440988364308481
37635240096277356221608661183399466587436218286623447958515956443187387564033
37635240096277356221608661183399466587436218286623447958515956451983480586241
37635240096277356221608661183399466587436218286623447958515956454182503841793
37635240096277356221608661183399466587436218286623447958515956456381527097345
37635240096277356221608661183399466587436218286623447958515956465177620119553
37635240096277356221608661183399466587436218286623447958515956467376643375105
37635240096277356221608661183399466587436218286623447958515956469575666630657
37635240096277356221608661183399466587436218286623447958515956478371759652865
37635240096277356221608661183399466587436218286623447958515956480570782908417
37635240096277356221608661183399466587436218286623447958515956482769806163969
37635240096277356221608661183399466587436218286623447958515956491565899186177
37635240096277356221608661183399466587436218286623447958515956493764922441729
37635240096277356221608661183399466587436218286623447958515956495963945697281
37635240096277356221608661183399466587436218286623447958515956504760038719489
37635240096277356221608661183399466587436218286623447958515956506959061975041
37635240096277356221608661183399466587436218286623447958515956509158085230593
37635240096277356221608661183399466587436218286623447958515956517954178252801
37635240096277356221608661183399466587436218286623447958515956520153201508353
37635240096277356221608661183399466587436218286623447958515956522352224763905
37635240096277356221608661183399466587436218286623447958515956531148317786113
37635240096277356221608661183399466587436218286623447958515956533347341041665
37635240096277356221608661183399466587436218286623447958515956535546364297217
37635240096277356221608661183399466587436218286623447958515956544342457319425
37635240096277356221608661183399466587436218286623447958515956546541480574977
37635240096277356221608661183399466587436218286623447958515956548740503830529
37635240096277356221608661183399466587436218286623447958515956557536596852737
37635240096277356221608661183399466587436218286623447958515956559735620108289
37635240096277356221608661183399466587436218286623447958515956561934643363841
37635240096277356221608661183399466587436218286623447958515956570730736386049
37635240096277356221608661183399466587436218286623447958515956572929759641601
37635240096277356221608661183399466587436218286623447958515956575128782897153
37635240096277356221608661183399466587436218286623447958515956583924875919361
37635240096277356221608661183399466587436218286623447958515956586123899174913
37635240096277356221608661183399466587436218286623447958515956588322922430465
37635240096277356221608661183399466587436218286623447958515956597119015452673
37635240096277356221608661183399466587436218286623447958515956599318038708225
37635240096277356221608661183399466587436218286623447958515956601517061963777
37635240096277356221608661183399466587436218286623447958515956610313154985985
37635240096277356221608661183399466587436218286623447958515956612512178241537
37635240096277356221608661183399466587436218286623447958515956614711201497089
37635240096277356221608661183399466587436218286623447958515956623507294519297
37635240096277356221608661183399466587436218286623447958515956625706317774849
37635240096277356221608661183399466587436218286623447958515956627905341030401
37635240096277356221608661183399466587436218286623447958515956636701434052609
37635240096277356221608661183399466587436218286623447958515956638900457308161
37635240096277356221608661183399466587436218286623447958515956641099480563713
37635240096277356221608661183399466587436218286623447958515956649895573585921
37635240096277356221608661183399466587436218286623447958515956652094596841473
37635240096277356221608661183399466587436218286623447958515956654293620097025
37635240096277356221608661183399466587436218286623447958515956663089713119233
37635240096277356221608661183399466587436218286623447958515956665288736374785
37635240096277356221608661183399466587436218286623447958515956667487759630337
37635240096277356221608661183399466587436218286623447958515956676283852652545
37635240096277356221608661183399466587436218286623447958515956678482875908097
37635240096277356221608661183399466587436218286623447958515956680681899163649
37635240096277356221608661183399466587436218286623447958515956689477992185857
37635240096277356221608661183399466587436218286623447958515956691677015441409
37635240096277356221608661183399466587436218286623447958515956693876038696961
37635240096277356221608661183399466587436218286623447958515956701572620091393
37635240096277356221608661183399466587436218286623447958515956703771643346945
37635240096277356221608661183399466587436218286623447958515956705970666602497
37635240096277356221608661183399466587436218286623447958515956714766759624705
37635240096277356221608661183399466587436218286623447958515956716965782880257
37635240096277356221608661183399466587436218286623447958515956719164806135809
37635240096277356221608661183399466587436218286623447958515956727960899158017
37635240096277356221608661183399466587436218286623447958515956730159922413569
37635240096277356221608661183399466587436218286623447958515956732358945669121
37635240096277356221608661183399466587436218286623447958515956741155038691329
37635240096277356221608661183399466587436218286623447958515956743354061946881
37635240096277356221608661183399466587436218286623447958515956745553085202433
37635240096277356221608661183399466587436218286623447958515956754349178224641
37635240096277356221608661183399466587436218286623447958515956756548201480193
37635240096277356221608661183399466587436218286623447958515956758747224735745
37635240096277356221608661183399466587436218286623447958515956767543317757953
37635240096277356221608661183399466587436218286623447958515956769742341013505
37635240096277356221608661183399466587436218286623447958515956771941364269057
37635240096277356221608661183399466587436218286623447958515956780737457291265
37635240096277356221608661183399466587436218286623447958515956782936480546817
37635240096277356221608661183399466587436218286623447958515956785135503802369
37635240096277356221608661183399466587436218286623447958515956793931596824577
37635240096277356221608661183399466587436218286623447958515956796130620080129
37635240096277356221608661183399466587436218286623447958515956798329643335681
37635240096277356221608661183399466587436218286623447958515956807125736357889
37635240096277356221608661183399466587436218286623447958515956809324759613441
37635240096277356221608661183399466587436218286623447958515956811523782868993
37635240096277356221608661183399466587436218286623447958515956820319875891201
37635240096277356221608661183399466587436218286623447958515956822518899146753
37635240096277356221608661183399466587436218286623447958515956824717922402305
37635240096277356221608661183399466587436218286623447958515956833514015424513
37635240096277356221608661183399466587436218286623447958515956835713038680065
37635240096277356221608661183399466587436218286623447958515956837912061935617
37635240096277356221608661183399466587436218286623447958515956846708154957825
37635240096277356221608661183399466587436218286623447958515956848907178213377
37635240096277356221608661183399466587436218286623447958515956851106201468929
37635240096277356221608661183399466587436218286623447958515956859902294491137
37635240096277356221608661183399466587436218286623447958515956862101317746689
37635240096277356221608661183399466587436218286623447958515956864300341002241
37635240096277356221608661183399466587436218286623447958515956873096434024449
37635240096277356221608661183399466587436218286623447958515956875295457280001
37635240096277356221608661183399466587436218286623447958515956877494480535553
37635240096277356221608661183399466587436218286623447958515956886290573557761
37635240096277356221608661183399466587436218286623447958515956888489596813313
37635240096277356221608661183399466587436218286623447958515956890688620068865
37635240096277356221608661183399466587436218286623447958515956899484713091073
37635240096277356221608661183399466587436218286623447958515956901683736346625
37635240096277356221608661183399466587436218286623447958515956903882759602177
37635240096277356221608661183399466587436218286623447958515956912678852624385
37635240096277356221608661183399466587436218286623447958515956914877875879937
37635240096277356221608661183399466587436218286623447958515956917076899135489
37635240096277356221608661183399466587436218286623447958515956925872992157697
37635240096277356221608661183399466587436218286623447958515956928072015413249
37635240096277356221608661183399466587436218286623447958515956930271038668801
37635240096277356221608661183399466587436218286623447958515956939067131691009
37635240096277356221608661183399466587436218286623447958515956941266154946561
37635240096277356221608661183399466587436218286623447958515956943465178202113
37635240096277356221608661183399466587436218286623447958515956950062247968769
37635240096277356221608661183399466587436218286623447958515956951161759596545
37635240096277356221608661183399466587436218286623447958515956953360782852097
37635240096277356221608661183399466587436218286623447958515956962156875874305
37635240096277356221608661183399466587436218286623447958515956964355899129857
37635240096277356221608661183399466587436218286623447958515956966554922385409
37635240096277356221608661183399466587436218286623447958515956975351015407617
37635240096277356221608661183399466587436218286623447958515956977550038663169
37635240096277356221608661183399466587436218286623447958515956979749061918721
37635240096277356221608661183399466587436218286623447958515956988545154940929
37635240096277356221608661183399466587436218286623447958515956990744178196481
37635240096277356221608661183399466587436218286623447958515956992943201452033
37635240096277356221608661183399466587436218286623447958515957001739294474241
37635240096277356221608661183399466587436218286623447958515957003938317729793
37635240096277356221608661183399466587436218286623447958515957006137340985345
37635240096277356221608661183399466587436218286623447958515957014933434007553
37635240096277356221608661183399466587436218286623447958515957017132457263105
37635240096277356221608661183399466587436218286623447958515957019331480518657
37635240096277356221608661183399466587436218286623447958515957028127573540865
37635240096277356221608661183399466587436218286623447958515957030326596796417
37635240096277356221608661183399466587436218286623447958515957032525620051969
37635240096277356221608661183399466587436218286623447958515957041321713074177
37635240096277356221608661183399466587436218286623447958515957043520736329729
37635240096277356221608661183399466587436218286623447958515957045719759585281
37635240096277356221608661183399466587436218286623447958515957054515852607489
37635240096277356221608661183399466587436218286623447958515957056714875863041
37635240096277356221608661183399466587436218286623447958515957058913899118593
37635240096277356221608661183399466587436218286623447958515957067709992140801
37635240096277356221608661183399466587436218286623447958515957069909015396353
37635240096277356221608661183399466587436218286623447958515957072108038651905
37635240096277356221608661183399466587436218286623447958515957080904131674113
37635240096277356221608661183399466587436218286623447958515957083103154929665
37635240096277356221608661183399466587436218286623447958515957085302178185217
37635240096277356221608661183399466587436218286623447958515957094098271207425
37635240096277356221608661183399466587436218286623447958515957096297294462977
37635240096277356221608661183399466587436218286623447958515957098496317718529
37635240096277356221608661183399466587436218286623447958515957107292410740737
37635240096277356221608661183399466587436218286623447958515957109491433996289
37635240096277356221608661183399466587436218286623447958515957111690457251841
37635240096277356221608661183399466587436218286623447958515957120486550274049
37635240096277356221608661183399466587436218286623447958515957122685573529601
37635240096277356221608661183399466587436218286623447958515957124884596785153
37635240096277356221608661183399466587436218286623447958515957133680689807361
37635240096277356221608661183399466587436218286623447958515957135879713062913
37635240096277356221608661183399466587436218286623447958515957138078736318465
37635240096277356221608661183399466587436218286623447958515957146874829340673
37635240096277356221608661183399466587436218286623447958515957149073852596225
37635240096277356221608661183399466587436218286623447958515957151272875851777
37635240096277356221608661183399466587436218286623447958515957160068968873985
37635240096277356221608661183399466587436218286623447958515957162267992129537
37635240096277356221608661183399466587436218286623447958515957164467015385089
37635240096277356221608661183399466587436218286623447958515957173263108407297
37635240096277356221608661183399466587436218286623447958515957175462131662849
37635240096277356221608661183399466587436218286623447958515957177661154918401
37635240096277356221608661183399466587436218286623447958515957186457247940609
37635240096277356221608661183399466587436218286623447958515957188656271196161
37635240096277356221608661183399466587436218286623447958515957190855294451713
37635240096277356221608661183399466587436218286623447958515957199651387473921
37635240096277356221608661183399466587436218286623447958515957201850410729473
37635240096277356221608661183399466587436218286623447958515957204049433985025
37635240096277356221608661183399466587436218286623447958515957212845527007233
37635240096277356221608661183399466587436218286623447958515957215044550262785
37635240096277356221608661183399466587436218286623447958515957217243573518337
37635240096277356221608661183399466587436218286623447958515957226039666540545
37635240096277356221608661183399466587436218286623447958515957228238689796097
37635240096277356221608661183399466587436218286623447958515957230437713051649
37635240096277356221608661183399466587436218286623447958515957241432829329409
37635240096277356221608661183399466587436218286623447958515957243631852584961
37635240096277356221608661183399466587436218286623447958515957245830875840513
37635240096277356221608661183399466587436218286623447958515957254626968862721
37635240096277356221608661183399466587436218286623447958515957256825992118273
37635240096277356221608661183399466587436218286623447958515957259025015373825
37635240096277356221608661183399466587436218286623447958515957267821108396033
37635240096277356221608661183399466587436218286623447958515957270020131651585
37635240096277356221608661183399466587436218286623447958515957272219154907137
37635240096277356221608661183399466587436218286623447958515957281015247929345
37635240096277356221608661183399466587436218286623447958515957283214271184897
37635240096277356221608661183399466587436218286623447958515957285413294440449
37635240096277356221608661183399466587436218286623447958515957294209387462657
37635240096277356221608661183399466587436218286623447958515957296408410718209
37635240096277356221608661183399466587436218286623447958515957298607433973761
37635240096277356221608661183399466587436218286623447958515957307403526995969
37635240096277356221608661183399466587436218286623447958515957309602550251521
37635240096277356221608661183399466587436218286623447958515957311801573507073
37635240096277356221608661183399466587436218286623447958515957320597666529281
37635240096277356221608661183399466587436218286623447958515957322796689784833
37635240096277356221608661183399466587436218286623447958515957324995713040385
37635240096277356221608661183399466587436218286623447958515957333791806062593
37635240096277356221608661183399466587436218286623447958515957335990829318145
37635240096277356221608661183399466587436218286623447958515957338189852573697
37635240096277356221608661183399466587436218286623447958515957346985945595905
37635240096277356221608661183399466587436218286623447958515957349184968851457
37635240096277356221608661183399466587436218286623447958515957351383992107009
37635240096277356221608661183399466587436218286623447958515957360180085129217
37635240096277356221608661183399466587436218286623447958515957362379108384769
37635240096277356221608661183399466587436218286623447958515957364578131640321
37635240096277356221608661183399466587436218286623447958515957376672759545857
37635240096277356221608661183399466587436218286623447958515957378871782801409
37635240096277356221608661183399466587436218286623447958515957381070806056961
37635240096277356221608661183399466587436218286623447958515957389866899079169
37635240096277356221608661183399466587436218286623447958515957392065922334721
37635240096277356221608661183399466587436218286623447958515957394264945590273
37635240096277356221608661183399466587436218286623447958515957403061038612481
37635240096277356221608661183399466587436218286623447958515957405260061868033
37635240096277356221608661183399466587436218286623447958515957410757620006913
37635240096277356221608661183399466587436218286623447958515957419553713029121
37635240096277356221608661183399466587436218286623447958515957421752736284673
37635240096277356221608661183399466587436218286623447958515957423951759540225
37635240096277356221608661183399466587436218286623447958515957432747852562433
37635240096277356221608661183399466587436218286623447958515957434946875817985
37635240096277356221608661183399466587436218286623447958515957437145899073537
37635240096277356221608661183399466587436218286623447958515957445941992095745
37635240096277356221608661183399466587436218286623447958515957448141015351297
37635240096277356221608661183399466587436218286623447958515957450340038606849
37635240096277356221608661183399466587436218286623447958515957459136131629057
37635240096277356221608661183399466587436218286623447958515957461335154884609
37635240096277356221608661183399466587436218286623447958515957463534178140161
37635240096277356221608661183399466587436218286623447958515957472330271162369
37635240096277356221608661183399466587436218286623447958515957474529294417921
37635240096277356221608661183399466587436218286623447958515957476728317673473
37635240096277356221608661183399466587436218286623447958515957485524410695681
37635240096277356221608661183399466587436218286623447958515957487723433951233
37635240096277356221608661183399466587436218286623447958515957489922457206785
37635240096277356221608661183399466587436218286623447958515957498718550228993
37635240096277356221608661183399466587436218286623447958515957500917573484545
37635240096277356221608661183399466587436218286623447958515957503116596740097
37635240096277356221608661183399466587436218286623447958515957511912689762305
37635240096277356221608661183399466587436218286623447958515957514111713017857
37635240096277356221608661183399466587436218286623447958515957516310736273409
37635240096277356221608661183399466587436218286623447958515957525106829295617
37635240096277356221608661183399466587436218286623447958515957527305852551169
37635240096277356221608661183399466587436218286623447958515957529504875806721
37635240096277356221608661183399466587436218286623447958515957538300968828929
37635240096277356221608661183399466587436218286623447958515957543798526967809
37635240096277356221608661183399466587436218286623447958515957545997550223361
37635240096277356221608661183399466587436218286623447958515957554793643245569
37635240096277356221608661183399466587436218286623447958515957556992666501121
37635240096277356221608661183399466587436218286623447958515957559191689756673
37635240096277356221608661183399466587436218286623447958515957567987782778881
37635240096277356221608661183399466587436218286623447958515957570186806034433
37635240096277356221608661183399466587436218286623447958515957572385829289985
37635240096277356221608661183399466587436218286623447958515957581181922312193
37635240096277356221608661183399466587436218286623447958515957583380945567745
37635240096277356221608661183399466587436218286623447958515957585579968823297
37635240096277356221608661183399466587436218286623447958515957594376061845505
37635240096277356221608661183399466587436218286623447958515957596575085101057
37635240096277356221608661183399466587436218286623447958515957598774108356609
37635240096277356221608661183399466587436218286623447958515957606470689751041
37635240096277356221608661183399466587436218286623447958515957607570201378817
37635240096277356221608661183399466587436218286623447958515957609769224634369
37635240096277356221608661183399466587436218286623447958515957618565317656577
37635240096277356221608661183399466587436218286623447958515957620764340912129
37635240096277356221608661183399466587436218286623447958515957622963364167681
37635240096277356221608661183399466587436218286623447958515957631759457189889
37635240096277356221608661183399466587436218286623447958515957633958480445441
37635240096277356221608661183399466587436218286623447958515957636157503700993
37635240096277356221608661183399466587436218286623447958515957644953596723201
37635240096277356221608661183399466587436218286623447958515957647152619978753
37635240096277356221608661183399466587436218286623447958515957649351643234305
37635240096277356221608661183399466587436218286623447958515957655948713000961
37635240096277356221608661183399466587436218286623447958515957658147736256513
37635240096277356221608661183399466587436218286623447958515957660346759512065
37635240096277356221608661183399466587436218286623447958515957672441387417601
37635240096277356221608661183399466587436218286623447958515957674640410673153
37635240096277356221608661183399466587436218286623447958515957676839433928705
37635240096277356221608661183399466587436218286623447958515957682336992067585
37635240096277356221608661183399466587436218286623447958515957684536015323137
37635240096277356221608661183399466587436218286623447958515957686735038578689
37635240096277356221608661183399466587436218286623447958515957695531131600897
37635240096277356221608661183399466587436218286623447958515957697730154856449
37635240096277356221608661183399466587436218286623447958515957699929178112001
37635240096277356221608661183399466587436218286623447958515957708725271134209
37635240096277356221608661183399466587436218286623447958515957710924294389761
37635240096277356221608661183399466587436218286623447958515957713123317645313
37635240096277356221608661183399466587436218286623447958515957721919410667521
37635240096277356221608661183399466587436218286623447958515957724118433923073
37635240096277356221608661183399466587436218286623447958515957726317457178625
37635240096277356221608661183399466587436218286623447958515957735113550200833
37635240096277356221608661183399466587436218286623447958515957737312573456385
37635240096277356221608661183399466587436218286623447958515957739511596711937
37635240096277356221608661183399466587436218286623447958515957748307689734145
37635240096277356221608661183399466587436218286623447958515957750506712989697
37635240096277356221608661183399466587436218286623447958515957752705736245249
37635240096277356221608661183399466587436218286623447958515957761501829267457
37635240096277356221608661183399466587436218286623447958515957763700852523009
37635240096277356221608661183399466587436218286623447958515957765899875778561
37635240096277356221608661183399466587436218286623447958515957774695968800769
37635240096277356221608661183399466587436218286623447958515957776894992056321
37635240096277356221608661183399466587436218286623447958515957779094015311873
37635240096277356221608661183399466587436218286623447958515957787890108334081
37635240096277356221608661183399466587436218286623447958515957790089131589633
37635240096277356221608661183399466587436218286623447958515957792288154845185
37635240096277356221608661183399466587436218286623447958515957801084247867393
37635240096277356221608661183399466587436218286623447958515957803283271122945
37635240096277356221608661183399466587436218286623447958515957805482294378497
37635240096277356221608661183399466587436218286623447958515957814278387400705
37635240096277356221608661183399466587436218286623447958515957816477410656257
37635240096277356221608661183399466587436218286623447958515957818676433911809
37635240096277356221608661183399466587436218286623447958515957827472526934017
37635240096277356221608661183399466587436218286623447958515957829671550189569
37635240096277356221608661183399466587436218286623447958515957831870573445121
37635240096277356221608661183399466587436218286623447958515957840666666467329
37635240096277356221608661183399466587436218286623447958515957842865689722881
37635240096277356221608661183399466587436218286623447958515957845064712978433
37635240096277356221608661183399466587436218286623447958515957853860806000641
37635240096277356221608661183399466587436218286623447958515957856059829256193
37635240096277356221608661183399466587436218286623447958515957858258852511745
37635240096277356221608661183399466587436218286623447958515957867054945533953
37635240096277356221608661183399466587436218286623447958515957869253968789505
37635240096277356221608661183399466587436218286623447958515957871452992045057
37635240096277356221608661183399466587436218286623447958515957880249085067265
37635240096277356221608661183399466587436218286623447958515957882448108322817
37635240096277356221608661183399466587436218286623447958515957884647131578369
37635240096277356221608661183399466587436218286623447958515957893443224600577
37635240096277356221608661183399466587436218286623447958515957895642247856129
37635240096277356221608661183399466587436218286623447958515957897841271111681
37635240096277356221608661183399466587436218286623447958515957906637364133889
37635240096277356221608661183399466587436218286623447958515957908836387389441
37635240096277356221608661183399466587436218286623447958515957911035410644993
37635240096277356221608661183399466587436218286623447958515957926428573433857
37635240096277356221608661183399466587436218286623447958515957928627596689409
37635240096277356221608661183399466587436218286623447958515957930826619944961
37635240096277356221608661183399466587436218286623447958515957939622712967169
37635240096277356221608661183399466587436218286623447958515957941821736222721
37635240096277356221608661183399466587436218286623447958515957944020759478273
37635240096277356221608661183399466587436218286623447958515957952816852500481
37635240096277356221608661183399466587436218286623447958515957955015875756033
37635240096277356221608661183399466587436218286623447958515957957214899011585
37635240096277356221608661183399466587436218286623447958515957966010992033793
37635240096277356221608661183399466587436218286623447958515957968210015289345
37635240096277356221608661183399466587436218286623447958515957970409038544897
37635240096277356221608661183399466587436218286623447958515957979205131567105
37635240096277356221608661183399466587436218286623447958515957981404154822657
37635240096277356221608661183399466587436218286623447958515957983603178078209
37635240096277356221608661183399466587436218286623447958515957992399271100417
37635240096277356221608661183399466587436218286623447958515957994598294355969
37635240096277356221608661183399466587436218286623447958515957996797317611521
37635240096277356221608661183399466587436218286623447958515958005593410633729
37635240096277356221608661183399466587436218286623447958515958007792433889281
37635240096277356221608661183399466587436218286623447958515958009991457144833
37635240096277356221608661183399466587436218286623447958515958018787550167041
37635240096277356221608661183399466587436218286623447958515958020986573422593
37635240096277356221608661183399466587436218286623447958515958023185596678145
37635240096277356221608661183399466587436218286623447958515958031981689700353
37635240096277356221608661183399466587436218286623447958515958034180712955905
37635240096277356221608661183399466587436218286623447958515958036379736211457
37635240096277356221608661183399466587436218286623447958515958045175829233665
37635240096277356221608661183399466587436218286623447958515958047374852489217
37635240096277356221608661183399466587436218286623447958515958049573875744769
37635240096277356221608661183399466587436218286623447958515958058369968766977
37635240096277356221608661183399466587436218286623447958515958060568992022529
37635240096277356221608661183399466587436218286623447958515958062768015278081
37635240096277356221608661183399466587436218286623447958515958071564108300289
37635240096277356221608661183399466587436218286623447958515958073763131555841
37635240096277356221608661183399466587436218286623447958515958075962154811393
37635240096277356221608661183399466587436218286623447958515958084758247833601
37635240096277356221608661183399466587436218286623447958515958086957271089153
37635240096277356221608661183399466587436218286623447958515958089156294344705
37635240096277356221608661183399466587436218286623447958515958097952387366913
37635240096277356221608661183399466587436218286623447958515958100151410622465
37635240096277356221608661183399466587436218286623447958515958102350433878017
37635240096277356221608661183399466587436218286623447958515958111146526900225
37635240096277356221608661183399466587436218286623447958515958113345550155777
37635240096277356221608661183399466587436218286623447958515958115544573411329
37635240096277356221608661183399466587436218286623447958515958124340666433537
37635240096277356221608661183399466587436218286623447958515958126539689689089
37635240096277356221608661183399466587436218286623447958515958128738712944641
37635240096277356221608661183399466587436218286623447958515958137534805966849
37635240096277356221608661183399466587436218286623447958515958139733829222401
37635240096277356221608661183399466587436218286623447958515958141932852477953
37635240096277356221608661183399466587436218286623447958515958150728945500161
37635240096277356221608661183399466587436218286623447958515958152927968755713
37635240096277356221608661183399466587436218286623447958515958155126992011265
37635240096277356221608661183399466587436218286623447958515958163923085033473
37635240096277356221608661183399466587436218286623447958515958166122108289025
37635240096277356221608661183399466587436218286623447958515958168321131544577
37635240096277356221608661183399466587436218286623447958515958177117224566785
37635240096277356221608661183399466587436218286623447958515958179316247822337
37635240096277356221608661183399466587436218286623447958515958181515271077889
37635240096277356221608661183399466587436218286623447958515958190311364100097
37635240096277356221608661183399466587436218286623447958515958192510387355649
37635240096277356221608661183399466587436218286623447958515958194709410611201
37635240096277356221608661183399466587436218286623447958515958203505503633409
37635240096277356221608661183399466587436218286623447958515958205704526888961
37635240096277356221608661183399466587436218286623447958515958207903550144513
37635240096277356221608661183399466587436218286623447958515958216699643166721
37635240096277356221608661183399466587436218286623447958515958218898666422273
37635240096277356221608661183399466587436218286623447958515958221097689677825
37635240096277356221608661183399466587436218286623447958515958229893782700033
37635240096277356221608661183399466587436218286623447958515958232092805955585
37635240096277356221608661183399466587436218286623447958515958234291829211137
37635240096277356221608661183399466587436218286623447958515958243087922233345
37635240096277356221608661183399466587436218286623447958515958245286945488897
37635240096277356221608661183399466587436218286623447958515958247485968744449
37635240096277356221608661183399466587436218286623447958515958256282061766657
37635240096277356221608661183399466587436218286623447958515958258481085022209
37635240096277356221608661183399466587436218286623447958515958260680108277761
37635240096277356221608661183399466587436218286623447958515958269476201299969
37635240096277356221608661183399466587436218286623447958515958271675224555521
37635240096277356221608661183399466587436218286623447958515958273874247811073
37635240096277356221608661183399466587436218286623447958515958282670340833281
37635240096277356221608661183399466587436218286623447958515958284869364088833
37635240096277356221608661183399466587436218286623447958515958287068387344385
37635240096277356221608661183399466587436218286623447958515958295864480366593
37635240096277356221608661183399466587436218286623447958515958298063503622145
37635240096277356221608661183399466587436218286623447958515958300262526877697
37635240096277356221608661183399466587436218286623447958515958309058619899905
37635240096277356221608661183399466587436218286623447958515958311257643155457
37635240096277356221608661183399466587436218286623447958515958313456666411009
37635240096277356221608661183399466587436218286623447958515958322252759433217
37635240096277356221608661183399466587436218286623447958515958324451782688769
37635240096277356221608661183399466587436218286623447958515958326650805944321
37635240096277356221608661183399466587436218286623447958515958335446898966529
37635240096277356221608661183399466587436218286623447958515958337645922222081
37635240096277356221608661183399466587436218286623447958515958339844945477633
37635240096277356221608661183399466587436218286623447958515958348641038499841
37635240096277356221608661183399466587436218286623447958515958350840061755393
37635240096277356221608661183399466587436218286623447958515958353039085010945
37635240096277356221608661183399466587436218286623447958515958361835178033153
37635240096277356221608661183399466587436218286623447958515958364034201288705
37635240096277356221608661183399466587436218286623447958515958366233224544257
37635240096277356221608661183399466587436218286623447958515958375029317566465
37635240096277356221608661183399466587436218286623447958515958377228340822017
37635240096277356221608661183399466587436218286623447958515958379427364077569
37635240096277356221608661183399466587436218286623447958515958388223457099777
37635240096277356221608661183399466587436218286623447958515958390422480355329
37635240096277356221608661183399466587436218286623447958515958392621503610881
37635240096277356221608661183399466587436218286623447958515958401417596633089
37635240096277356221608661183399466587436218286623447958515958403616619888641
37635240096277356221608661183399466587436218286623447958515958405815643144193
37635240096277356221608661183399466587436218286623447958515958414611736166401
37635240096277356221608661183399466587436218286623447958515958416810759421953
37635240096277356221608661183399466587436218286623447958515958419009782677505
37635240096277356221608661183399466587436218286623447958515958427805875699713
37635240096277356221608661183399466587436218286623447958515958430004898955265
37635240096277356221608661183399466587436218286623447958515958432203922210817
37635240096277356221608661183399466587436218286623447958515958441000015233025
37635240096277356221608661183399466587436218286623447958515958443199038488577
37635240096277356221608661183399466587436218286623447958515958445398061744129
37635240096277356221608661183399466587436218286623447958515958454194154766337
37635240096277356221608661183399466587436218286623447958515958456393178021889
37635240096277356221608661183399466587436218286623447958515958458592201277441
37635240096277356221608661183399466587436218286623447958515958467388294299649
37635240096277356221608661183399466587436218286623447958515958469587317555201
37635240096277356221608661183399466587436218286623447958515958471786340810753
37635240096277356221608661183399466587436218286623447958515958480582433832961
37635240096277356221608661183399466587436218286623447958515958482781457088513
37635240096277356221608661183399466587436218286623447958515958484980480344065
37635240096277356221608661183399466587436218286623447958515958493776573366273
37635240096277356221608661183399466587436218286623447958515958495975596621825
37635240096277356221608661183399466587436218286623447958515958498174619877377
37635240096277356221608661183399466587436218286623447958515958506970712899585
37635240096277356221608661183399466587436218286623447958515958509169736155137
37635240096277356221608661183399466587436218286623447958515958511368759410689
37635240096277356221608661183399466587436218286623447958515958520164852432897
37635240096277356221608661183399466587436218286623447958515958522363875688449
37635240096277356221608661183399466587436218286623447958515958524562898944001
37635240096277356221608661183399466587436218286623447958515958533358991966209
37635240096277356221608661183399466587436218286623447958515958535558015221761
37635240096277356221608661183399466587436218286623447958515958537757038477313
37635240096277356221608661183399466587436218286623447958515958546553131499521
37635240096277356221608661183399466587436218286623447958515958548752154755073
37635240096277356221608661183399466587436218286623447958515958550951178010625
37635240096277356221608661183399466587436218286623447958515958559747271032833
37635240096277356221608661183399466587436218286623447958515958561946294288385
37635240096277356221608661183399466587436218286623447958515958564145317543937
37635240096277356221608661183399466587436218286623447958515958572941410566145
37635240096277356221608661183399466587436218286623447958515958575140433821697
37635240096277356221608661183399466587436218286623447958515958577339457077249
37635240096277356221608661183399466587436218286623447958515958586135550099457
37635240096277356221608661183399466587436218286623447958515958588334573355009
37635240096277356221608661183399466587436218286623447958515958590533596610561
37635240096277356221608661183399466587436218286623447958515958599329689632769
37635240096277356221608661183399466587436218286623447958515958601528712888321
37635240096277356221608661183399466587436218286623447958515958603727736143873
37635240096277356221608661183399466587436218286623447958515958612523829166081
37635240096277356221608661183399466587436218286623447958515958614722852421633
37635240096277356221608661183399466587436218286623447958515958616921875677185
37635240096277356221608661183399466587436218286623447958515958625717968699393
37635240096277356221608661183399466587436218286623447958515958627916991954945
37635240096277356221608661183399466587436218286623447958515958630116015210497
37635240096277356221608661183399466587436218286623447958515958638912108232705
37635240096277356221608661183399466587436218286623447958515958641111131488257
37635240096277356221608661183399466587436218286623447958515958643310154743809
37635240096277356221608661183399466587436218286623447958515958652106247766017
37635240096277356221608661183399466587436218286623447958515958654305271021569
37635240096277356221608661183399466587436218286623447958515958656504294277121
37635240096277356221608661183399466587436218286623447958515958665300387299329
37635240096277356221608661183399466587436218286623447958515958667499410554881
37635240096277356221608661183399466587436218286623447958515958669698433810433
37635240096277356221608661183399466587436218286623447958515958678494526832641
37635240096277356221608661183399466587436218286623447958515958680693550088193
37635240096277356221608661183399466587436218286623447958515958682892573343745
37635240096277356221608661183399466587436218286623447958515958691688666365953
37635240096277356221608661183399466587436218286623447958515958693887689621505
37635240096277356221608661183399466587436218286623447958515958696086712877057
37635240096277356221608661183399466587436218286623447958515958704882805899265
37635240096277356221608661183399466587436218286623447958515958707081829154817
37635240096277356221608661183399466587436218286623447958515958709280852410369
37635240096277356221608661183399466587436218286623447958515958718076945432577
37635240096277356221608661183399466587436218286623447958515958720275968688129
37635240096277356221608661183399466587436218286623447958515958722474991943681
37635240096277356221608661183399466587436218286623447958515958731271084965889
37635240096277356221608661183399466587436218286623447958515958733470108221441
37635240096277356221608661183399466587436218286623447958515958735669131476993
37635240096277356221608661183399466587436218286623447958515958744465224499201
37635240096277356221608661183399466587436218286623447958515958746664247754753
37635240096277356221608661183399466587436218286623447958515958748863271010305
37635240096277356221608661183399466587436218286623447958515958757659364032513
37635240096277356221608661183399466587436218286623447958515958759858387288065
37635240096277356221608661183399466587436218286623447958515958762057410543617
37635240096277356221608661183399466587436218286623447958515958770853503565825
37635240096277356221608661183399466587436218286623447958515958773052526821377
37635240096277356221608661183399466587436218286623447958515958775251550076929
37635240096277356221608661183399466587436218286623447958515958784047643099137
37635240096277356221608661183399466587436218286623447958515958786246666354689
37635240096277356221608661183399466587436218286623447958515958788445689610241
37635240096277356221608661183399466587436218286623447958515958797241782632449
37635240096277356221608661183399466587436218286623447958515958799440805888001
37635240096277356221608661183399466587436218286623447958515958801639829143553
37635240096277356221608661183399466587436218286623447958515958810435922165761
37635240096277356221608661183399466587436218286623447958515958812634945421313
37635240096277356221608661183399466587436218286623447958515958814833968676865
37635240096277356221608661183399466587436218286623447958515958823630061699073
37635240096277356221608661183399466587436218286623447958515958825829084954625
37635240096277356221608661183399466587436218286623447958515958828028108210177
37635240096277356221608661183399466587436218286623447958515958836824201232385
37635240096277356221608661183399466587436218286623447958515958839023224487937
37635240096277356221608661183399466587436218286623447958515958841222247743489
37635240096277356221608661183399466587436218286623447958515958850018340765697
37635240096277356221608661183399466587436218286623447958515958852217364021249
37635240096277356221608661183399466587436218286623447958515958854416387276801
37635240096277356221608661183399466587436218286623447958515958863212480299009
37635240096277356221608661183399466587436218286623447958515958865411503554561
37635240096277356221608661183399466587436218286623447958515958867610526810113
37635240096277356221608661183399466587436218286623447958515958876406619832321
37635240096277356221608661183399466587436218286623447958515958878605643087873
37635240096277356221608661183399466587436218286623447958515958880804666343425
37635240096277356221608661183399466587436218286623447958515958889600759365633
37635240096277356221608661183399466587436218286623447958515958891799782621185
37635240096277356221608661183399466587436218286623447958515958893998805876737
37635240096277356221608661183399466587436218286623447958515958902794898898945
37635240096277356221608661183399466587436218286623447958515958904993922154497
37635240096277356221608661183399466587436218286623447958515958907192945410049
37635240096277356221608661183399466587436218286623447958515958915989038432257
37635240096277356221608661183399466587436218286623447958515958918188061687809
37635240096277356221608661183399466587436218286623447958515958920387084943361
37635240096277356221608661183399466587436218286623447958515958929183177965569
37635240096277356221608661183399466587436218286623447958515958931382201221121
37635240096277356221608661183399466587436218286623447958515958933581224476673
37635240096277356221608661183399466587436218286623447958515958942377317498881
37635240096277356221608661183399466587436218286623447958515958944576340754433
37635240096277356221608661183399466587436218286623447958515958945675852382209
37635240096277356221608661183399466587436218286623447958515958952272922148865
37635240096277356221608661183399466587436218286623447958515958954471945404417
37635240096277356221608661183399466587436218286623447958515958956670968659969
37635240096277356221608661183399466587436218286623447958515958965467061682177
37635240096277356221608661183399466587436218286623447958515958967666084937729
37635240096277356221608661183399466587436218286623447958515958969865108193281
37635240096277356221608661183399466587436218286623447958515958978661201215489
37635240096277356221608661183399466587436218286623447958515958980860224471041
37635240096277356221608661183399466587436218286623447958515958983059247726593
37635240096277356221608661183399466587436218286623447958515958991855340748801
37635240096277356221608661183399466587436218286623447958515958994054364004353
37635240096277356221608661183399466587436218286623447958515958996253387259905
37635240096277356221608661183399466587436218286623447958515959005049480282113
37635240096277356221608661183399466587436218286623447958515959007248503537665
37635240096277356221608661183399466587436218286623447958515959009447526793217
37635240096277356221608661183399466587436218286623447958515959018243619815425
37635240096277356221608661183399466587436218286623447958515959020442643070977
37635240096277356221608661183399466587436218286623447958515959022641666326529
37635240096277356221608661183399466587436218286623447958515959031437759348737
37635240096277356221608661183399466587436218286623447958515959033636782604289
37635240096277356221608661183399466587436218286623447958515959035835805859841
37635240096277356221608661183399466587436218286623447958515959044631898882049
37635240096277356221608661183399466587436218286623447958515959046830922137601
37635240096277356221608661183399466587436218286623447958515959049029945393153
37635240096277356221608661183399466587436218286623447958515959057826038415361
37635240096277356221608661183399466587436218286623447958515959060025061670913
37635240096277356221608661183399466587436218286623447958515959062224084926465
37635240096277356221608661183399466587436218286623447958515959071020177948673
37635240096277356221608661183399466587436218286623447958515959073219201204225
37635240096277356221608661183399466587436218286623447958515959075418224459777
37635240096277356221608661183399466587436218286623447958515959084214317481985
37635240096277356221608661183399466587436218286623447958515959086413340737537
37635240096277356221608661183399466587436218286623447958515959088612363993089
37635240096277356221608661183399466587436218286623447958515959097408457015297
37635240096277356221608661183399466587436218286623447958515959099607480270849
37635240096277356221608661183399466587436218286623447958515959101806503526401
37635240096277356221608661183399466587436218286623447958515959110602596548609
37635240096277356221608661183399466587436218286623447958515959112801619804161
37635240096277356221608661183399466587436218286623447958515959115000643059713
37635240096277356221608661183399466587436218286623447958515959123796736081921
37635240096277356221608661183399466587436218286623447958515959125995759337473
37635240096277356221608661183399466587436218286623447958515959128194782593025
37635240096277356221608661183399466587436218286623447958515959139189898870785
37635240096277356221608661183399466587436218286623447958515959141388922126337
37635240096277356221608661183399466587436218286623447958515959143587945381889
37635240096277356221608661183399466587436218286623447958515959152384038404097
37635240096277356221608661183399466587436218286623447958515959154583061659649
37635240096277356221608661183399466587436218286623447958515959156782084915201
37635240096277356221608661183399466587436218286623447958515959165578177937409
37635240096277356221608661183399466587436218286623447958515959167777201192961
37635240096277356221608661183399466587436218286623447958515959169976224448513
37635240096277356221608661183399466587436218286623447958515959178772317470721
37635240096277356221608661183399466587436218286623447958515959180971340726273
37635240096277356221608661183399466587436218286623447958515959183170363981825
37635240096277356221608661183399466587436218286623447958515959191966457004033
37635240096277356221608661183399466587436218286623447958515959194165480259585
37635240096277356221608661183399466587436218286623447958515959196364503515137
37635240096277356221608661183399466587436218286623447958515959205160596537345
37635240096277356221608661183399466587436218286623447958515959207359619792897
37635240096277356221608661183399466587436218286623447958515959209558643048449
37635240096277356221608661183399466587436218286623447958515959218354736070657
37635240096277356221608661183399466587436218286623447958515959220553759326209
37635240096277356221608661183399466587436218286623447958515959222752782581761
37635240096277356221608661183399466587436218286623447958515959231548875603969
37635240096277356221608661183399466587436218286623447958515959233747898859521
37635240096277356221608661183399466587436218286623447958515959235946922115073
37635240096277356221608661183399466587436218286623447958515959244743015137281
37635240096277356221608661183399466587436218286623447958515959246942038392833
37635240096277356221608661183399466587436218286623447958515959249141061648385
37635240096277356221608661183399466587436218286623447958515959257937154670593
37635240096277356221608661183399466587436218286623447958515959260136177926145
37635240096277356221608661183399466587436218286623447958515959262335201181697
37635240096277356221608661183399466587436218286623447958515959271131294203905
37635240096277356221608661183399466587436218286623447958515959273330317459457
37635240096277356221608661183399466587436218286623447958515959275529340715009
37635240096277356221608661183399466587436218286623447958515959284325433737217
37635240096277356221608661183399466587436218286623447958515959286524456992769
37635240096277356221608661183399466587436218286623447958515959288723480248321
37635240096277356221608661183399466587436218286623447958515959297519573270529
37635240096277356221608661183399466587436218286623447958515959299718596526081
37635240096277356221608661183399466587436218286623447958515959301917619781633
37635240096277356221608661183399466587436218286623447958515959310713712803841
37635240096277356221608661183399466587436218286623447958515959312912736059393
37635240096277356221608661183399466587436218286623447958515959315111759314945
37635240096277356221608661183399466587436218286623447958515959323907852337153
37635240096277356221608661183399466587436218286623447958515959326106875592705
37635240096277356221608661183399466587436218286623447958515959328305898848257
37635240096277356221608661183399466587436218286623447958515959337101991870465
37635240096277356221608661183399466587436218286623447958515959339301015126017
37635240096277356221608661183399466587436218286623447958515959341500038381569
37635240096277356221608661183399466587436218286623447958515959350296131403777
37635240096277356221608661183399466587436218286623447958515959352495154659329
37635240096277356221608661183399466587436218286623447958515959354694177914881
37635240096277356221608661183399466587436218286623447958515959363490270937089
37635240096277356221608661183399466587436218286623447958515959365689294192641
37635240096277356221608661183399466587436218286623447958515959367888317448193
37635240096277356221608661183399466587436218286623447958515959376684410470401
37635240096277356221608661183399466587436218286623447958515959378883433725953
37635240096277356221608661183399466587436218286623447958515959381082456981505
37635240096277356221608661183399466587436218286623447958515959389878550003713
37635240096277356221608661183399466587436218286623447958515959392077573259265
37635240096277356221608661183399466587436218286623447958515959394276596514817
37635240096277356221608661183399466587436218286623447958515959403072689537025
37635240096277356221608661183399466587436218286623447958515959405271712792577
37635240096277356221608661183399466587436218286623447958515959407470736048129
37635240096277356221608661183399466587436218286623447958515959416266829070337
37635240096277356221608661183399466587436218286623447958515959418465852325889
37635240096277356221608661183399466587436218286623447958515959420664875581441
37635240096277356221608661183399466587436218286623447958515959429460968603649
37635240096277356221608661183399466587436218286623447958515959431659991859201
37635240096277356221608661183399466587436218286623447958515959433859015114753
37635240096277356221608661183399466587436218286623447958515959442655108136961
37635240096277356221608661183399466587436218286623447958515959444854131392513
37635240096277356221608661183399466587436218286623447958515959447053154648065
37635240096277356221608661183399466587436218286623447958515959455849247670273
37635240096277356221608661183399466587436218286623447958515959458048270925825
37635240096277356221608661183399466587436218286623447958515959460247294181377
37635240096277356221608661183399466587436218286623447958515959469043387203585
37635240096277356221608661183399466587436218286623447958515959471242410459137
37635240096277356221608661183399466587436218286623447958515959473441433714689
37635240096277356221608661183399466587436218286623447958515959482237526736897
37635240096277356221608661183399466587436218286623447958515959484436549992449
37635240096277356221608661183399466587436218286623447958515959486635573248001
37635240096277356221608661183399466587436218286623447958515959495431666270209
37635240096277356221608661183399466587436218286623447958515959497630689525761
37635240096277356221608661183399466587436218286623447958515959499829712781313
37635240096277356221608661183399466587436218286623447958515959508625805803521
37635240096277356221608661183399466587436218286623447958515959510824829059073
37635240096277356221608661183399466587436218286623447958515959513023852314625
37635240096277356221608661183399466587436218286623447958515959521819945336833
37635240096277356221608661183399466587436218286623447958515959524018968592385
37635240096277356221608661183399466587436218286623447958515959526217991847937
37635240096277356221608661183399466587436218286623447958515959535014084870145
37635240096277356221608661183399466587436218286623447958515959537213108125697
37635240096277356221608661183399466587436218286623447958515959539412131381249
37635240096277356221608661183399466587436218286623447958515959548208224403457
37635240096277356221608661183399466587436218286623447958515959550407247659009
37635240096277356221608661183399466587436218286623447958515959552606270914561
37635240096277356221608661183399466587436218286623447958515959561402363936769
37635240096277356221608661183399466587436218286623447958515959563601387192321
37635240096277356221608661183399466587436218286623447958515959565800410447873
37635240096277356221608661183399466587436218286623447958515959574596503470081
37635240096277356221608661183399466587436218286623447958515959576795526725633
37635240096277356221608661183399466587436218286623447958515959578994549981185
37635240096277356221608661183399466587436218286623447958515959587790643003393
37635240096277356221608661183399466587436218286623447958515959589989666258945
37635240096277356221608661183399466587436218286623447958515959592188689514497
37635240096277356221608661183399466587436218286623447958515959600984782536705
37635240096277356221608661183399466587436218286623447958515959603183805792257
37635240096277356221608661183399466587436218286623447958515959605382829047809
37635240096277356221608661183399466587436218286623447958515959617477456953345
37635240096277356221608661183399466587436218286623447958515959619676480208897
37635240096277356221608661183399466587436218286623447958515959621875503464449
37635240096277356221608661183399466587436218286623447958515959630671596486657
37635240096277356221608661183399466587436218286623447958515959632870619742209
37635240096277356221608661183399466587436218286623447958515959635069642997761
37635240096277356221608661183399466587436218286623447958515959643865736019969
37635240096277356221608661183399466587436218286623447958515959646064759275521
37635240096277356221608661183399466587436218286623447958515959648263782531073
37635240096277356221608661183399466587436218286623447958515959657059875553281
37635240096277356221608661183399466587436218286623447958515959659258898808833
37635240096277356221608661183399466587436218286623447958515959661457922064385
37635240096277356221608661183399466587436218286623447958515959670254015086593
37635240096277356221608661183399466587436218286623447958515959672453038342145
37635240096277356221608661183399466587436218286623447958515959674652061597697
37635240096277356221608661183399466587436218286623447958515959683448154619905
37635240096277356221608661183399466587436218286623447958515959685647177875457
37635240096277356221608661183399466587436218286623447958515959687846201131009
37635240096277356221608661183399466587436218286623447958515959696642294153217
37635240096277356221608661183399466587436218286623447958515959698841317408769
37635240096277356221608661183399466587436218286623447958515959701040340664321
37635240096277356221608661183399466587436218286623447958515959709836433686529
37635240096277356221608661183399466587436218286623447958515959712035456942081
37635240096277356221608661183399466587436218286623447958515959714234480197633
37635240096277356221608661183399466587436218286623447958515959723030573219841
37635240096277356221608661183399466587436218286623447958515959726329108103169
37635240096277356221608661183399466587436218286623447958515959728528131358721
37635240096277356221608661183399466587436218286623447958515959737324224380929
37635240096277356221608661183399466587436218286623447958515959739523247636481
37635240096277356221608661183399466587436218286623447958515959741722270892033
37635240096277356221608661183399466587436218286623447958515959750518363914241
37635240096277356221608661183399466587436218286623447958515959752717387169793
37635240096277356221608661183399466587436218286623447958515959754916410425345
37635240096277356221608661183399466587436218286623447958515959763712503447553
37635240096277356221608661183399466587436218286623447958515959765911526703105
37635240096277356221608661183399466587436218286623447958515959768110549958657
37635240096277356221608661183399466587436218286623447958515959776906642980865
37635240096277356221608661183399466587436218286623447958515959779105666236417
37635240096277356221608661183399466587436218286623447958515959781304689491969
37635240096277356221608661183399466587436218286623447958515959790100782514177
37635240096277356221608661183399466587436218286623447958515959792299805769729
37635240096277356221608661183399466587436218286623447958515959793399317397505
37635240096277356221608661183399466587436218286623447958515959801095898791937
37635240096277356221608661183399466587436218286623447958515959803294922047489
37635240096277356221608661183399466587436218286623447958515959805493945303041
37635240096277356221608661183399466587436218286623447958515959816489061580801
37635240096277356221608661183399466587436218286623447958515959818688084836353
37635240096277356221608661183399466587436218286623447958515959820887108091905
37635240096277356221608661183399466587436218286623447958515959829683201114113
37635240096277356221608661183399466587436218286623447958515959831882224369665
37635240096277356221608661183399466587436218286623447958515959834081247625217
37635240096277356221608661183399466587436218286623447958515959842877340647425
37635240096277356221608661183399466587436218286623447958515959845076363902977
37635240096277356221608661183399466587436218286623447958515959847275387158529
37635240096277356221608661183399466587436218286623447958515959856071480180737
37635240096277356221608661183399466587436218286623447958515959858270503436289
37635240096277356221608661183399466587436218286623447958515959860469526691841
37635240096277356221608661183399466587436218286623447958515959869265619714049
37635240096277356221608661183399466587436218286623447958515959871464642969601
37635240096277356221608661183399466587436218286623447958515959873663666225153
37635240096277356221608661183399466587436218286623447958515959882459759247361
37635240096277356221608661183399466587436218286623447958515959884658782502913
37635240096277356221608661183399466587436218286623447958515959886857805758465
37635240096277356221608661183399466587436218286623447958515959895653898780673
37635240096277356221608661183399466587436218286623447958515959896753410408449
37635240096277356221608661183399466587436218286623447958515959898952433664001
37635240096277356221608661183399466587436218286623447958515959908848038313985
37635240096277356221608661183399466587436218286623447958515959911047061569537
37635240096277356221608661183399466587436218286623447958515959913246084825089
37635240096277356221608661183399466587436218286623447958515959922042177847297
37635240096277356221608661183399466587436218286623447958515959924241201102849
37635240096277356221608661183399466587436218286623447958515959926440224358401
37635240096277356221608661183399466587436218286623447958515959935236317380609
37635240096277356221608661183399466587436218286623447958515959937435340636161
37635240096277356221608661183399466587436218286623447958515959939634363891713
37635240096277356221608661183399466587436218286623447958515959948430456913921
37635240096277356221608661183399466587436218286623447958515959950629480169473
37635240096277356221608661183399466587436218286623447958515959952828503425025
37635240096277356221608661183399466587436218286623447958515959961624596447233
37635240096277356221608661183399466587436218286623447958515959963823619702785
37635240096277356221608661183399466587436218286623447958515959966022642958337
37635240096277356221608661183399466587436218286623447958515959974818735980545
37635240096277356221608661183399466587436218286623447958515959977017759236097
37635240096277356221608661183399466587436218286623447958515959979216782491649
37635240096277356221608661183399466587436218286623447958515959988012875513857
37635240096277356221608661183399466587436218286623447958515959990211898769409
37635240096277356221608661183399466587436218286623447958515959992410922024961
37635240096277356221608661183399466587436218286623447958515960001207015047169
37635240096277356221608661183399466587436218286623447958515960003406038302721
37635240096277356221608661183399466587436218286623447958515960005605061558273
37635240096277356221608661183399466587436218286623447958515960014401154580481
37635240096277356221608661183399466587436218286623447958515960016600177836033
37635240096277356221608661183399466587436218286623447958515960018799201091585
37635240096277356221608661183399466587436218286623447958515960027595294113793
37635240096277356221608661183399466587436218286623447958515960029794317369345
37635240096277356221608661183399466587436218286623447958515960031993340624897
37635240096277356221608661183399466587436218286623447958515960040789433647105
37635240096277356221608661183399466587436218286623447958515960042988456902657
37635240096277356221608661183399466587436218286623447958515960045187480158209
37635240096277356221608661183399466587436218286623447958515960053983573180417
37635240096277356221608661183399466587436218286623447958515960056182596435969
37635240096277356221608661183399466587436218286623447958515960058381619691521
37635240096277356221608661183399466587436218286623447958515960067177712713729
37635240096277356221608661183399466587436218286623447958515960069376735969281
37635240096277356221608661183399466587436218286623447958515960071575759224833
37635240096277356221608661183399466587436218286623447958515960080371852247041
37635240096277356221608661183399466587436218286623447958515960082570875502593
37635240096277356221608661183399466587436218286623447958515960084769898758145
37635240096277356221608661183399466587436218286623447958515960093565991780353
37635240096277356221608661183399466587436218286623447958515960097964038291457
37635240096277356221608661183399466587436218286623447958515960100163061547009
37635240096277356221608661183399466587436218286623447958515960108959154569217
37635240096277356221608661183399466587436218286623447958515960111158177824769
37635240096277356221608661183399466587436218286623447958515960113357201080321
37635240096277356221608661183399466587436218286623447958515960122153294102529
37635240096277356221608661183399466587436218286623447958515960124352317358081
37635240096277356221608661183399466587436218286623447958515960126551340613633
37635240096277356221608661183399466587436218286623447958515960135347433635841
37635240096277356221608661183399466587436218286623447958515960137546456891393
37635240096277356221608661183399466587436218286623447958515960139745480146945
37635240096277356221608661183399466587436218286623447958515960148541573169153
37635240096277356221608661183399466587436218286623447958515960150740596424705
37635240096277356221608661183399466587436218286623447958515960152939619680257
37635240096277356221608661183399466587436218286623447958515960161735712702465
37635240096277356221608661183399466587436218286623447958515960163934735958017
37635240096277356221608661183399466587436218286623447958515960166133759213569
37635240096277356221608661183399466587436218286623447958515960174929852235777
37635240096277356221608661183399466587436218286623447958515960177128875491329
37635240096277356221608661183399466587436218286623447958515960179327898746881
37635240096277356221608661183399466587436218286623447958515960188123991769089
37635240096277356221608661183399466587436218286623447958515960190323015024641
37635240096277356221608661183399466587436218286623447958515960192522038280193
37635240096277356221608661183399466587436218286623447958515960201318131302401
37635240096277356221608661183399466587436218286623447958515960203517154557953
37635240096277356221608661183399466587436218286623447958515960205716177813505
37635240096277356221608661183399466587436218286623447958515960214512270835713
37635240096277356221608661183399466587436218286623447958515960216711294091265
37635240096277356221608661183399466587436218286623447958515960218910317346817
37635240096277356221608661183399466587436218286623447958515960227706410369025
37635240096277356221608661183399466587436218286623447958515960229905433624577
37635240096277356221608661183399466587436218286623447958515960232104456880129
37635240096277356221608661183399466587436218286623447958515960239801038274561
37635240096277356221608661183399466587436218286623447958515960240900549902337
37635240096277356221608661183399466587436218286623447958515960243099573157889
37635240096277356221608661183399466587436218286623447958515960251895666180097
37635240096277356221608661183399466587436218286623447958515960254094689435649
37635240096277356221608661183399466587436218286623447958515960256293712691201
37635240096277356221608661183399466587436218286623447958515960265089805713409
37635240096277356221608661183399466587436218286623447958515960267288828968961
37635240096277356221608661183399466587436218286623447958515960269487852224513
37635240096277356221608661183399466587436218286623447958515960278283945246721
37635240096277356221608661183399466587436218286623447958515960280482968502273
37635240096277356221608661183399466587436218286623447958515960282681991757825
37635240096277356221608661183399466587436218286623447958515960291478084780033
37635240096277356221608661183399466587436218286623447958515960293677108035585
37635240096277356221608661183399466587436218286623447958515960295876131291137
37635240096277356221608661183399466587436218286623447958515960304672224313345
37635240096277356221608661183399466587436218286623447958515960306871247568897
37635240096277356221608661183399466587436218286623447958515960309070270824449
37635240096277356221608661183399466587436218286623447958515960317866363846657
37635240096277356221608661183399466587436218286623447958515960320065387102209
37635240096277356221608661183399466587436218286623447958515960322264410357761
37635240096277356221608661183399466587436218286623447958515960331060503379969
37635240096277356221608661183399466587436218286623447958515960333259526635521
37635240096277356221608661183399466587436218286623447958515960335458549891073
37635240096277356221608661183399466587436218286623447958515960344254642913281
37635240096277356221608661183399466587436218286623447958515960346453666168833
37635240096277356221608661183399466587436218286623447958515960348652689424385
37635240096277356221608661183399466587436218286623447958515960357448782446593
37635240096277356221608661183399466587436218286623447958515960359647805702145
37635240096277356221608661183399466587436218286623447958515960361846828957697
37635240096277356221608661183399466587436218286623447958515960370642921979905
37635240096277356221608661183399466587436218286623447958515960372841945235457
37635240096277356221608661183399466587436218286623447958515960375040968491009
37635240096277356221608661183399466587436218286623447958515960383837061513217
37635240096277356221608661183399466587436218286623447958515960386036084768769
37635240096277356221608661183399466587436218286623447958515960388235108024321
37635240096277356221608661183399466587436218286623447958515960394832177790977
37635240096277356221608661183399466587436218286623447958515960397031201046529
37635240096277356221608661183399466587436218286623447958515960399230224302081
37635240096277356221608661183399466587436218286623447958515960408026317324289
37635240096277356221608661183399466587436218286623447958515960410225340579841
37635240096277356221608661183399466587436218286623447958515960412424363835393
37635240096277356221608661183399466587436218286623447958515960421220456857601
37635240096277356221608661183399466587436218286623447958515960423419480113153
37635240096277356221608661183399466587436218286623447958515960425618503368705
37635240096277356221608661183399466587436218286623447958515960434414596390913
37635240096277356221608661183399466587436218286623447958515960436613619646465
37635240096277356221608661183399466587436218286623447958515960438812642902017
37635240096277356221608661183399466587436218286623447958515960447608735924225
37635240096277356221608661183399466587436218286623447958515960449807759179777
37635240096277356221608661183399466587436218286623447958515960452006782435329
37635240096277356221608661183399466587436218286623447958515960460802875457537
37635240096277356221608661183399466587436218286623447958515960463001898713089
37635240096277356221608661183399466587436218286623447958515960465200921968641
37635240096277356221608661183399466587436218286623447958515960473997014990849
37635240096277356221608661183399466587436218286623447958515960476196038246401
37635240096277356221608661183399466587436218286623447958515960478395061501953
37635240096277356221608661183399466587436218286623447958515960487191154524161
37635240096277356221608661183399466587436218286623447958515960489390177779713
37635240096277356221608661183399466587436218286623447958515960491589201035265
37635240096277356221608661183399466587436218286623447958515960500385294057473
37635240096277356221608661183399466587436218286623447958515960502584317313025
37635240096277356221608661183399466587436218286623447958515960504783340568577
37635240096277356221608661183399466587436218286623447958515960513579433590785
37635240096277356221608661183399466587436218286623447958515960515778456846337
37635240096277356221608661183399466587436218286623447958515960517977480101889
37635240096277356221608661183399466587436218286623447958515960526773573124097
37635240096277356221608661183399466587436218286623447958515960528972596379649
37635240096277356221608661183399466587436218286623447958515960531171619635201
37635240096277356221608661183399466587436218286623447958515960539967712657409
37635240096277356221608661183399466587436218286623447958515960542166735912961
37635240096277356221608661183399466587436218286623447958515960544365759168513
37635240096277356221608661183399466587436218286623447958515960553161852190721
37635240096277356221608661183399466587436218286623447958515960555360875446273
37635240096277356221608661183399466587436218286623447958515960557559898701825
37635240096277356221608661183399466587436218286623447958515960566355991724033
37635240096277356221608661183399466587436218286623447958515960568555014979585
37635240096277356221608661183399466587436218286623447958515960570754038235137
37635240096277356221608661183399466587436218286623447958515960579550131257345
37635240096277356221608661183399466587436218286623447958515960581749154512897
37635240096277356221608661183399466587436218286623447958515960583948177768449
37635240096277356221608661183399466587436218286623447958515960592744270790657
37635240096277356221608661183399466587436218286623447958515960594943294046209
37635240096277356221608661183399466587436218286623447958515960597142317301761
37635240096277356221608661183399466587436218286623447958515960605938410323969
37635240096277356221608661183399466587436218286623447958515960608137433579521
37635240096277356221608661183399466587436218286623447958515960610336456835073
37635240096277356221608661183399466587436218286623447958515960619132549857281
37635240096277356221608661183399466587436218286623447958515960621331573112833
37635240096277356221608661183399466587436218286623447958515960623530596368385
37635240096277356221608661183399466587436218286623447958515960634525712646145
37635240096277356221608661183399466587436218286623447958515960636724735901697
37635240096277356221608661183399466587436218286623447958515960638923759157249
37635240096277356221608661183399466587436218286623447958515960647719852179457
37635240096277356221608661183399466587436218286623447958515960649918875435009
37635240096277356221608661183399466587436218286623447958515960652117898690561
37635240096277356221608661183399466587436218286623447958515960660913991712769
37635240096277356221608661183399466587436218286623447958515960663113014968321
37635240096277356221608661183399466587436218286623447958515960665312038223873
37635240096277356221608661183399466587436218286623447958515960674108131246081
37635240096277356221608661183399466587436218286623447958515960676307154501633
37635240096277356221608661183399466587436218286623447958515960678506177757185
37635240096277356221608661183399466587436218286623447958515960687302270779393
37635240096277356221608661183399466587436218286623447958515960689501294034945
37635240096277356221608661183399466587436218286623447958515960691700317290497
37635240096277356221608661183399466587436218286623447958515960700496410312705
37635240096277356221608661183399466587436218286623447958515960702695433568257
37635240096277356221608661183399466587436218286623447958515960704894456823809
37635240096277356221608661183399466587436218286623447958515960713690549846017
37635240096277356221608661183399466587436218286623447958515960715889573101569
37635240096277356221608661183399466587436218286623447958515960718088596357121
37635240096277356221608661183399466587436218286623447958515960726884689379329
37635240096277356221608661183399466587436218286623447958515960729083712634881
37635240096277356221608661183399466587436218286623447958515960731282735890433
37635240096277356221608661183399466587436218286623447958515960740078828912641
37635240096277356221608661183399466587436218286623447958515960742277852168193
37635240096277356221608661183399466587436218286623447958515960744476875423745
37635240096277356221608661183399466587436218286623447958515960753272968445953
37635240096277356221608661183399466587436218286623447958515960755471991701505
37635240096277356221608661183399466587436218286623447958515960757671014957057
37635240096277356221608661183399466587436218286623447958515960766467107979265
37635240096277356221608661183399466587436218286623447958515960768666131234817
37635240096277356221608661183399466587436218286623447958515960770865154490369
37635240096277356221608661183399466587436218286623447958515960779661247512577
37635240096277356221608661183399466587436218286623447958515960781860270768129
37635240096277356221608661183399466587436218286623447958515960784059294023681
37635240096277356221608661183399466587436218286623447958515960792855387045889
37635240096277356221608661183399466587436218286623447958515960795054410301441
37635240096277356221608661183399466587436218286623447958515960797253433556993
37635240096277356221608661183399466587436218286623447958515960806049526579201
37635240096277356221608661183399466587436218286623447958515960808248549834753
37635240096277356221608661183399466587436218286623447958515960810447573090305
37635240096277356221608661183399466587436218286623447958515960819243666112513
37635240096277356221608661183399466587436218286623447958515960821442689368065
37635240096277356221608661183399466587436218286623447958515960823641712623617
37635240096277356221608661183399466587436218286623447958515960832437805645825
37635240096277356221608661183399466587436218286623447958515960834636828901377
37635240096277356221608661183399466587436218286623447958515960836835852156929
37635240096277356221608661183399466587436218286623447958515960845631945179137
37635240096277356221608661183399466587436218286623447958515960847830968434689
37635240096277356221608661183399466587436218286623447958515960850029991690241
37635240096277356221608661183399466587436218286623447958515960858826084712449
37635240096277356221608661183399466587436218286623447958515960861025107968001
37635240096277356221608661183399466587436218286623447958515960863224131223553
37635240096277356221608661183399466587436218286623447958515960872020224245761
37635240096277356221608661183399466587436218286623447958515960874219247501313
37635240096277356221608661183399466587436218286623447958515960876418270756865
37635240096277356221608661183399466587436218286623447958515960885214363779073
37635240096277356221608661183399466587436218286623447958515960887413387034625
37635240096277356221608661183399466587436218286623447958515960889612410290177
37635240096277356221608661183399466587436218286623447958515960898408503312385
37635240096277356221608661183399466587436218286623447958515960900607526567937
37635240096277356221608661183399466587436218286623447958515960902806549823489
37635240096277356221608661183399466587436218286623447958515960911602642845697
37635240096277356221608661183399466587436218286623447958515960913801666101249
37635240096277356221608661183399466587436218286623447958515960916000689356801
37635240096277356221608661183399466587436218286623447958515960924796782379009
37635240096277356221608661183399466587436218286623447958515960926995805634561
37635240096277356221608661183399466587436218286623447958515960929194828890113
37635240096277356221608661183399466587436218286623447958515960936891410284545
37635240096277356221608661183399466587436218286623447958515960939090433540097
37635240096277356221608661183399466587436218286623447958515960941289456795649
37635240096277356221608661183399466587436218286623447958515960950085549817857
37635240096277356221608661183399466587436218286623447958515960952284573073409
37635240096277356221608661183399466587436218286623447958515960954483596328961
37635240096277356221608661183399466587436218286623447958515960963279689351169
37635240096277356221608661183399466587436218286623447958515960965478712606721
37635240096277356221608661183399466587436218286623447958515960967677735862273
37635240096277356221608661183399466587436218286623447958515960976473828884481
37635240096277356221608661183399466587436218286623447958515960978672852140033
37635240096277356221608661183399466587436218286623447958515960980871875395585
37635240096277356221608661183399466587436218286623447958515960989667968417793
37635240096277356221608661183399466587436218286623447958515960991866991673345
37635240096277356221608661183399466587436218286623447958515960994066014928897
37635240096277356221608661183399466587436218286623447958515961002862107951105
37635240096277356221608661183399466587436218286623447958515961005061131206657
37635240096277356221608661183399466587436218286623447958515961007260154462209
37635240096277356221608661183399466587436218286623447958515961016056247484417
37635240096277356221608661183399466587436218286623447958515961018255270739969
37635240096277356221608661183399466587436218286623447958515961020454293995521
37635240096277356221608661183399466587436218286623447958515961029250387017729
37635240096277356221608661183399466587436218286623447958515961031449410273281
37635240096277356221608661183399466587436218286623447958515961033648433528833
37635240096277356221608661183399466587436218286623447958515961042444526551041
37635240096277356221608661183399466587436218286623447958515961044643549806593
37635240096277356221608661183399466587436218286623447958515961046842573062145
37635240096277356221608661183399466587436218286623447958515961055638666084353
37635240096277356221608661183399466587436218286623447958515961057837689339905
37635240096277356221608661183399466587436218286623447958515961060036712595457
37635240096277356221608661183399466587436218286623447958515961068832805617665
37635240096277356221608661183399466587436218286623447958515961071031828873217
37635240096277356221608661183399466587436218286623447958515961073230852128769
37635240096277356221608661183399466587436218286623447958515961082026945150977
37635240096277356221608661183399466587436218286623447958515961084225968406529
37635240096277356221608661183399466587436218286623447958515961086424991662081
37635240096277356221608661183399466587436218286623447958515961095221084684289
37635240096277356221608661183399466587436218286623447958515961097420107939841
37635240096277356221608661183399466587436218286623447958515961099619131195393
37635240096277356221608661183399466587436218286623447958515961108415224217601
37635240096277356221608661183399466587436218286623447958515961110614247473153
37635240096277356221608661183399466587436218286623447958515961112813270728705
37635240096277356221608661183399466587436218286623447958515961121609363750913
37635240096277356221608661183399466587436218286623447958515961123808387006465
37635240096277356221608661183399466587436218286623447958515961126007410262017
37635240096277356221608661183399466587436218286623447958515961134803503284225
37635240096277356221608661183399466587436218286623447958515961137002526539777
37635240096277356221608661183399466587436218286623447958515961139201549795329
37635240096277356221608661183399466587436218286623447958515961147997642817537
37635240096277356221608661183399466587436218286623447958515961150196666073089
37635240096277356221608661183399466587436218286623447958515961152395689328641
37635240096277356221608661183399466587436218286623447958515961161191782350849
37635240096277356221608661183399466587436218286623447958515961163390805606401
37635240096277356221608661183399466587436218286623447958515961165589828861953
37635240096277356221608661183399466587436218286623447958515961174385921884161
37635240096277356221608661183399466587436218286623447958515961176584945139713
37635240096277356221608661183399466587436218286623447958515961178783968395265
37635240096277356221608661183399466587436218286623447958515961187580061417473
37635240096277356221608661183399466587436218286623447958515961189779084673025
37635240096277356221608661183399466587436218286623447958515961191978107928577
37635240096277356221608661183399466587436218286623447958515961200774200950785
37635240096277356221608661183399466587436218286623447958515961202973224206337
37635240096277356221608661183399466587436218286623447958515961205172247461889
37635240096277356221608661183399466587436218286623447958515961213968340484097
37635240096277356221608661183399466587436218286623447958515961216167363739649
37635240096277356221608661183399466587436218286623447958515961218366386995201
37635240096277356221608661183399466587436218286623447958515961227162480017409
37635240096277356221608661183399466587436218286623447958515961229361503272961
37635240096277356221608661183399466587436218286623447958515961231560526528513
37635240096277356221608661183399466587436218286623447958515961240356619550721
37635240096277356221608661183399466587436218286623447958515961242555642806273
37635240096277356221608661183399466587436218286623447958515961244754666061825
37635240096277356221608661183399466587436218286623447958515961253550759084033
37635240096277356221608661183399466587436218286623447958515961255749782339585
37635240096277356221608661183399466587436218286623447958515961257948805595137
37635240096277356221608661183399466587436218286623447958515961266744898617345
37635240096277356221608661183399466587436218286623447958515961268943921872897
37635240096277356221608661183399466587436218286623447958515961271142945128449
37635240096277356221608661183399466587436218286623447958515961279939038150657
37635240096277356221608661183399466587436218286623447958515961282138061406209
37635240096277356221608661183399466587436218286623447958515961283237573033985
37635240096277356221608661183399466587436218286623447958515961295332200939521
37635240096277356221608661183399466587436218286623447958515961297531224195073
37635240096277356221608661183399466587436218286623447958515961299730247450625
37635240096277356221608661183399466587436218286623447958515961308526340472833
37635240096277356221608661183399466587436218286623447958515961310725363728385
37635240096277356221608661183399466587436218286623447958515961312924386983937
37635240096277356221608661183399466587436218286623447958515961321720480006145
37635240096277356221608661183399466587436218286623447958515961323919503261697
37635240096277356221608661183399466587436218286623447958515961326118526517249
37635240096277356221608661183399466587436218286623447958515961334914619539457
37635240096277356221608661183399466587436218286623447958515961337113642795009
37635240096277356221608661183399466587436218286623447958515961339312666050561
37635240096277356221608661183399466587436218286623447958515961348108759072769
37635240096277356221608661183399466587436218286623447958515961350307782328321
37635240096277356221608661183399466587436218286623447958515961352506805583873
37635240096277356221608661183399466587436218286623447958515961361302898606081
37635240096277356221608661183399466587436218286623447958515961363501921861633
37635240096277356221608661183399466587436218286623447958515961365700945117185
37635240096277356221608661183399466587436218286623447958515961374497038139393
37635240096277356221608661183399466587436218286623447958515961377795573022721
37635240096277356221608661183399466587436218286623447958515961382193619533825
37635240096277356221608661183399466587436218286623447958515961390989712556033
37635240096277356221608661183399466587436218286623447958515961393188735811585
37635240096277356221608661183399466587436218286623447958515961395387759067137
37635240096277356221608661183399466587436218286623447958515961404183852089345
37635240096277356221608661183399466587436218286623447958515961406382875344897
37635240096277356221608661183399466587436218286623447958515961408581898600449
37635240096277356221608661183399466587436218286623447958515961417377991622657
37635240096277356221608661183399466587436218286623447958515961419577014878209
37635240096277356221608661183399466587436218286623447958515961421776038133761
37635240096277356221608661183399466587436218286623447958515961430572131155969
37635240096277356221608661183399466587436218286623447958515961432771154411521
37635240096277356221608661183399466587436218286623447958515961434970177667073
37635240096277356221608661183399466587436218286623447958515961443766270689281
37635240096277356221608661183399466587436218286623447958515961445965293944833
37635240096277356221608661183399466587436218286623447958515961448164317200385
37635240096277356221608661183399466587436218286623447958515961456960410222593
37635240096277356221608661183399466587436218286623447958515961459159433478145
37635240096277356221608661183399466587436218286623447958515961461358456733697
37635240096277356221608661183399466587436218286623447958515961470154549755905
37635240096277356221608661183399466587436218286623447958515961472353573011457
37635240096277356221608661183399466587436218286623447958515961474552596267009
37635240096277356221608661183399466587436218286623447958515961483348689289217
37635240096277356221608661183399466587436218286623447958515961485547712544769
37635240096277356221608661183399466587436218286623447958515961487746735800321
37635240096277356221608661183399466587436218286623447958515961496542828822529
37635240096277356221608661183399466587436218286623447958515961498741852078081
37635240096277356221608661183399466587436218286623447958515961500940875333633
37635240096277356221608661183399466587436218286623447958515961509736968355841
37635240096277356221608661183399466587436218286623447958515961511935991611393
37635240096277356221608661183399466587436218286623447958515961514135014866945
37635240096277356221608661183399466587436218286623447958515961522931107889153
37635240096277356221608661183399466587436218286623447958515961525130131144705
37635240096277356221608661183399466587436218286623447958515961527329154400257
37635240096277356221608661183399466587436218286623447958515961536125247422465
37635240096277356221608661183399466587436218286623447958515961538324270678017
37635240096277356221608661183399466587436218286623447958515961540523293933569
37635240096277356221608661183399466587436218286623447958515961549319386955777
37635240096277356221608661183399466587436218286623447958515961551518410211329
37635240096277356221608661183399466587436218286623447958515961553717433466881
37635240096277356221608661183399466587436218286623447958515961562513526489089
37635240096277356221608661183399466587436218286623447958515961564712549744641
37635240096277356221608661183399466587436218286623447958515961566911573000193
37635240096277356221608661183399466587436218286623447958515961575707666022401
37635240096277356221608661183399466587436218286623447958515961577906689277953
37635240096277356221608661183399466587436218286623447958515961580105712533505
37635240096277356221608661183399466587436218286623447958515961588901805555713
37635240096277356221608661183399466587436218286623447958515961591100828811265
37635240096277356221608661183399466587436218286623447958515961593299852066817
37635240096277356221608661183399466587436218286623447958515961602095945089025
37635240096277356221608661183399466587436218286623447958515961604294968344577
37635240096277356221608661183399466587436218286623447958515961606493991600129
37635240096277356221608661183399466587436218286623447958515961615290084622337
37635240096277356221608661183399466587436218286623447958515961617489107877889
37635240096277356221608661183399466587436218286623447958515961619688131133441
37635240096277356221608661183399466587436218286623447958515961628484224155649
37635240096277356221608661183399466587436218286623447958515961630683247411201
37635240096277356221608661183399466587436218286623447958515961632882270666753
37635240096277356221608661183399466587436218286623447958515961641678363688961
37635240096277356221608661183399466587436218286623447958515961643877386944513
37635240096277356221608661183399466587436218286623447958515961646076410200065
37635240096277356221608661183399466587436218286623447958515961654872503222273
37635240096277356221608661183399466587436218286623447958515961657071526477825
37635240096277356221608661183399466587436218286623447958515961659270549733377
37635240096277356221608661183399466587436218286623447958515961668066642755585
37635240096277356221608661183399466587436218286623447958515961670265666011137
37635240096277356221608661183399466587436218286623447958515961672464689266689
37635240096277356221608661183399466587436218286623447958515961681260782288897
37635240096277356221608661183399466587436218286623447958515961683459805544449
37635240096277356221608661183399466587436218286623447958515961685658828800001
37635240096277356221608661183399466587436218286623447958515961694454921822209
37635240096277356221608661183399466587436218286623447958515961696653945077761
37635240096277356221608661183399466587436218286623447958515961698852968333313
37635240096277356221608661183399466587436218286623447958515961707649061355521
37635240096277356221608661183399466587436218286623447958515961709848084611073
37635240096277356221608661183399466587436218286623447958515961712047107866625
37635240096277356221608661183399466587436218286623447958515961720843200888833
37635240096277356221608661183399466587436218286623447958515961723042224144385
37635240096277356221608661183399466587436218286623447958515961725241247399937
37635240096277356221608661183399466587436218286623447958515961734037340422145
37635240096277356221608661183399466587436218286623447958515961736236363677697
37635240096277356221608661183399466587436218286623447958515961738435386933249
37635240096277356221608661183399466587436218286623447958515961747231479955457
37635240096277356221608661183399466587436218286623447958515961749430503211009
37635240096277356221608661183399466587436218286623447958515961751629526466561
37635240096277356221608661183399466587436218286623447958515961760425619488769
37635240096277356221608661183399466587436218286623447958515961762624642744321
37635240096277356221608661183399466587436218286623447958515961764823665999873
37635240096277356221608661183399466587436218286623447958515961773619759022081
37635240096277356221608661183399466587436218286623447958515961775818782277633
37635240096277356221608661183399466587436218286623447958515961778017805533185
37635240096277356221608661183399466587436218286623447958515961786813898555393
37635240096277356221608661183399466587436218286623447958515961789012921810945
37635240096277356221608661183399466587436218286623447958515961791211945066497
37635240096277356221608661183399466587436218286623447958515961800008038088705
37635240096277356221608661183399466587436218286623447958515961802207061344257
37635240096277356221608661183399466587436218286623447958515961804406084599809
37635240096277356221608661183399466587436218286623447958515961813202177622017
37635240096277356221608661183399466587436218286623447958515961815401200877569
37635240096277356221608661183399466587436218286623447958515961817600224133121
37635240096277356221608661183399466587436218286623447958515961826396317155329
37635240096277356221608661183399466587436218286623447958515961828595340410881
37635240096277356221608661183399466587436218286623447958515961830794363666433
37635240096277356221608661183399466587436218286623447958515961839590456688641
37635240096277356221608661183399466587436218286623447958515961841789479944193
37635240096277356221608661183399466587436218286623447958515961843988503199745
37635240096277356221608661183399466587436218286623447958515961852784596221953
37635240096277356221608661183399466587436218286623447958515961854983619477505
37635240096277356221608661183399466587436218286623447958515961857182642733057
37635240096277356221608661183399466587436218286623447958515961865978735755265
37635240096277356221608661183399466587436218286623447958515961868177759010817
37635240096277356221608661183399466587436218286623447958515961870376782266369
37635240096277356221608661183399466587436218286623447958515961879172875288577
37635240096277356221608661183399466587436218286623447958515961881371898544129
37635240096277356221608661183399466587436218286623447958515961883570921799681
37635240096277356221608661183399466587436218286623447958515961892367014821889
37635240096277356221608661183399466587436218286623447958515961894566038077441
37635240096277356221608661183399466587436218286623447958515961896765061332993
37635240096277356221608661183399466587436218286623447958515961905561154355201
37635240096277356221608661183399466587436218286623447958515961907760177610753
37635240096277356221608661183399466587436218286623447958515961909959200866305
37635240096277356221608661183399466587436218286623447958515961918755293888513
37635240096277356221608661183399466587436218286623447958515961920954317144065
37635240096277356221608661183399466587436218286623447958515961923153340399617
37635240096277356221608661183399466587436218286623447958515961935247968305153
37635240096277356221608661183399466587436218286623447958515961937446991560705
37635240096277356221608661183399466587436218286623447958515961939646014816257
37635240096277356221608661183399466587436218286623447958515961948442107838465
37635240096277356221608661183399466587436218286623447958515961950641131094017
37635240096277356221608661183399466587436218286623447958515961952840154349569
37635240096277356221608661183399466587436218286623447958515961961636247371777
37635240096277356221608661183399466587436218286623447958515961963835270627329
37635240096277356221608661183399466587436218286623447958515961966034293882881
37635240096277356221608661183399466587436218286623447958515961974830386905089
37635240096277356221608661183399466587436218286623447958515961977029410160641
37635240096277356221608661183399466587436218286623447958515961979228433416193
37635240096277356221608661183399466587436218286623447958515961988024526438401
37635240096277356221608661183399466587436218286623447958515961990223549693953
37635240096277356221608661183399466587436218286623447958515961992422572949505
37635240096277356221608661183399466587436218286623447958515962001218665971713
37635240096277356221608661183399466587436218286623447958515962003417689227265
37635240096277356221608661183399466587436218286623447958515962005616712482817
37635240096277356221608661183399466587436218286623447958515962014412805505025
37635240096277356221608661183399466587436218286623447958515962016611828760577
37635240096277356221608661183399466587436218286623447958515962018810852016129
37635240096277356221608661183399466587436218286623447958515962027606945038337
37635240096277356221608661183399466587436218286623447958515962029805968293889
37635240096277356221608661183399466587436218286623447958515962032004991549441
37635240096277356221608661183399466587436218286623447958515962040801084571649
37635240096277356221608661183399466587436218286623447958515962043000107827201
37635240096277356221608661183399466587436218286623447958515962045199131082753
37635240096277356221608661183399466587436218286623447958515962053995224104961
37635240096277356221608661183399466587436218286623447958515962056194247360513
37635240096277356221608661183399466587436218286623447958515962058393270616065
37635240096277356221608661183399466587436218286623447958515962067189363638273
37635240096277356221608661183399466587436218286623447958515962069388386893825
37635240096277356221608661183399466587436218286623447958515962071587410149377
37635240096277356221608661183399466587436218286623447958515962079283991543809
37635240096277356221608661183399466587436218286623447958515962080383503171585
37635240096277356221608661183399466587436218286623447958515962082582526427137
37635240096277356221608661183399466587436218286623447958515962091378619449345
37635240096277356221608661183399466587436218286623447958515962093577642704897
37635240096277356221608661183399466587436218286623447958515962095776665960449
37635240096277356221608661183399466587436218286623447958515962104572758982657
37635240096277356221608661183399466587436218286623447958515962106771782238209
37635240096277356221608661183399466587436218286623447958515962108970805493761
37635240096277356221608661183399466587436218286623447958515962117766898515969
37635240096277356221608661183399466587436218286623447958515962119965921771521
37635240096277356221608661183399466587436218286623447958515962122164945027073
37635240096277356221608661183399466587436218286623447958515962130961038049281
37635240096277356221608661183399466587436218286623447958515962133160061304833
37635240096277356221608661183399466587436218286623447958515962135359084560385
37635240096277356221608661183399466587436218286623447958515962144155177582593
37635240096277356221608661183399466587436218286623447958515962146354200838145
37635240096277356221608661183399466587436218286623447958515962148553224093697
37635240096277356221608661183399466587436218286623447958515962157349317115905
37635240096277356221608661183399466587436218286623447958515962159548340371457
37635240096277356221608661183399466587436218286623447958515962161747363627009
37635240096277356221608661183399466587436218286623447958515962170543456649217
37635240096277356221608661183399466587436218286623447958515962172742479904769
37635240096277356221608661183399466587436218286623447958515962174941503160321
37635240096277356221608661183399466587436218286623447958515962183737596182529
37635240096277356221608661183399466587436218286623447958515962185936619438081
37635240096277356221608661183399466587436218286623447958515962188135642693633
37635240096277356221608661183399466587436218286623447958515962196931735715841
37635240096277356221608661183399466587436218286623447958515962199130758971393
37635240096277356221608661183399466587436218286623447958515962201329782226945
37635240096277356221608661183399466587436218286623447958515962210125875249153
37635240096277356221608661183399466587436218286623447958515962212324898504705
37635240096277356221608661183399466587436218286623447958515962214523921760257
37635240096277356221608661183399466587436218286623447958515962223320014782465
37635240096277356221608661183399466587436218286623447958515962225519038038017
37635240096277356221608661183399466587436218286623447958515962227718061293569
37635240096277356221608661183399466587436218286623447958515962236514154315777
37635240096277356221608661183399466587436218286623447958515962238713177571329
37635240096277356221608661183399466587436218286623447958515962240912200826881
37635240096277356221608661183399466587436218286623447958515962249708293849089
37635240096277356221608661183399466587436218286623447958515962251907317104641
37635240096277356221608661183399466587436218286623447958515962254106340360193
37635240096277356221608661183399466587436218286623447958515962262902433382401
37635240096277356221608661183399466587436218286623447958515962265101456637953
37635240096277356221608661183399466587436218286623447958515962267300479893505
37635240096277356221608661183399466587436218286623447958515962276096572915713
37635240096277356221608661183399466587436218286623447958515962278295596171265
37635240096277356221608661183399466587436218286623447958515962280494619426817
37635240096277356221608661183399466587436218286623447958515962289290712449025
37635240096277356221608661183399466587436218286623447958515962291489735704577
37635240096277356221608661183399466587436218286623447958515962292589247332353
37635240096277356221608661183399466587436218286623447958515962304683875237889
37635240096277356221608661183399466587436218286623447958515962306882898493441
37635240096277356221608661183399466587436218286623447958515962309081921748993
37635240096277356221608661183399466587436218286623447958515962317878014771201
37635240096277356221608661183399466587436218286623447958515962320077038026753
37635240096277356221608661183399466587436218286623447958515962322276061282305
37635240096277356221608661183399466587436218286623447958515962331072154304513
37635240096277356221608661183399466587436218286623447958515962333271177560065
37635240096277356221608661183399466587436218286623447958515962335470200815617
37635240096277356221608661183399466587436218286623447958515962344266293837825
37635240096277356221608661183399466587436218286623447958515962346465317093377
37635240096277356221608661183399466587436218286623447958515962348664340348929
37635240096277356221608661183399466587436218286623447958515962357460433371137
37635240096277356221608661183399466587436218286623447958515962359659456626689
37635240096277356221608661183399466587436218286623447958515962361858479882241
37635240096277356221608661183399466587436218286623447958515962370654572904449
37635240096277356221608661183399466587436218286623447958515962372853596160001
37635240096277356221608661183399466587436218286623447958515962375052619415553
37635240096277356221608661183399466587436218286623447958515962383848712437761
37635240096277356221608661183399466587436218286623447958515962386047735693313
37635240096277356221608661183399466587436218286623447958515962388246758948865
37635240096277356221608661183399466587436218286623447958515962397042851971073
37635240096277356221608661183399466587436218286623447958515962399241875226625
37635240096277356221608661183399466587436218286623447958515962401440898482177
37635240096277356221608661183399466587436218286623447958515962410236991504385
37635240096277356221608661183399466587436218286623447958515962412436014759937
37635240096277356221608661183399466587436218286623447958515962414635038015489
37635240096277356221608661183399466587436218286623447958515962423431131037697
37635240096277356221608661183399466587436218286623447958515962425630154293249
37635240096277356221608661183399466587436218286623447958515962427829177548801
37635240096277356221608661183399466587436218286623447958515962436625270571009
37635240096277356221608661183399466587436218286623447958515962438824293826561
37635240096277356221608661183399466587436218286623447958515962441023317082113
37635240096277356221608661183399466587436218286623447958515962449819410104321
37635240096277356221608661183399466587436218286623447958515962452018433359873
37635240096277356221608661183399466587436218286623447958515962454217456615425
37635240096277356221608661183399466587436218286623447958515962463013549637633
37635240096277356221608661183399466587436218286623447958515962465212572893185
37635240096277356221608661183399466587436218286623447958515962467411596148737
37635240096277356221608661183399466587436218286623447958515962476207689170945
37635240096277356221608661183399466587436218286623447958515962477307200798721
37635240096277356221608661183399466587436218286623447958515962478406712426497
37635240096277356221608661183399466587436218286623447958515962489401828704257
37635240096277356221608661183399466587436218286623447958515962491600851959809
37635240096277356221608661183399466587436218286623447958515962493799875215361
37635240096277356221608661183399466587436218286623447958515962502595968237569
37635240096277356221608661183399466587436218286623447958515962504794991493121
37635240096277356221608661183399466587436218286623447958515962506994014748673
37635240096277356221608661183399466587436218286623447958515962515790107770881
37635240096277356221608661183399466587436218286623447958515962517989131026433
37635240096277356221608661183399466587436218286623447958515962520188154281985
37635240096277356221608661183399466587436218286623447958515962528984247304193
37635240096277356221608661183399466587436218286623447958515962531183270559745
37635240096277356221608661183399466587436218286623447958515962533382293815297
37635240096277356221608661183399466587436218286623447958515962542178386837505
37635240096277356221608661183399466587436218286623447958515962544377410093057
37635240096277356221608661183399466587436218286623447958515962546576433348609
37635240096277356221608661183399466587436218286623447958515962555372526370817
37635240096277356221608661183399466587436218286623447958515962557571549626369
37635240096277356221608661183399466587436218286623447958515962559770572881921
37635240096277356221608661183399466587436218286623447958515962568566665904129
37635240096277356221608661183399466587436218286623447958515962574064224043009
37635240096277356221608661183399466587436218286623447958515962576263247298561
37635240096277356221608661183399466587436218286623447958515962585059340320769
37635240096277356221608661183399466587436218286623447958515962587258363576321
37635240096277356221608661183399466587436218286623447958515962589457386831873
37635240096277356221608661183399466587436218286623447958515962598253479854081
37635240096277356221608661183399466587436218286623447958515962600452503109633
37635240096277356221608661183399466587436218286623447958515962602651526365185
37635240096277356221608661183399466587436218286623447958515962611447619387393
37635240096277356221608661183399466587436218286623447958515962613646642642945
37635240096277356221608661183399466587436218286623447958515962615845665898497
37635240096277356221608661183399466587436218286623447958515962624641758920705
37635240096277356221608661183399466587436218286623447958515962626840782176257
37635240096277356221608661183399466587436218286623447958515962629039805431809
37635240096277356221608661183399466587436218286623447958515962637835898454017
37635240096277356221608661183399466587436218286623447958515962640034921709569
37635240096277356221608661183399466587436218286623447958515962642233944965121
37635240096277356221608661183399466587436218286623447958515962651030037987329
37635240096277356221608661183399466587436218286623447958515962653229061242881
37635240096277356221608661183399466587436218286623447958515962655428084498433
37635240096277356221608661183399466587436218286623447958515962664224177520641
37635240096277356221608661183399466587436218286623447958515962666423200776193
37635240096277356221608661183399466587436218286623447958515962668622224031745
37635240096277356221608661183399466587436218286623447958515962677418317053953
37635240096277356221608661183399466587436218286623447958515962679617340309505
37635240096277356221608661183399466587436218286623447958515962681816363565057
37635240096277356221608661183399466587436218286623447958515962690612456587265
37635240096277356221608661183399466587436218286623447958515962692811479842817
37635240096277356221608661183399466587436218286623447958515962695010503098369
37635240096277356221608661183399466587436218286623447958515962703806596120577
37635240096277356221608661183399466587436218286623447958515962706005619376129
37635240096277356221608661183399466587436218286623447958515962708204642631681
37635240096277356221608661183399466587436218286623447958515962717000735653889
37635240096277356221608661183399466587436218286623447958515962719199758909441
37635240096277356221608661183399466587436218286623447958515962721398782164993
37635240096277356221608661183399466587436218286623447958515962730194875187201
37635240096277356221608661183399466587436218286623447958515962732393898442753
37635240096277356221608661183399466587436218286623447958515962734592921698305
37635240096277356221608661183399466587436218286623447958515962743389014720513
37635240096277356221608661183399466587436218286623447958515962745588037976065
37635240096277356221608661183399466587436218286623447958515962747787061231617
37635240096277356221608661183399466587436218286623447958515962756583154253825
37635240096277356221608661183399466587436218286623447958515962758782177509377
37635240096277356221608661183399466587436218286623447958515962760981200764929
37635240096277356221608661183399466587436218286623447958515962769777293787137
37635240096277356221608661183399466587436218286623447958515962771976317042689
37635240096277356221608661183399466587436218286623447958515962774175340298241
37635240096277356221608661183399466587436218286623447958515962782971433320449
37635240096277356221608661183399466587436218286623447958515962785170456576001
37635240096277356221608661183399466587436218286623447958515962787369479831553
37635240096277356221608661183399466587436218286623447958515962796165572853761
37635240096277356221608661183399466587436218286623447958515962798364596109313
37635240096277356221608661183399466587436218286623447958515962800563619364865
37635240096277356221608661183399466587436218286623447958515962809359712387073
37635240096277356221608661183399466587436218286623447958515962814857270525953
37635240096277356221608661183399466587436218286623447958515962817056293781505
37635240096277356221608661183399466587436218286623447958515962825852386803713
37635240096277356221608661183399466587436218286623447958515962828051410059265
37635240096277356221608661183399466587436218286623447958515962830250433314817
37635240096277356221608661183399466587436218286623447958515962839046526337025
37635240096277356221608661183399466587436218286623447958515962841245549592577
37635240096277356221608661183399466587436218286623447958515962843444572848129
37635240096277356221608661183399466587436218286623447958515962852240665870337
37635240096277356221608661183399466587436218286623447958515962854439689125889
37635240096277356221608661183399466587436218286623447958515962856638712381441
37635240096277356221608661183399466587436218286623447958515962865434805403649
37635240096277356221608661183399466587436218286623447958515962867633828659201
37635240096277356221608661183399466587436218286623447958515962869832851914753
37635240096277356221608661183399466587436218286623447958515962878628944936961
37635240096277356221608661183399466587436218286623447958515962880827968192513
37635240096277356221608661183399466587436218286623447958515962883026991448065
37635240096277356221608661183399466587436218286623447958515962891823084470273
37635240096277356221608661183399466587436218286623447958515962894022107725825
37635240096277356221608661183399466587436218286623447958515962896221130981377
37635240096277356221608661183399466587436218286623447958515962905017224003585
37635240096277356221608661183399466587436218286623447958515962907216247259137
37635240096277356221608661183399466587436218286623447958515962909415270514689
37635240096277356221608661183399466587436218286623447958515962917111851909121
37635240096277356221608661183399466587436218286623447958515962918211363536897
37635240096277356221608661183399466587436218286623447958515962920410386792449
37635240096277356221608661183399466587436218286623447958515962929206479814657
37635240096277356221608661183399466587436218286623447958515962931405503070209
37635240096277356221608661183399466587436218286623447958515962933604526325761
37635240096277356221608661183399466587436218286623447958515962942400619347969
37635240096277356221608661183399466587436218286623447958515962944599642603521
37635240096277356221608661183399466587436218286623447958515962946798665859073
37635240096277356221608661183399466587436218286623447958515962955594758881281
37635240096277356221608661183399466587436218286623447958515962957793782136833
37635240096277356221608661183399466587436218286623447958515962959992805392385
37635240096277356221608661183399466587436218286623447958515962967689386786817
37635240096277356221608661183399466587436218286623447958515962969888410042369
37635240096277356221608661183399466587436218286623447958515962972087433297921
37635240096277356221608661183399466587436218286623447958515962980883526320129
37635240096277356221608661183399466587436218286623447958515962983082549575681
37635240096277356221608661183399466587436218286623447958515962985281572831233
37635240096277356221608661183399466587436218286623447958515962994077665853441
37635240096277356221608661183399466587436218286623447958515962996276689108993
37635240096277356221608661183399466587436218286623447958515962998475712364545
37635240096277356221608661183399466587436218286623447958515963007271805386753
37635240096277356221608661183399466587436218286623447958515963009470828642305
37635240096277356221608661183399466587436218286623447958515963011669851897857
37635240096277356221608661183399466587436218286623447958515963020465944920065
37635240096277356221608661183399466587436218286623447958515963022664968175617
37635240096277356221608661183399466587436218286623447958515963024863991431169
37635240096277356221608661183399466587436218286623447958515963033660084453377
37635240096277356221608661183399466587436218286623447958515963035859107708929
37635240096277356221608661183399466587436218286623447958515963036958619336705
37635240096277356221608661183399466587436218286623447958515963044655200731137
37635240096277356221608661183399466587436218286623447958515963046854223986689
37635240096277356221608661183399466587436218286623447958515963049053247242241
37635240096277356221608661183399466587436218286623447958515963057849340264449
37635240096277356221608661183399466587436218286623447958515963060048363520001
37635240096277356221608661183399466587436218286623447958515963062247386775553
37635240096277356221608661183399466587436218286623447958515963071043479797761
37635240096277356221608661183399466587436218286623447958515963073242503053313
37635240096277356221608661183399466587436218286623447958515963075441526308865
37635240096277356221608661183399466587436218286623447958515963084237619331073
37635240096277356221608661183399466587436218286623447958515963086436642586625
37635240096277356221608661183399466587436218286623447958515963088635665842177
37635240096277356221608661183399466587436218286623447958515963097431758864385
37635240096277356221608661183399466587436218286623447958515963099630782119937
37635240096277356221608661183399466587436218286623447958515963101829805375489
37635240096277356221608661183399466587436218286623447958515963110625898397697
37635240096277356221608661183399466587436218286623447958515963112824921653249
37635240096277356221608661183399466587436218286623447958515963115023944908801
37635240096277356221608661183399466587436218286623447958515963123820037931009
37635240096277356221608661183399466587436218286623447958515963126019061186561
37635240096277356221608661183399466587436218286623447958515963128218084442113
37635240096277356221608661183399466587436218286623447958515963137014177464321
37635240096277356221608661183399466587436218286623447958515963139213200719873
37635240096277356221608661183399466587436218286623447958515963141412223975425
37635240096277356221608661183399466587436218286623447958515963150208316997633
37635240096277356221608661183399466587436218286623447958515963152407340253185
37635240096277356221608661183399466587436218286623447958515963154606363508737
37635240096277356221608661183399466587436218286623447958515963163402456530945
37635240096277356221608661183399466587436218286623447958515963165601479786497
37635240096277356221608661183399466587436218286623447958515963167800503042049
37635240096277356221608661183399466587436218286623447958515963176596596064257
37635240096277356221608661183399466587436218286623447958515963178795619319809
37635240096277356221608661183399466587436218286623447958515963180994642575361
37635240096277356221608661183399466587436218286623447958515963189790735597569
37635240096277356221608661183399466587436218286623447958515963191989758853121
37635240096277356221608661183399466587436218286623447958515963194188782108673
37635240096277356221608661183399466587436218286623447958515963202984875130881
37635240096277356221608661183399466587436218286623447958515963205183898386433
37635240096277356221608661183399466587436218286623447958515963207382921641985
37635240096277356221608661183399466587436218286623447958515963216179014664193
37635240096277356221608661183399466587436218286623447958515963218378037919745
37635240096277356221608661183399466587436218286623447958515963220577061175297
37635240096277356221608661183399466587436218286623447958515963229373154197505
37635240096277356221608661183399466587436218286623447958515963231572177453057
37635240096277356221608661183399466587436218286623447958515963233771200708609
37635240096277356221608661183399466587436218286623447958515963242567293730817
37635240096277356221608661183399466587436218286623447958515963244766316986369
37635240096277356221608661183399466587436218286623447958515963246965340241921
37635240096277356221608661183399466587436218286623447958515963253562410008577
37635240096277356221608661183399466587436218286623447958515963254661921636353
37635240096277356221608661183399466587436218286623447958515963256860944891905
37635240096277356221608661183399466587436218286623447958515963265657037914113
37635240096277356221608661183399466587436218286623447958515963267856061169665
37635240096277356221608661183399466587436218286623447958515963270055084425217
37635240096277356221608661183399466587436218286623447958515963278851177447425
37635240096277356221608661183399466587436218286623447958515963281050200702977
37635240096277356221608661183399466587436218286623447958515963283249223958529
37635240096277356221608661183399466587436218286623447958515963292045316980737
37635240096277356221608661183399466587436218286623447958515963294244340236289
37635240096277356221608661183399466587436218286623447958515963296443363491841
37635240096277356221608661183399466587436218286623447958515963304139944886273
37635240096277356221608661183399466587436218286623447958515963305239456514049
37635240096277356221608661183399466587436218286623447958515963306338968141825
37635240096277356221608661183399466587436218286623447958515963315135061164033
37635240096277356221608661183399466587436218286623447958515963317334084419585
37635240096277356221608661183399466587436218286623447958515963319533107675137
37635240096277356221608661183399466587436218286623447958515963328329200697345
37635240096277356221608661183399466587436218286623447958515963330528223952897
37635240096277356221608661183399466587436218286623447958515963332727247208449
37635240096277356221608661183399466587436218286623447958515963341523340230657
37635240096277356221608661183399466587436218286623447958515963343722363486209
37635240096277356221608661183399466587436218286623447958515963345921386741761
37635240096277356221608661183399466587436218286623447958515963354717479763969
37635240096277356221608661183399466587436218286623447958515963356916503019521
37635240096277356221608661183399466587436218286623447958515963359115526275073
37635240096277356221608661183399466587436218286623447958515963367911619297281
37635240096277356221608661183399466587436218286623447958515963370110642552833
37635240096277356221608661183399466587436218286623447958515963372309665808385
37635240096277356221608661183399466587436218286623447958515963381105758830593
37635240096277356221608661183399466587436218286623447958515963383304782086145
37635240096277356221608661183399466587436218286623447958515963385503805341697
37635240096277356221608661183399466587436218286623447958515963394299898363905
37635240096277356221608661183399466587436218286623447958515963396498921619457
37635240096277356221608661183399466587436218286623447958515963398697944875009
37635240096277356221608661183399466587436218286623447958515963407494037897217
37635240096277356221608661183399466587436218286623447958515963409693061152769
37635240096277356221608661183399466587436218286623447958515963411892084408321
37635240096277356221608661183399466587436218286623447958515963420688177430529
37635240096277356221608661183399466587436218286623447958515963422887200686081
37635240096277356221608661183399466587436218286623447958515963425086223941633
37635240096277356221608661183399466587436218286623447958515963433882316963841
37635240096277356221608661183399466587436218286623447958515963436081340219393
37635240096277356221608661183399466587436218286623447958515963438280363474945
37635240096277356221608661183399466587436218286623447958515963447076456497153
37635240096277356221608661183399466587436218286623447958515963449275479752705
37635240096277356221608661183399466587436218286623447958515963451474503008257
37635240096277356221608661183399466587436218286623447958515963460270596030465
37635240096277356221608661183399466587436218286623447958515963462469619286017
37635240096277356221608661183399466587436218286623447958515963464668642541569
37635240096277356221608661183399466587436218286623447958515963473464735563777
37635240096277356221608661183399466587436218286623447958515963475663758819329
37635240096277356221608661183399466587436218286623447958515963480061805330433
37635240096277356221608661183399466587436218286623447958515963488857898352641
37635240096277356221608661183399466587436218286623447958515963494355456491521
37635240096277356221608661183399466587436218286623447958515963496554479747073
37635240096277356221608661183399466587436218286623447958515963505350572769281
37635240096277356221608661183399466587436218286623447958515963507549596024833
37635240096277356221608661183399466587436218286623447958515963509748619280385
37635240096277356221608661183399466587436218286623447958515963517445200674817
37635240096277356221608661183399466587436218286623447958515963518544712302593
37635240096277356221608661183399466587436218286623447958515963520743735558145
37635240096277356221608661183399466587436218286623447958515963529539828580353
37635240096277356221608661183399466587436218286623447958515963531738851835905
37635240096277356221608661183399466587436218286623447958515963533937875091457
37635240096277356221608661183399466587436218286623447958515963542733968113665
37635240096277356221608661183399466587436218286623447958515963544932991369217
37635240096277356221608661183399466587436218286623447958515963547132014624769
37635240096277356221608661183399466587436218286623447958515963555928107646977
37635240096277356221608661183399466587436218286623447958515963558127130902529
37635240096277356221608661183399466587436218286623447958515963560326154158081
37635240096277356221608661183399466587436218286623447958515963569122247180289
37635240096277356221608661183399466587436218286623447958515963571321270435841
37635240096277356221608661183399466587436218286623447958515963573520293691393
37635240096277356221608661183399466587436218286623447958515963582316386713601
37635240096277356221608661183399466587436218286623447958515963584515409969153
37635240096277356221608661183399466587436218286623447958515963586714433224705
37635240096277356221608661183399466587436218286623447958515963595510526246913
37635240096277356221608661183399466587436218286623447958515963597709549502465
37635240096277356221608661183399466587436218286623447958515963599908572758017
37635240096277356221608661183399466587436218286623447958515963608704665780225
37635240096277356221608661183399466587436218286623447958515963610903689035777
37635240096277356221608661183399466587436218286623447958515963613102712291329
37635240096277356221608661183399466587436218286623447958515963620799293685761
37635240096277356221608661183399466587436218286623447958515963621898805313537
37635240096277356221608661183399466587436218286623447958515963624097828569089
37635240096277356221608661183399466587436218286623447958515963632893921591297
37635240096277356221608661183399466587436218286623447958515963635092944846849
37635240096277356221608661183399466587436218286623447958515963636192456474625
37635240096277356221608661183399466587436218286623447958515963646088061124609
37635240096277356221608661183399466587436218286623447958515963648287084380161
37635240096277356221608661183399466587436218286623447958515963650486107635713
37635240096277356221608661183399466587436218286623447958515963659282200657921
37635240096277356221608661183399466587436218286623447958515963661481223913473
37635240096277356221608661183399466587436218286623447958515963663680247169025
37635240096277356221608661183399466587436218286623447958515963672476340191233
37635240096277356221608661183399466587436218286623447958515963674675363446785
37635240096277356221608661183399466587436218286623447958515963676874386702337
37635240096277356221608661183399466587436218286623447958515963685670479724545
37635240096277356221608661183399466587436218286623447958515963687869502980097
37635240096277356221608661183399466587436218286623447958515963690068526235649
37635240096277356221608661183399466587436218286623447958515963698864619257857
37635240096277356221608661183399466587436218286623447958515963701063642513409
37635240096277356221608661183399466587436218286623447958515963703262665768961
37635240096277356221608661183399466587436218286623447958515963715357293674497
37635240096277356221608661183399466587436218286623447958515963717556316930049
37635240096277356221608661183399466587436218286623447958515963719755340185601
37635240096277356221608661183399466587436218286623447958515963728551433207809
37635240096277356221608661183399466587436218286623447958515963730750456463361
37635240096277356221608661183399466587436218286623447958515963732949479718913
37635240096277356221608661183399466587436218286623447958515963741745572741121
37635240096277356221608661183399466587436218286623447958515963743944595996673
37635240096277356221608661183399466587436218286623447958515963746143619252225
37635240096277356221608661183399466587436218286623447958515963754939712274433
37635240096277356221608661183399466587436218286623447958515963757138735529985
37635240096277356221608661183399466587436218286623447958515963759337758785537
37635240096277356221608661183399466587436218286623447958515963768133851807745
37635240096277356221608661183399466587436218286623447958515963770332875063297
37635240096277356221608661183399466587436218286623447958515963772531898318849
37635240096277356221608661183399466587436218286623447958515963781327991341057
37635240096277356221608661183399466587436218286623447958515963782427502968833
37635240096277356221608661183399466587436218286623447958515963783527014596609
37635240096277356221608661183399466587436218286623447958515963787925061107713
37635240096277356221608661183399466587436218286623447958515963789024572735489
37635240096277356221608661183399466587436218286623447958515963790124084363265
37635240096277356221608661183399466587436218286623447958515963794522130874369
37635240096277356221608661183399466587436218286623447958515963795621642502145
37635240096277356221608661183399466587436218286623447958515963796721154129921
37635240096277356221608661183399466587436218286623447958515963801119200641025
37635240096277356221608661183399466587436218286623447958515963802218712268801
37635240096277356221608661183399466587436218286623447958515950067119458091009
37635240096277356221608661183399466587436218286623447958515950075915551113217
37635240096277356221608661183399466587436218286623447958515950078114574368769
37635240096277356221608661183399466587436218286623447958515950080313597624321
37635240096277356221608661183399466587436218286623447958515950089109690646529
37635240096277356221608661183399466587436218286623447958515950091308713902081
37635240096277356221608661183399466587436218286623447958515950093507737157633
37635240096277356221608661183399466587436218286623447958515950102303830179841
37635240096277356221608661183399466587436218286623447958515950104502853435393
37635240096277356221608661183399466587436218286623447958515950106701876690945
37635240096277356221608661183399466587436218286623447958515950115497969713153
37635240096277356221608661183399466587436218286623447958515950117696992968705
37635240096277356221608661183399466587436218286623447958515950119896016224257
37635240096277356221608661183399466587436218286623447958515950128692109246465
37635240096277356221608661183399466587436218286623447958515950130891132502017
37635240096277356221608661183399466587436218286623447958515950133090155757569
37635240096277356221608661183399466587436218286623447958515950141886248779777
37635240096277356221608661183399466587436218286623447958515950144085272035329
37635240096277356221608661183399466587436218286623447958515950146284295290881
37635240096277356221608661183399466587436218286623447958515950155080388313089
37635240096277356221608661183399466587436218286623447958515950157279411568641
37635240096277356221608661183399466587436218286623447958515950159478434824193
37635240096277356221608661183399466587436218286623447958515950168274527846401
37635240096277356221608661183399466587436218286623447958515950170473551101953
37635240096277356221608661183399466587436218286623447958515950172672574357505
37635240096277356221608661183399466587436218286623447958515950181468667379713
37635240096277356221608661183399466587436218286623447958515950183667690635265
37635240096277356221608661183399466587436218286623447958515950185866713890817
37635240096277356221608661183399466587436218286623447958515950194662806913025
37635240096277356221608661183399466587436218286623447958515950196861830168577
37635240096277356221608661183399466587436218286623447958515950199060853424129
37635240096277356221608661183399466587436218286623447958515950207856946446337
37635240096277356221608661183399466587436218286623447958515950210055969701889
37635240096277356221608661183399466587436218286623447958515950212254992957441
37635240096277356221608661183399466587436218286623447958515950221051085979649
37635240096277356221608661183399466587436218286623447958515950223250109235201
37635240096277356221608661183399466587436218286623447958515950225449132490753
37635240096277356221608661183399466587436218286623447958515950234245225512961
37635240096277356221608661183399466587436218286623447958515950236444248768513
37635240096277356221608661183399466587436218286623447958515950238643272024065
37635240096277356221608661183399466587436218286623447958515950247439365046273
37635240096277356221608661183399466587436218286623447958515950249638388301825
37635240096277356221608661183399466587436218286623447958515950251837411557377
37635240096277356221608661183399466587436218286623447958515950260633504579585
37635240096277356221608661183399466587436218286623447958515950262832527835137
37635240096277356221608661183399466587436218286623447958515950265031551090689
37635240096277356221608661183399466587436218286623447958515950273827644112897
37635240096277356221608661183399466587436218286623447958515950276026667368449
37635240096277356221608661183399466587436218286623447958515950278225690624001
37635240096277356221608661183399466587436218286623447958515950287021783646209
37635240096277356221608661183399466587436218286623447958515950289220806901761
37635240096277356221608661183399466587436218286623447958515950291419830157313
37635240096277356221608661183399466587436218286623447958515950300215923179521
37635240096277356221608661183399466587436218286623447958515950302414946435073
37635240096277356221608661183399466587436218286623447958515950304613969690625
37635240096277356221608661183399466587436218286623447958515950313410062712833
37635240096277356221608661183399466587436218286623447958515950315609085968385
37635240096277356221608661183399466587436218286623447958515950317808109223937
37635240096277356221608661183399466587436218286623447958515950326604202246145
37635240096277356221608661183399466587436218286623447958515950328803225501697
37635240096277356221608661183399466587436218286623447958515950331002248757249
37635240096277356221608661183399466587436218286623447958515950339798341779457
37635240096277356221608661183399466587436218286623447958515950341997365035009
37635240096277356221608661183399466587436218286623447958515950344196388290561
37635240096277356221608661183399466587436218286623447958515950352992481312769
37635240096277356221608661183399466587436218286623447958515950355191504568321
37635240096277356221608661183399466587436218286623447958515950357390527823873
37635240096277356221608661183399466587436218286623447958515950366186620846081
37635240096277356221608661183399466587436218286623447958515950368385644101633
37635240096277356221608661183399466587436218286623447958515950370584667357185
37635240096277356221608661183399466587436218286623447958515950379380760379393
37635240096277356221608661183399466587436218286623447958515950381579783634945
37635240096277356221608661183399466587436218286623447958515950383778806890497
37635240096277356221608661183399466587436218286623447958515950392574899912705
37635240096277356221608661183399466587436218286623447958515950394773923168257
37635240096277356221608661183399466587436218286623447958515950396972946423809
37635240096277356221608661183399466587436218286623447958515950405769039446017
37635240096277356221608661183399466587436218286623447958515950407968062701569
37635240096277356221608661183399466587436218286623447958515950410167085957121
37635240096277356221608661183399466587436218286623447958515950418963178979329
37635240096277356221608661183399466587436218286623447958515950421162202234881
37635240096277356221608661183399466587436218286623447958515950423361225490433
37635240096277356221608661183399466587436218286623447958515950432157318512641
37635240096277356221608661183399466587436218286623447958515950434356341768193
37635240096277356221608661183399466587436218286623447958515950436555365023745
37635240096277356221608661183399466587436218286623447958515950445351458045953
37635240096277356221608661183399466587436218286623447958515950447550481301505
37635240096277356221608661183399466587436218286623447958515950449749504557057
37635240096277356221608661183399466587436218286623447958515950458545597579265
37635240096277356221608661183399466587436218286623447958515950460744620834817
37635240096277356221608661183399466587436218286623447958515950462943644090369
37635240096277356221608661183399466587436218286623447958515950471739737112577
37635240096277356221608661183399466587436218286623447958515950473938760368129
37635240096277356221608661183399466587436218286623447958515950476137783623681
37635240096277356221608661183399466587436218286623447958515950484933876645889
37635240096277356221608661183399466587436218286623447958515950487132899901441
37635240096277356221608661183399466587436218286623447958515950489331923156993
37635240096277356221608661183399466587436218286623447958515950498128016179201
37635240096277356221608661183399466587436218286623447958515950500327039434753
37635240096277356221608661183399466587436218286623447958515950502526062690305
37635240096277356221608661183399466587436218286623447958515950511322155712513
37635240096277356221608661183399466587436218286623447958515950513521178968065
37635240096277356221608661183399466587436218286623447958515950515720202223617
37635240096277356221608661183399466587436218286623447958515950524516295245825
37635240096277356221608661183399466587436218286623447958515950526715318501377
37635240096277356221608661183399466587436218286623447958515950528914341756929
37635240096277356221608661183399466587436218286623447958515950537710434779137
37635240096277356221608661183399466587436218286623447958515950539909458034689
37635240096277356221608661183399466587436218286623447958515950542108481290241
37635240096277356221608661183399466587436218286623447958515950550904574312449
37635240096277356221608661183399466587436218286623447958515950553103597568001
37635240096277356221608661183399466587436218286623447958515950555302620823553
37635240096277356221608661183399466587436218286623447958515950564098713845761
37635240096277356221608661183399466587436218286623447958515950566297737101313
37635240096277356221608661183399466587436218286623447958515950568496760356865
37635240096277356221608661183399466587436218286623447958515950577292853379073
37635240096277356221608661183399466587436218286623447958515950579491876634625
37635240096277356221608661183399466587436218286623447958515950581690899890177
37635240096277356221608661183399466587436218286623447958515950590486992912385
37635240096277356221608661183399466587436218286623447958515950592686016167937
37635240096277356221608661183399466587436218286623447958515950594885039423489
37635240096277356221608661183399466587436218286623447958515950603681132445697
37635240096277356221608661183399466587436218286623447958515950605880155701249
37635240096277356221608661183399466587436218286623447958515950608079178956801
37635240096277356221608661183399466587436218286623447958515950616875271979009
37635240096277356221608661183399466587436218286623447958515950619074295234561
37635240096277356221608661183399466587436218286623447958515950621273318490113
37635240096277356221608661183399466587436218286623447958515950630069411512321
37635240096277356221608661183399466587436218286623447958515950632268434767873
37635240096277356221608661183399466587436218286623447958515950634467458023425
37635240096277356221608661183399466587436218286623447958515950643263551045633
37635240096277356221608661183399466587436218286623447958515950645462574301185
37635240096277356221608661183399466587436218286623447958515950647661597556737
37635240096277356221608661183399466587436218286623447958515950656457690578945
37635240096277356221608661183399466587436218286623447958515950658656713834497
37635240096277356221608661183399466587436218286623447958515950660855737090049
37635240096277356221608661183399466587436218286623447958515950669651830112257
37635240096277356221608661183399466587436218286623447958515950671850853367809
37635240096277356221608661183399466587436218286623447958515950674049876623361
37635240096277356221608661183399466587436218286623447958515950682845969645569
37635240096277356221608661183399466587436218286623447958515950685044992901121
37635240096277356221608661183399466587436218286623447958515950687244016156673
37635240096277356221608661183399466587436218286623447958515950696040109178881
37635240096277356221608661183399466587436218286623447958515950698239132434433
37635240096277356221608661183399466587436218286623447958515950700438155689985
37635240096277356221608661183399466587436218286623447958515950709234248712193
37635240096277356221608661183399466587436218286623447958515950711433271967745
37635240096277356221608661183399466587436218286623447958515950713632295223297
37635240096277356221608661183399466587436218286623447958515950722428388245505
37635240096277356221608661183399466587436218286623447958515950724627411501057
37635240096277356221608661183399466587436218286623447958515950726826434756609
37635240096277356221608661183399466587436218286623447958515950735622527778817
37635240096277356221608661183399466587436218286623447958515950737821551034369
37635240096277356221608661183399466587436218286623447958515950740020574289921
37635240096277356221608661183399466587436218286623447958515950748816667312129
37635240096277356221608661183399466587436218286623447958515950751015690567681
37635240096277356221608661183399466587436218286623447958515950753214713823233
37635240096277356221608661183399466587436218286623447958515950762010806845441
37635240096277356221608661183399466587436218286623447958515950764209830100993
37635240096277356221608661183399466587436218286623447958515950766408853356545
37635240096277356221608661183399466587436218286623447958515950775204946378753
37635240096277356221608661183399466587436218286623447958515950777403969634305
37635240096277356221608661183399466587436218286623447958515950779602992889857
37635240096277356221608661183399466587436218286623447958515950788399085912065
37635240096277356221608661183399466587436218286623447958515950790598109167617
37635240096277356221608661183399466587436218286623447958515950792797132423169
37635240096277356221608661183399466587436218286623447958515950801593225445377
37635240096277356221608661183399466587436218286623447958515950803792248700929
37635240096277356221608661183399466587436218286623447958515950805991271956481
37635240096277356221608661183399466587436218286623447958515950814787364978689
37635240096277356221608661183399466587436218286623447958515950816986388234241
37635240096277356221608661183399466587436218286623447958515950819185411489793
37635240096277356221608661183399466587436218286623447958515950827981504512001
37635240096277356221608661183399466587436218286623447958515950830180527767553
37635240096277356221608661183399466587436218286623447958515950832379551023105
37635240096277356221608661183399466587436218286623447958515950841175644045313
37635240096277356221608661183399466587436218286623447958515950843374667300865
37635240096277356221608661183399466587436218286623447958515950845573690556417
37635240096277356221608661183399466587436218286623447958515950854369783578625
37635240096277356221608661183399466587436218286623447958515950856568806834177
37635240096277356221608661183399466587436218286623447958515950858767830089729
37635240096277356221608661183399466587436218286623447958515950867563923111937
37635240096277356221608661183399466587436218286623447958515950869762946367489
37635240096277356221608661183399466587436218286623447958515950871961969623041
37635240096277356221608661183399466587436218286623447958515950880758062645249
37635240096277356221608661183399466587436218286623447958515950882957085900801
37635240096277356221608661183399466587436218286623447958515950885156109156353
37635240096277356221608661183399466587436218286623447958515950893952202178561
37635240096277356221608661183399466587436218286623447958515950896151225434113
37635240096277356221608661183399466587436218286623447958515950898350248689665
37635240096277356221608661183399466587436218286623447958515950907146341711873
37635240096277356221608661183399466587436218286623447958515950909345364967425
37635240096277356221608661183399466587436218286623447958515950911544388222977
37635240096277356221608661183399466587436218286623447958515950920340481245185
37635240096277356221608661183399466587436218286623447958515950922539504500737
37635240096277356221608661183399466587436218286623447958515950924738527756289
37635240096277356221608661183399466587436218286623447958515950933534620778497
37635240096277356221608661183399466587436218286623447958515950935733644034049
37635240096277356221608661183399466587436218286623447958515950937932667289601
37635240096277356221608661183399466587436218286623447958515950946728760311809
37635240096277356221608661183399466587436218286623447958515950948927783567361
37635240096277356221608661183399466587436218286623447958515950951126806822913
37635240096277356221608661183399466587436218286623447958515950959922899845121
37635240096277356221608661183399466587436218286623447958515950962121923100673
37635240096277356221608661183399466587436218286623447958515950964320946356225
37635240096277356221608661183399466587436218286623447958515950973117039378433
37635240096277356221608661183399466587436218286623447958515950975316062633985
37635240096277356221608661183399466587436218286623447958515950977515085889537
37635240096277356221608661183399466587436218286623447958515950988510202167297
37635240096277356221608661183399466587436218286623447958515950990709225422849
37635240096277356221608661183399466587436218286623447958515950992908248678401
37635240096277356221608661183399466587436218286623447958515951001704341700609
37635240096277356221608661183399466587436218286623447958515951003903364956161
37635240096277356221608661183399466587436218286623447958515951006102388211713
37635240096277356221608661183399466587436218286623447958515951014898481233921
37635240096277356221608661183399466587436218286623447958515951017097504489473
37635240096277356221608661183399466587436218286623447958515951019296527745025
37635240096277356221608661183399466587436218286623447958515951028092620767233
37635240096277356221608661183399466587436218286623447958515951030291644022785
37635240096277356221608661183399466587436218286623447958515951032490667278337
37635240096277356221608661183399466587436218286623447958515951041286760300545
37635240096277356221608661183399466587436218286623447958515951043485783556097
37635240096277356221608661183399466587436218286623447958515951045684806811649
37635240096277356221608661183399466587436218286623447958515951054480899833857
37635240096277356221608661183399466587436218286623447958515951056679923089409
37635240096277356221608661183399466587436218286623447958515951058878946344961
37635240096277356221608661183399466587436218286623447958515951067675039367169
37635240096277356221608661183399466587436218286623447958515951069874062622721
37635240096277356221608661183399466587436218286623447958515951072073085878273
37635240096277356221608661183399466587436218286623447958515951080869178900481
37635240096277356221608661183399466587436218286623447958515951083068202156033
37635240096277356221608661183399466587436218286623447958515951085267225411585
37635240096277356221608661183399466587436218286623447958515951094063318433793
37635240096277356221608661183399466587436218286623447958515951096262341689345
37635240096277356221608661183399466587436218286623447958515951098461364944897
37635240096277356221608661183399466587436218286623447958515951107257457967105
37635240096277356221608661183399466587436218286623447958515951109456481222657
37635240096277356221608661183399466587436218286623447958515951111655504478209
37635240096277356221608661183399466587436218286623447958515951120451597500417
37635240096277356221608661183399466587436218286623447958515951122650620755969
37635240096277356221608661183399466587436218286623447958515951124849644011521
37635240096277356221608661183399466587436218286623447958515951133645737033729
37635240096277356221608661183399466587436218286623447958515951135844760289281
37635240096277356221608661183399466587436218286623447958515951138043783544833
37635240096277356221608661183399466587436218286623447958515951146839876567041
37635240096277356221608661183399466587436218286623447958515951149038899822593
37635240096277356221608661183399466587436218286623447958515951151237923078145
37635240096277356221608661183399466587436218286623447958515951160034016100353
37635240096277356221608661183399466587436218286623447958515951162233039355905
37635240096277356221608661183399466587436218286623447958515951164432062611457
37635240096277356221608661183399466587436218286623447958515951173228155633665
37635240096277356221608661183399466587436218286623447958515951175427178889217
37635240096277356221608661183399466587436218286623447958515951177626202144769
37635240096277356221608661183399466587436218286623447958515951186422295166977
37635240096277356221608661183399466587436218286623447958515951188621318422529
37635240096277356221608661183399466587436218286623447958515951190820341678081
37635240096277356221608661183399466587436218286623447958515951199616434700289
37635240096277356221608661183399466587436218286623447958515951201815457955841
37635240096277356221608661183399466587436218286623447958515951204014481211393
37635240096277356221608661183399466587436218286623447958515951212810574233601
37635240096277356221608661183399466587436218286623447958515951215009597489153
37635240096277356221608661183399466587436218286623447958515951217208620744705
37635240096277356221608661183399466587436218286623447958515951226004713766913
37635240096277356221608661183399466587436218286623447958515951228203737022465
37635240096277356221608661183399466587436218286623447958515951230402760278017
37635240096277356221608661183399466587436218286623447958515951239198853300225
37635240096277356221608661183399466587436218286623447958515951241397876555777
37635240096277356221608661183399466587436218286623447958515951243596899811329
37635240096277356221608661183399466587436218286623447958515951252392992833537
37635240096277356221608661183399466587436218286623447958515951254592016089089
37635240096277356221608661183399466587436218286623447958515951256791039344641
37635240096277356221608661183399466587436218286623447958515951265587132366849
37635240096277356221608661183399466587436218286623447958515951267786155622401
37635240096277356221608661183399466587436218286623447958515951269985178877953
37635240096277356221608661183399466587436218286623447958515951278781271900161
37635240096277356221608661183399466587436218286623447958515951280980295155713
37635240096277356221608661183399466587436218286623447958515951283179318411265
37635240096277356221608661183399466587436218286623447958515951291975411433473
37635240096277356221608661183399466587436218286623447958515951294174434689025
37635240096277356221608661183399466587436218286623447958515951296373457944577
37635240096277356221608661183399466587436218286623447958515951305169550966785
37635240096277356221608661183399466587436218286623447958515951307368574222337
37635240096277356221608661183399466587436218286623447958515951309567597477889
37635240096277356221608661183399466587436218286623447958515951318363690500097
37635240096277356221608661183399466587436218286623447958515951320562713755649
37635240096277356221608661183399466587436218286623447958515951322761737011201
37635240096277356221608661183399466587436218286623447958515951331557830033409
37635240096277356221608661183399466587436218286623447958515951333756853288961
37635240096277356221608661183399466587436218286623447958515951335955876544513
37635240096277356221608661183399466587436218286623447958515951344751969566721
37635240096277356221608661183399466587436218286623447958515951346950992822273
37635240096277356221608661183399466587436218286623447958515951349150016077825
37635240096277356221608661183399466587436218286623447958515951357946109100033
37635240096277356221608661183399466587436218286623447958515951360145132355585
37635240096277356221608661183399466587436218286623447958515951362344155611137
37635240096277356221608661183399466587436218286623447958515951371140248633345
37635240096277356221608661183399466587436218286623447958515951373339271888897
37635240096277356221608661183399466587436218286623447958515951375538295144449
37635240096277356221608661183399466587436218286623447958515951382135364911105
37635240096277356221608661183399466587436218286623447958515951383234876538881
37635240096277356221608661183399466587436218286623447958515951386533411422209
37635240096277356221608661183399466587436218286623447958515951395329504444417
37635240096277356221608661183399466587436218286623447958515951397528527699969
37635240096277356221608661183399466587436218286623447958515951399727550955521
37635240096277356221608661183399466587436218286623447958515951408523643977729
37635240096277356221608661183399466587436218286623447958515951410722667233281
37635240096277356221608661183399466587436218286623447958515951412921690488833
37635240096277356221608661183399466587436218286623447958515951421717783511041
37635240096277356221608661183399466587436218286623447958515951423916806766593
37635240096277356221608661183399466587436218286623447958515951426115830022145
37635240096277356221608661183399466587436218286623447958515951434911923044353
37635240096277356221608661183399466587436218286623447958515951437110946299905
37635240096277356221608661183399466587436218286623447958515951439309969555457
37635240096277356221608661183399466587436218286623447958515951448106062577665
37635240096277356221608661183399466587436218286623447958515951450305085833217
37635240096277356221608661183399466587436218286623447958515951452504109088769
37635240096277356221608661183399466587436218286623447958515951461300202110977
37635240096277356221608661183399466587436218286623447958515951463499225366529
37635240096277356221608661183399466587436218286623447958515951465698248622081
37635240096277356221608661183399466587436218286623447958515951474494341644289
37635240096277356221608661183399466587436218286623447958515951476693364899841
37635240096277356221608661183399466587436218286623447958515951478892388155393
37635240096277356221608661183399466587436218286623447958515951487688481177601
37635240096277356221608661183399466587436218286623447958515951489887504433153
37635240096277356221608661183399466587436218286623447958515951492086527688705
37635240096277356221608661183399466587436218286623447958515951500882620710913
37635240096277356221608661183399466587436218286623447958515951503081643966465
37635240096277356221608661183399466587436218286623447958515951505280667222017
37635240096277356221608661183399466587436218286623447958515951514076760244225
37635240096277356221608661183399466587436218286623447958515951516275783499777
37635240096277356221608661183399466587436218286623447958515951518474806755329
37635240096277356221608661183399466587436218286623447958515951527270899777537
37635240096277356221608661183399466587436218286623447958515951529469923033089
37635240096277356221608661183399466587436218286623447958515951531668946288641
37635240096277356221608661183399466587436218286623447958515951540465039310849
37635240096277356221608661183399466587436218286623447958515951542664062566401
37635240096277356221608661183399466587436218286623447958515951544863085821953
37635240096277356221608661183399466587436218286623447958515951553659178844161
37635240096277356221608661183399466587436218286623447958515951555858202099713
37635240096277356221608661183399466587436218286623447958515951558057225355265
37635240096277356221608661183399466587436218286623447958515951566853318377473
37635240096277356221608661183399466587436218286623447958515951569052341633025
37635240096277356221608661183399466587436218286623447958515951571251364888577
37635240096277356221608661183399466587436218286623447958515951580047457910785
37635240096277356221608661183399466587436218286623447958515951582246481166337
37635240096277356221608661183399466587436218286623447958515951584445504421889
37635240096277356221608661183399466587436218286623447958515951593241597444097
37635240096277356221608661183399466587436218286623447958515951595440620699649
37635240096277356221608661183399466587436218286623447958515951597639643955201
37635240096277356221608661183399466587436218286623447958515951606435736977409
37635240096277356221608661183399466587436218286623447958515951608634760232961
37635240096277356221608661183399466587436218286623447958515951610833783488513
37635240096277356221608661183399466587436218286623447958515951619629876510721
37635240096277356221608661183399466587436218286623447958515951621828899766273
37635240096277356221608661183399466587436218286623447958515951624027923021825
37635240096277356221608661183399466587436218286623447958515951632824016044033
37635240096277356221608661183399466587436218286623447958515951635023039299585
37635240096277356221608661183399466587436218286623447958515951637222062555137
37635240096277356221608661183399466587436218286623447958515951646018155577345
37635240096277356221608661183399466587436218286623447958515951648217178832897
37635240096277356221608661183399466587436218286623447958515951650416202088449
37635240096277356221608661183399466587436218286623447958515951659212295110657
37635240096277356221608661183399466587436218286623447958515951661411318366209
37635240096277356221608661183399466587436218286623447958515951663610341621761
37635240096277356221608661183399466587436218286623447958515951672406434643969
37635240096277356221608661183399466587436218286623447958515951674605457899521
37635240096277356221608661183399466587436218286623447958515951676804481155073
37635240096277356221608661183399466587436218286623447958515951685600574177281
37635240096277356221608661183399466587436218286623447958515951687799597432833
37635240096277356221608661183399466587436218286623447958515951689998620688385
37635240096277356221608661183399466587436218286623447958515951698794713710593
37635240096277356221608661183399466587436218286623447958515951700993736966145
37635240096277356221608661183399466587436218286623447958515951703192760221697
37635240096277356221608661183399466587436218286623447958515951710889341616129
37635240096277356221608661183399466587436218286623447958515951713088364871681
37635240096277356221608661183399466587436218286623447958515951715287388127233
37635240096277356221608661183399466587436218286623447958515951724083481149441
37635240096277356221608661183399466587436218286623447958515951726282504404993
37635240096277356221608661183399466587436218286623447958515951728481527660545
37635240096277356221608661183399466587436218286623447958515951737277620682753
37635240096277356221608661183399466587436218286623447958515951739476643938305
37635240096277356221608661183399466587436218286623447958515951741675667193857
37635240096277356221608661183399466587436218286623447958515951750471760216065
37635240096277356221608661183399466587436218286623447958515951752670783471617
37635240096277356221608661183399466587436218286623447958515951754869806727169
37635240096277356221608661183399466587436218286623447958515951763665899749377
37635240096277356221608661183399466587436218286623447958515951765864923004929
37635240096277356221608661183399466587436218286623447958515951768063946260481
37635240096277356221608661183399466587436218286623447958515951776860039282689
37635240096277356221608661183399466587436218286623447958515951779059062538241
37635240096277356221608661183399466587436218286623447958515951781258085793793
37635240096277356221608661183399466587436218286623447958515951790054178816001
37635240096277356221608661183399466587436218286623447958515951792253202071553
37635240096277356221608661183399466587436218286623447958515951794452225327105
37635240096277356221608661183399466587436218286623447958515951803248318349313
37635240096277356221608661183399466587436218286623447958515951805447341604865
37635240096277356221608661183399466587436218286623447958515951807646364860417
37635240096277356221608661183399466587436218286623447958515951816442457882625
37635240096277356221608661183399466587436218286623447958515951818641481138177
37635240096277356221608661183399466587436218286623447958515951820840504393729
37635240096277356221608661183399466587436218286623447958515951829636597415937
37635240096277356221608661183399466587436218286623447958515951831835620671489
37635240096277356221608661183399466587436218286623447958515951834034643927041
37635240096277356221608661183399466587436218286623447958515951842830736949249
37635240096277356221608661183399466587436218286623447958515951845029760204801
37635240096277356221608661183399466587436218286623447958515951847228783460353
37635240096277356221608661183399466587436218286623447958515951856024876482561
37635240096277356221608661183399466587436218286623447958515951858223899738113
37635240096277356221608661183399466587436218286623447958515951860422922993665
37635240096277356221608661183399466587436218286623447958515951869219016015873
37635240096277356221608661183399466587436218286623447958515951871418039271425
37635240096277356221608661183399466587436218286623447958515951873617062526977
37635240096277356221608661183399466587436218286623447958515951882413155549185
37635240096277356221608661183399466587436218286623447958515951884612178804737
37635240096277356221608661183399466587436218286623447958515951886811202060289
37635240096277356221608661183399466587436218286623447958515951895607295082497
37635240096277356221608661183399466587436218286623447958515951897806318338049
37635240096277356221608661183399466587436218286623447958515951900005341593601
37635240096277356221608661183399466587436218286623447958515951908801434615809
37635240096277356221608661183399466587436218286623447958515951911000457871361
37635240096277356221608661183399466587436218286623447958515951913199481126913
37635240096277356221608661183399466587436218286623447958515951921995574149121
37635240096277356221608661183399466587436218286623447958515951924194597404673
37635240096277356221608661183399466587436218286623447958515951926393620660225
37635240096277356221608661183399466587436218286623447958515951935189713682433
37635240096277356221608661183399466587436218286623447958515951937388736937985
37635240096277356221608661183399466587436218286623447958515951939587760193537
37635240096277356221608661183399466587436218286623447958515951948383853215745
37635240096277356221608661183399466587436218286623447958515951950582876471297
37635240096277356221608661183399466587436218286623447958515951952781899726849
37635240096277356221608661183399466587436218286623447958515951961577992749057
37635240096277356221608661183399466587436218286623447958515951963777016004609
37635240096277356221608661183399466587436218286623447958515951965976039260161
37635240096277356221608661183399466587436218286623447958515951974772132282369
37635240096277356221608661183399466587436218286623447958515951976971155537921
37635240096277356221608661183399466587436218286623447958515951979170178793473
37635240096277356221608661183399466587436218286623447958515951987966271815681
37635240096277356221608661183399466587436218286623447958515951990165295071233
37635240096277356221608661183399466587436218286623447958515951992364318326785
37635240096277356221608661183399466587436218286623447958515952001160411348993
37635240096277356221608661183399466587436218286623447958515952003359434604545
37635240096277356221608661183399466587436218286623447958515952005558457860097
37635240096277356221608661183399466587436218286623447958515952014354550882305
37635240096277356221608661183399466587436218286623447958515952016553574137857
37635240096277356221608661183399466587436218286623447958515952018752597393409
37635240096277356221608661183399466587436218286623447958515952027548690415617
37635240096277356221608661183399466587436218286623447958515952029747713671169
37635240096277356221608661183399466587436218286623447958515952031946736926721
37635240096277356221608661183399466587436218286623447958515952040742829948929
37635240096277356221608661183399466587436218286623447958515952042941853204481
37635240096277356221608661183399466587436218286623447958515952045140876460033
37635240096277356221608661183399466587436218286623447958515952053936969482241
37635240096277356221608661183399466587436218286623447958515952056135992737793
37635240096277356221608661183399466587436218286623447958515952058335015993345
37635240096277356221608661183399466587436218286623447958515952067131109015553
37635240096277356221608661183399466587436218286623447958515952069330132271105
37635240096277356221608661183399466587436218286623447958515952071529155526657
37635240096277356221608661183399466587436218286623447958515952080325248548865
37635240096277356221608661183399466587436218286623447958515952082524271804417
37635240096277356221608661183399466587436218286623447958515952084723295059969
37635240096277356221608661183399466587436218286623447958515952093519388082177
37635240096277356221608661183399466587436218286623447958515952095718411337729
37635240096277356221608661183399466587436218286623447958515952097917434593281
37635240096277356221608661183399466587436218286623447958515952106713527615489
37635240096277356221608661183399466587436218286623447958515952108912550871041
37635240096277356221608661183399466587436218286623447958515952111111574126593
37635240096277356221608661183399466587436218286623447958515952119907667148801
37635240096277356221608661183399466587436218286623447958515952122106690404353
37635240096277356221608661183399466587436218286623447958515952123206202032129
37635240096277356221608661183399466587436218286623447958515952132002295054337
37635240096277356221608661183399466587436218286623447958515952134201318309889
37635240096277356221608661183399466587436218286623447958515952136400341565441
37635240096277356221608661183399466587436218286623447958515952145196434587649
37635240096277356221608661183399466587436218286623447958515952147395457843201
37635240096277356221608661183399466587436218286623447958515952149594481098753
37635240096277356221608661183399466587436218286623447958515952158390574120961
37635240096277356221608661183399466587436218286623447958515952160589597376513
37635240096277356221608661183399466587436218286623447958515952162788620632065
37635240096277356221608661183399466587436218286623447958515952171584713654273
37635240096277356221608661183399466587436218286623447958515952173783736909825
37635240096277356221608661183399466587436218286623447958515952175982760165377
37635240096277356221608661183399466587436218286623447958515952184778853187585
37635240096277356221608661183399466587436218286623447958515952186977876443137
37635240096277356221608661183399466587436218286623447958515952189176899698689
37635240096277356221608661183399466587436218286623447958515952197972992720897
37635240096277356221608661183399466587436218286623447958515952200172015976449
37635240096277356221608661183399466587436218286623447958515952202371039232001
37635240096277356221608661183399466587436218286623447958515952211167132254209
37635240096277356221608661183399466587436218286623447958515952213366155509761
37635240096277356221608661183399466587436218286623447958515952215565178765313
37635240096277356221608661183399466587436218286623447958515952224361271787521
37635240096277356221608661183399466587436218286623447958515952226560295043073
37635240096277356221608661183399466587436218286623447958515952228759318298625
37635240096277356221608661183399466587436218286623447958515952237555411320833
37635240096277356221608661183399466587436218286623447958515952239754434576385
37635240096277356221608661183399466587436218286623447958515952241953457831937
37635240096277356221608661183399466587436218286623447958515952250749550854145
37635240096277356221608661183399466587436218286623447958515952252948574109697
37635240096277356221608661183399466587436218286623447958515952255147597365249
37635240096277356221608661183399466587436218286623447958515952263943690387457
37635240096277356221608661183399466587436218286623447958515952266142713643009
37635240096277356221608661183399466587436218286623447958515952268341736898561
37635240096277356221608661183399466587436218286623447958515952277137829920769
37635240096277356221608661183399466587436218286623447958515952279336853176321
37635240096277356221608661183399466587436218286623447958515952281535876431873
37635240096277356221608661183399466587436218286623447958515952290331969454081
37635240096277356221608661183399466587436218286623447958515952292530992709633
37635240096277356221608661183399466587436218286623447958515952294730015965185
37635240096277356221608661183399466587436218286623447958515952303526108987393
37635240096277356221608661183399466587436218286623447958515952305725132242945
37635240096277356221608661183399466587436218286623447958515952307924155498497
37635240096277356221608661183399466587436218286623447958515952316720248520705
37635240096277356221608661183399466587436218286623447958515952318919271776257
37635240096277356221608661183399466587436218286623447958515952321118295031809
37635240096277356221608661183399466587436218286623447958515952329914388054017
37635240096277356221608661183399466587436218286623447958515952332113411309569
37635240096277356221608661183399466587436218286623447958515952334312434565121
37635240096277356221608661183399466587436218286623447958515952343108527587329
37635240096277356221608661183399466587436218286623447958515952345307550842881
37635240096277356221608661183399466587436218286623447958515952347506574098433
37635240096277356221608661183399466587436218286623447958515952356302667120641
37635240096277356221608661183399466587436218286623447958515952358501690376193
37635240096277356221608661183399466587436218286623447958515952360700713631745
37635240096277356221608661183399466587436218286623447958515952369496806653953
37635240096277356221608661183399466587436218286623447958515952371695829909505
37635240096277356221608661183399466587436218286623447958515952373894853165057
37635240096277356221608661183399466587436218286623447958515952382690946187265
37635240096277356221608661183399466587436218286623447958515952384889969442817
37635240096277356221608661183399466587436218286623447958515952387088992698369
37635240096277356221608661183399466587436218286623447958515952395885085720577
37635240096277356221608661183399466587436218286623447958515952398084108976129
37635240096277356221608661183399466587436218286623447958515952400283132231681
37635240096277356221608661183399466587436218286623447958515952409079225253889
37635240096277356221608661183399466587436218286623447958515952411278248509441
37635240096277356221608661183399466587436218286623447958515952413477271764993
37635240096277356221608661183399466587436218286623447958515952422273364787201
37635240096277356221608661183399466587436218286623447958515952424472388042753
37635240096277356221608661183399466587436218286623447958515952426671411298305
37635240096277356221608661183399466587436218286623447958515952435467504320513
37635240096277356221608661183399466587436218286623447958515952437666527576065
37635240096277356221608661183399466587436218286623447958515952439865550831617
37635240096277356221608661183399466587436218286623447958515952448661643853825
37635240096277356221608661183399466587436218286623447958515952450860667109377
37635240096277356221608661183399466587436218286623447958515952453059690364929
37635240096277356221608661183399466587436218286623447958515952461855783387137
37635240096277356221608661183399466587436218286623447958515952464054806642689
37635240096277356221608661183399466587436218286623447958515952466253829898241
37635240096277356221608661183399466587436218286623447958515952475049922920449
37635240096277356221608661183399466587436218286623447958515952477248946176001
37635240096277356221608661183399466587436218286623447958515952479447969431553
37635240096277356221608661183399466587436218286623447958515952488244062453761
37635240096277356221608661183399466587436218286623447958515952490443085709313
37635240096277356221608661183399466587436218286623447958515952492642108964865
37635240096277356221608661183399466587436218286623447958515952501438201987073
37635240096277356221608661183399466587436218286623447958515952503637225242625
37635240096277356221608661183399466587436218286623447958515952505836248498177
37635240096277356221608661183399466587436218286623447958515952514632341520385
37635240096277356221608661183399466587436218286623447958515952516831364775937
37635240096277356221608661183399466587436218286623447958515952519030388031489
37635240096277356221608661183399466587436218286623447958515952527826481053697
37635240096277356221608661183399466587436218286623447958515952530025504309249
37635240096277356221608661183399466587436218286623447958515952532224527564801
37635240096277356221608661183399466587436218286623447958515952541020620587009
37635240096277356221608661183399466587436218286623447958515952543219643842561
37635240096277356221608661183399466587436218286623447958515952545418667098113
37635240096277356221608661183399466587436218286623447958515952554214760120321
37635240096277356221608661183399466587436218286623447958515952556413783375873
37635240096277356221608661183399466587436218286623447958515952558612806631425
37635240096277356221608661183399466587436218286623447958515952567408899653633
37635240096277356221608661183399466587436218286623447958515952569607922909185
37635240096277356221608661183399466587436218286623447958515952571806946164737
37635240096277356221608661183399466587436218286623447958515952580603039186945
37635240096277356221608661183399466587436218286623447958515952582802062442497
37635240096277356221608661183399466587436218286623447958515952585001085698049
37635240096277356221608661183399466587436218286623447958515952593797178720257
37635240096277356221608661183399466587436218286623447958515952595996201975809
37635240096277356221608661183399466587436218286623447958515952598195225231361
37635240096277356221608661183399466587436218286623447958515952606991318253569
37635240096277356221608661183399466587436218286623447958515952609190341509121
37635240096277356221608661183399466587436218286623447958515952611389364764673
37635240096277356221608661183399466587436218286623447958515952620185457786881
37635240096277356221608661183399466587436218286623447958515952622384481042433
37635240096277356221608661183399466587436218286623447958515952624583504297985
37635240096277356221608661183399466587436218286623447958515952633379597320193
37635240096277356221608661183399466587436218286623447958515952635578620575745
37635240096277356221608661183399466587436218286623447958515952637777643831297
37635240096277356221608661183399466587436218286623447958515952646573736853505
37635240096277356221608661183399466587436218286623447958515952648772760109057
37635240096277356221608661183399466587436218286623447958515952650971783364609
37635240096277356221608661183399466587436218286623447958515952659767876386817
37635240096277356221608661183399466587436218286623447958515952661966899642369
37635240096277356221608661183399466587436218286623447958515952664165922897921
37635240096277356221608661183399466587436218286623447958515952672962015920129
37635240096277356221608661183399466587436218286623447958515952675161039175681
37635240096277356221608661183399466587436218286623447958515952677360062431233
37635240096277356221608661183399466587436218286623447958515952686156155453441
37635240096277356221608661183399466587436218286623447958515952688355178708993
37635240096277356221608661183399466587436218286623447958515952690554201964545
37635240096277356221608661183399466587436218286623447958515952699350294986753
37635240096277356221608661183399466587436218286623447958515952701549318242305
37635240096277356221608661183399466587436218286623447958515952703748341497857
37635240096277356221608661183399466587436218286623447958515952712544434520065
37635240096277356221608661183399466587436218286623447958515952714743457775617
37635240096277356221608661183399466587436218286623447958515952716942481031169
37635240096277356221608661183399466587436218286623447958515952725738574053377
37635240096277356221608661183399466587436218286623447958515952727937597308929
37635240096277356221608661183399466587436218286623447958515952730136620564481
37635240096277356221608661183399466587436218286623447958515952738932713586689
37635240096277356221608661183399466587436218286623447958515952741131736842241
37635240096277356221608661183399466587436218286623447958515952743330760097793
37635240096277356221608661183399466587436218286623447958515952751027341492225
37635240096277356221608661183399466587436218286623447958515952753226364747777
37635240096277356221608661183399466587436218286623447958515952755425388003329
37635240096277356221608661183399466587436218286623447958515952764221481025537
37635240096277356221608661183399466587436218286623447958515952766420504281089
37635240096277356221608661183399466587436218286623447958515952768619527536641
37635240096277356221608661183399466587436218286623447958515952777415620558849
37635240096277356221608661183399466587436218286623447958515952779614643814401
37635240096277356221608661183399466587436218286623447958515952781813667069953
37635240096277356221608661183399466587436218286623447958515952792808783347713
37635240096277356221608661183399466587436218286623447958515952795007806603265
37635240096277356221608661183399466587436218286623447958515952797206829858817
37635240096277356221608661183399466587436218286623447958515952806002922881025
37635240096277356221608661183399466587436218286623447958515952808201946136577
37635240096277356221608661183399466587436218286623447958515952810400969392129
37635240096277356221608661183399466587436218286623447958515952819197062414337
37635240096277356221608661183399466587436218286623447958515952821396085669889
37635240096277356221608661183399466587436218286623447958515952823595108925441
37635240096277356221608661183399466587436218286623447958515952832391201947649
37635240096277356221608661183399466587436218286623447958515952834590225203201
37635240096277356221608661183399466587436218286623447958515952836789248458753
37635240096277356221608661183399466587436218286623447958515952845585341480961
37635240096277356221608661183399466587436218286623447958515952847784364736513
37635240096277356221608661183399466587436218286623447958515952849983387992065
37635240096277356221608661183399466587436218286623447958515952858779481014273
37635240096277356221608661183399466587436218286623447958515952860978504269825
37635240096277356221608661183399466587436218286623447958515952863177527525377
37635240096277356221608661183399466587436218286623447958515952871973620547585
37635240096277356221608661183399466587436218286623447958515952874172643803137
37635240096277356221608661183399466587436218286623447958515952876371667058689
37635240096277356221608661183399466587436218286623447958515952882968736825345
37635240096277356221608661183399466587436218286623447958515952885167760080897
37635240096277356221608661183399466587436218286623447958515952887366783336449
37635240096277356221608661183399466587436218286623447958515952896162876358657
37635240096277356221608661183399466587436218286623447958515952898361899614209
37635240096277356221608661183399466587436218286623447958515952900560922869761
37635240096277356221608661183399466587436218286623447958515952909357015891969
37635240096277356221608661183399466587436218286623447958515952911556039147521
37635240096277356221608661183399466587436218286623447958515952913755062403073
37635240096277356221608661183399466587436218286623447958515952922551155425281
37635240096277356221608661183399466587436218286623447958515952924750178680833
37635240096277356221608661183399466587436218286623447958515952926949201936385
37635240096277356221608661183399466587436218286623447958515952935745294958593
37635240096277356221608661183399466587436218286623447958515952937944318214145
37635240096277356221608661183399466587436218286623447958515952940143341469697
37635240096277356221608661183399466587436218286623447958515952948939434491905
37635240096277356221608661183399466587436218286623447958515952951138457747457
37635240096277356221608661183399466587436218286623447958515952953337481003009
37635240096277356221608661183399466587436218286623447958515952962133574025217
37635240096277356221608661183399466587436218286623447958515952964332597280769
37635240096277356221608661183399466587436218286623447958515952966531620536321
37635240096277356221608661183399466587436218286623447958515952974228201930753
37635240096277356221608661183399466587436218286623447958515952975327713558529
37635240096277356221608661183399466587436218286623447958515952977526736814081
37635240096277356221608661183399466587436218286623447958515952986322829836289
37635240096277356221608661183399466587436218286623447958515952988521853091841
37635240096277356221608661183399466587436218286623447958515952990720876347393
37635240096277356221608661183399466587436218286623447958515952999516969369601
37635240096277356221608661183399466587436218286623447958515953001715992625153
37635240096277356221608661183399466587436218286623447958515953003915015880705
37635240096277356221608661183399466587436218286623447958515953012711108902913
37635240096277356221608661183399466587436218286623447958515953014910132158465
37635240096277356221608661183399466587436218286623447958515953017109155414017
37635240096277356221608661183399466587436218286623447958515953025905248436225
37635240096277356221608661183399466587436218286623447958515953028104271691777
37635240096277356221608661183399466587436218286623447958515953030303294947329
37635240096277356221608661183399466587436218286623447958515953037999876341761
37635240096277356221608661183399466587436218286623447958515953039099387969537
37635240096277356221608661183399466587436218286623447958515953040198899597313
37635240096277356221608661183399466587436218286623447958515953048994992619521
37635240096277356221608661183399466587436218286623447958515953051194015875073
37635240096277356221608661183399466587436218286623447958515953053393039130625
37635240096277356221608661183399466587436218286623447958515953062189132152833
37635240096277356221608661183399466587436218286623447958515953064388155408385
37635240096277356221608661183399466587436218286623447958515953066587178663937
37635240096277356221608661183399466587436218286623447958515953075383271686145
37635240096277356221608661183399466587436218286623447958515953077582294941697
37635240096277356221608661183399466587436218286623447958515953079781318197249
37635240096277356221608661183399466587436218286623447958515953088577411219457
37635240096277356221608661183399466587436218286623447958515953090776434475009
37635240096277356221608661183399466587436218286623447958515953092975457730561
37635240096277356221608661183399466587436218286623447958515953101771550752769
37635240096277356221608661183399466587436218286623447958515953103970574008321
37635240096277356221608661183399466587436218286623447958515953106169597263873
37635240096277356221608661183399466587436218286623447958515953114965690286081
37635240096277356221608661183399466587436218286623447958515953117164713541633
37635240096277356221608661183399466587436218286623447958515953119363736797185
37635240096277356221608661183399466587436218286623447958515953128159829819393
37635240096277356221608661183399466587436218286623447958515953130358853074945
37635240096277356221608661183399466587436218286623447958515953132557876330497
37635240096277356221608661183399466587436218286623447958515953141353969352705
37635240096277356221608661183399466587436218286623447958515953143552992608257
37635240096277356221608661183399466587436218286623447958515953145752015863809
37635240096277356221608661183399466587436218286623447958515953154548108886017
37635240096277356221608661183399466587436218286623447958515953156747132141569
37635240096277356221608661183399466587436218286623447958515953158946155397121
37635240096277356221608661183399466587436218286623447958515953167742248419329
37635240096277356221608661183399466587436218286623447958515953169941271674881
37635240096277356221608661183399466587436218286623447958515953172140294930433
37635240096277356221608661183399466587436218286623447958515953180936387952641
37635240096277356221608661183399466587436218286623447958515953183135411208193
37635240096277356221608661183399466587436218286623447958515953185334434463745
37635240096277356221608661183399466587436218286623447958515953194130527485953
37635240096277356221608661183399466587436218286623447958515953196329550741505
37635240096277356221608661183399466587436218286623447958515953198528573997057
37635240096277356221608661183399466587436218286623447958515953207324667019265
37635240096277356221608661183399466587436218286623447958515953209523690274817
37635240096277356221608661183399466587436218286623447958515953211722713530369
37635240096277356221608661183399466587436218286623447958515953220518806552577
37635240096277356221608661183399466587436218286623447958515953222717829808129
37635240096277356221608661183399466587436218286623447958515953224916853063681
37635240096277356221608661183399466587436218286623447958515953233712946085889
37635240096277356221608661183399466587436218286623447958515953235911969341441
37635240096277356221608661183399466587436218286623447958515953238110992596993
37635240096277356221608661183399466587436218286623447958515953246907085619201
37635240096277356221608661183399466587436218286623447958515953249106108874753
37635240096277356221608661183399466587436218286623447958515953251305132130305
37635240096277356221608661183399466587436218286623447958515953260101225152513
37635240096277356221608661183399466587436218286623447958515953262300248408065
37635240096277356221608661183399466587436218286623447958515953264499271663617
37635240096277356221608661183399466587436218286623447958515953273295364685825
37635240096277356221608661183399466587436218286623447958515953275494387941377
37635240096277356221608661183399466587436218286623447958515953277693411196929
37635240096277356221608661183399466587436218286623447958515953286489504219137
37635240096277356221608661183399466587436218286623447958515953291987062358017
37635240096277356221608661183399466587436218286623447958515953294186085613569
37635240096277356221608661183399466587436218286623447958515953302982178635777
37635240096277356221608661183399466587436218286623447958515953305181201891329
37635240096277356221608661183399466587436218286623447958515953307380225146881
37635240096277356221608661183399466587436218286623447958515953316176318169089
37635240096277356221608661183399466587436218286623447958515953318375341424641
37635240096277356221608661183399466587436218286623447958515953320574364680193
37635240096277356221608661183399466587436218286623447958515953329370457702401
37635240096277356221608661183399466587436218286623447958515953331569480957953
37635240096277356221608661183399466587436218286623447958515953333768504213505
37635240096277356221608661183399466587436218286623447958515953343664108863489
37635240096277356221608661183399466587436218286623447958515953345863132119041
37635240096277356221608661183399466587436218286623447958515953348062155374593
37635240096277356221608661183399466587436218286623447958515953356858248396801
37635240096277356221608661183399466587436218286623447958515953359057271652353
37635240096277356221608661183399466587436218286623447958515953361256294907905
37635240096277356221608661183399466587436218286623447958515953370052387930113
37635240096277356221608661183399466587436218286623447958515953372251411185665
37635240096277356221608661183399466587436218286623447958515953374450434441217
37635240096277356221608661183399466587436218286623447958515953383246527463425
37635240096277356221608661183399466587436218286623447958515953385445550718977
37635240096277356221608661183399466587436218286623447958515953387644573974529
37635240096277356221608661183399466587436218286623447958515953396440666996737
37635240096277356221608661183399466587436218286623447958515953398639690252289
37635240096277356221608661183399466587436218286623447958515953400838713507841
37635240096277356221608661183399466587436218286623447958515953409634806530049
37635240096277356221608661183399466587436218286623447958515953411833829785601
37635240096277356221608661183399466587436218286623447958515953414032853041153
37635240096277356221608661183399466587436218286623447958515953422828946063361
37635240096277356221608661183399466587436218286623447958515953425027969318913
37635240096277356221608661183399466587436218286623447958515953427226992574465
37635240096277356221608661183399466587436218286623447958515953433824062341121
37635240096277356221608661183399466587436218286623447958515953436023085596673
37635240096277356221608661183399466587436218286623447958515953438222108852225
37635240096277356221608661183399466587436218286623447958515953447018201874433
37635240096277356221608661183399466587436218286623447958515953449217225129985
37635240096277356221608661183399466587436218286623447958515953451416248385537
37635240096277356221608661183399466587436218286623447958515953460212341407745
37635240096277356221608661183399466587436218286623447958515953462411364663297
37635240096277356221608661183399466587436218286623447958515953464610387918849
37635240096277356221608661183399466587436218286623447958515953473406480941057
37635240096277356221608661183399466587436218286623447958515953475605504196609
37635240096277356221608661183399466587436218286623447958515953477804527452161
37635240096277356221608661183399466587436218286623447958515953486600620474369
37635240096277356221608661183399466587436218286623447958515953488799643729921
37635240096277356221608661183399466587436218286623447958515953490998666985473
37635240096277356221608661183399466587436218286623447958515953499794760007681
37635240096277356221608661183399466587436218286623447958515953501993783263233
37635240096277356221608661183399466587436218286623447958515953504192806518785
37635240096277356221608661183399466587436218286623447958515953512988899540993
37635240096277356221608661183399466587436218286623447958515953515187922796545
37635240096277356221608661183399466587436218286623447958515953517386946052097
37635240096277356221608661183399466587436218286623447958515953526183039074305
37635240096277356221608661183399466587436218286623447958515953528382062329857
37635240096277356221608661183399466587436218286623447958515953533879620468737
37635240096277356221608661183399466587436218286623447958515953542675713490945
37635240096277356221608661183399466587436218286623447958515953544874736746497
37635240096277356221608661183399466587436218286623447958515953547073760002049
37635240096277356221608661183399466587436218286623447958515953555869853024257
37635240096277356221608661183399466587436218286623447958515953558068876279809
37635240096277356221608661183399466587436218286623447958515953560267899535361
37635240096277356221608661183399466587436218286623447958515953569063992557569
37635240096277356221608661183399466587436218286623447958515953571263015813121
37635240096277356221608661183399466587436218286623447958515953573462039068673
37635240096277356221608661183399466587436218286623447958515953582258132090881
37635240096277356221608661183399466587436218286623447958515953583357643718657
37635240096277356221608661183399466587436218286623447958515953584457155346433
37635240096277356221608661183399466587436218286623447958515953593253248368641
37635240096277356221608661183399466587436218286623447958515953595452271624193
37635240096277356221608661183399466587436218286623447958515953597651294879745
37635240096277356221608661183399466587436218286623447958515953606447387901953
37635240096277356221608661183399466587436218286623447958515953608646411157505
37635240096277356221608661183399466587436218286623447958515953610845434413057
37635240096277356221608661183399466587436218286623447958515953619641527435265
37635240096277356221608661183399466587436218286623447958515953621840550690817
37635240096277356221608661183399466587436218286623447958515953624039573946369
37635240096277356221608661183399466587436218286623447958515953632835666968577
37635240096277356221608661183399466587436218286623447958515953635034690224129
37635240096277356221608661183399466587436218286623447958515953637233713479681
37635240096277356221608661183399466587436218286623447958515953646029806501889
37635240096277356221608661183399466587436218286623447958515953648228829757441
37635240096277356221608661183399466587436218286623447958515953650427853012993
37635240096277356221608661183399466587436218286623447958515953659223946035201
37635240096277356221608661183399466587436218286623447958515953661422969290753
37635240096277356221608661183399466587436218286623447958515953663621992546305
37635240096277356221608661183399466587436218286623447958515953672418085568513
37635240096277356221608661183399466587436218286623447958515953674617108824065
37635240096277356221608661183399466587436218286623447958515953676816132079617
37635240096277356221608661183399466587436218286623447958515953685612225101825
37635240096277356221608661183399466587436218286623447958515953687811248357377
37635240096277356221608661183399466587436218286623447958515953690010271612929
37635240096277356221608661183399466587436218286623447958515953698806364635137
37635240096277356221608661183399466587436218286623447958515953701005387890689
37635240096277356221608661183399466587436218286623447958515953705403434401793
37635240096277356221608661183399466587436218286623447958515953714199527424001
37635240096277356221608661183399466587436218286623447958515953716398550679553
37635240096277356221608661183399466587436218286623447958515953718597573935105
37635240096277356221608661183399466587436218286623447958515953727393666957313
37635240096277356221608661183399466587436218286623447958515953729592690212865
37635240096277356221608661183399466587436218286623447958515953731791713468417
37635240096277356221608661183399466587436218286623447958515953740587806490625
37635240096277356221608661183399466587436218286623447958515953742786829746177
37635240096277356221608661183399466587436218286623447958515953744985853001729
37635240096277356221608661183399466587436218286623447958515953753781946023937
37635240096277356221608661183399466587436218286623447958515953755980969279489
37635240096277356221608661183399466587436218286623447958515953758179992535041
37635240096277356221608661183399466587436218286623447958515953766976085557249
37635240096277356221608661183399466587436218286623447958515953769175108812801
37635240096277356221608661183399466587436218286623447958515953771374132068353
37635240096277356221608661183399466587436218286623447958515953780170225090561
37635240096277356221608661183399466587436218286623447958515953782369248346113
37635240096277356221608661183399466587436218286623447958515953784568271601665
37635240096277356221608661183399466587436218286623447958515953793364364623873
37635240096277356221608661183399466587436218286623447958515953795563387879425
37635240096277356221608661183399466587436218286623447958515953797762411134977
37635240096277356221608661183399466587436218286623447958515953806558504157185
37635240096277356221608661183399466587436218286623447958515953808757527412737
37635240096277356221608661183399466587436218286623447958515953810956550668289
37635240096277356221608661183399466587436218286623447958515953819752643690497
37635240096277356221608661183399466587436218286623447958515953821951666946049
37635240096277356221608661183399466587436218286623447958515953824150690201601
37635240096277356221608661183399466587436218286623447958515953832946783223809
37635240096277356221608661183399466587436218286623447958515953835145806479361
37635240096277356221608661183399466587436218286623447958515953837344829734913
37635240096277356221608661183399466587436218286623447958515953846140922757121
37635240096277356221608661183399466587436218286623447958515953848339946012673
37635240096277356221608661183399466587436218286623447958515953850538969268225
37635240096277356221608661183399466587436218286623447958515953859335062290433
37635240096277356221608661183399466587436218286623447958515953861534085545985
37635240096277356221608661183399466587436218286623447958515953863733108801537
37635240096277356221608661183399466587436218286623447958515953872529201823745
37635240096277356221608661183399466587436218286623447958515953874728225079297
37635240096277356221608661183399466587436218286623447958515953876927248334849
37635240096277356221608661183399466587436218286623447958515953889021876240385
37635240096277356221608661183399466587436218286623447958515953891220899495937
37635240096277356221608661183399466587436218286623447958515953893419922751489
37635240096277356221608661183399466587436218286623447958515953902216015773697
37635240096277356221608661183399466587436218286623447958515953904415039029249
37635240096277356221608661183399466587436218286623447958515953906614062284801
37635240096277356221608661183399466587436218286623447958515953915410155307009
37635240096277356221608661183399466587436218286623447958515953917609178562561
37635240096277356221608661183399466587436218286623447958515953919808201818113
37635240096277356221608661183399466587436218286623447958515953928604294840321
37635240096277356221608661183399466587436218286623447958515953930803318095873
37635240096277356221608661183399466587436218286623447958515953933002341351425
37635240096277356221608661183399466587436218286623447958515953941798434373633
37635240096277356221608661183399466587436218286623447958515953943997457629185
37635240096277356221608661183399466587436218286623447958515953946196480884737
37635240096277356221608661183399466587436218286623447958515953954992573906945
37635240096277356221608661183399466587436218286623447958515953957191597162497
37635240096277356221608661183399466587436218286623447958515953959390620418049
37635240096277356221608661183399466587436218286623447958515953968186713440257
37635240096277356221608661183399466587436218286623447958515953970385736695809
37635240096277356221608661183399466587436218286623447958515953972584759951361
37635240096277356221608661183399466587436218286623447958515953981380852973569
37635240096277356221608661183399466587436218286623447958515953983579876229121
37635240096277356221608661183399466587436218286623447958515953985778899484673
37635240096277356221608661183399466587436218286623447958515953992375969251329
37635240096277356221608661183399466587436218286623447958515953994574992506881
37635240096277356221608661183399466587436218286623447958515953996774015762433
37635240096277356221608661183399466587436218286623447958515954005570108784641
37635240096277356221608661183399466587436218286623447958515954007769132040193
37635240096277356221608661183399466587436218286623447958515954009968155295745
37635240096277356221608661183399466587436218286623447958515954018764248317953
37635240096277356221608661183399466587436218286623447958515954020963271573505
37635240096277356221608661183399466587436218286623447958515954023162294829057
37635240096277356221608661183399466587436218286623447958515954031958387851265
37635240096277356221608661183399466587436218286623447958515954034157411106817
37635240096277356221608661183399466587436218286623447958515954036356434362369
37635240096277356221608661183399466587436218286623447958515954045152527384577
37635240096277356221608661183399466587436218286623447958515954047351550640129
37635240096277356221608661183399466587436218286623447958515954049550573895681
37635240096277356221608661183399466587436218286623447958515954058346666917889
37635240096277356221608661183399466587436218286623447958515954060545690173441
37635240096277356221608661183399466587436218286623447958515954062744713428993
37635240096277356221608661183399466587436218286623447958515954069341783195649
37635240096277356221608661183399466587436218286623447958515954071540806451201
37635240096277356221608661183399466587436218286623447958515954073739829706753
37635240096277356221608661183399466587436218286623447958515954082535922728961
37635240096277356221608661183399466587436218286623447958515954084734945984513
37635240096277356221608661183399466587436218286623447958515954086933969240065
37635240096277356221608661183399466587436218286623447958515954095730062262273
37635240096277356221608661183399466587436218286623447958515954097929085517825
37635240096277356221608661183399466587436218286623447958515954100128108773377
37635240096277356221608661183399466587436218286623447958515954108924201795585
37635240096277356221608661183399466587436218286623447958515954111123225051137
37635240096277356221608661183399466587436218286623447958515954113322248306689
37635240096277356221608661183399466587436218286623447958515954122118341328897
37635240096277356221608661183399466587436218286623447958515954124317364584449
37635240096277356221608661183399466587436218286623447958515954126516387840001
37635240096277356221608661183399466587436218286623447958515954135312480862209
37635240096277356221608661183399466587436218286623447958515954137511504117761
37635240096277356221608661183399466587436218286623447958515954139710527373313
37635240096277356221608661183399466587436218286623447958515954148506620395521
37635240096277356221608661183399466587436218286623447958515954149606132023297
37635240096277356221608661183399466587436218286623447958515954152904666906625
37635240096277356221608661183399466587436218286623447958515954161700759928833
37635240096277356221608661183399466587436218286623447958515954163899783184385
37635240096277356221608661183399466587436218286623447958515954164999294812161
37635240096277356221608661183399466587436218286623447958515954171596364578817
37635240096277356221608661183399466587436218286623447958515954173795387834369
37635240096277356221608661183399466587436218286623447958515954175994411089921
37635240096277356221608661183399466587436218286623447958515954184790504112129
37635240096277356221608661183399466587436218286623447958515954186989527367681
37635240096277356221608661183399466587436218286623447958515954189188550623233
37635240096277356221608661183399466587436218286623447958515954197984643645441
37635240096277356221608661183399466587436218286623447958515954200183666900993
37635240096277356221608661183399466587436218286623447958515954202382690156545
37635240096277356221608661183399466587436218286623447958515954211178783178753
37635240096277356221608661183399466587436218286623447958515954213377806434305
37635240096277356221608661183399466587436218286623447958515954215576829689857
37635240096277356221608661183399466587436218286623447958515954224372922712065
37635240096277356221608661183399466587436218286623447958515954226571945967617
37635240096277356221608661183399466587436218286623447958515954228770969223169
37635240096277356221608661183399466587436218286623447958515954237567062245377
37635240096277356221608661183399466587436218286623447958515954239766085500929
37635240096277356221608661183399466587436218286623447958515954241965108756481
37635240096277356221608661183399466587436218286623447958515954250761201778689
37635240096277356221608661183399466587436218286623447958515954252960225034241
37635240096277356221608661183399466587436218286623447958515954255159248289793
37635240096277356221608661183399466587436218286623447958515954263955341312001
37635240096277356221608661183399466587436218286623447958515954266154364567553
37635240096277356221608661183399466587436218286623447958515954268353387823105
37635240096277356221608661183399466587436218286623447958515954277149480845313
37635240096277356221608661183399466587436218286623447958515954279348504100865
37635240096277356221608661183399466587436218286623447958515954281547527356417
37635240096277356221608661183399466587436218286623447958515954290343620378625
37635240096277356221608661183399466587436218286623447958515954292542643634177
37635240096277356221608661183399466587436218286623447958515954294741666889729
37635240096277356221608661183399466587436218286623447958515954302438248284161
37635240096277356221608661183399466587436218286623447958515954303537759911937
37635240096277356221608661183399466587436218286623447958515954305736783167489
37635240096277356221608661183399466587436218286623447958515954313433364561921
37635240096277356221608661183399466587436218286623447958515954315632387817473
37635240096277356221608661183399466587436218286623447958515954317831411073025
37635240096277356221608661183399466587436218286623447958515954326627504095233
37635240096277356221608661183399466587436218286623447958515954328826527350785
37635240096277356221608661183399466587436218286623447958515954331025550606337
37635240096277356221608661183399466587436218286623447958515954336523108745217
37635240096277356221608661183399466587436218286623447958515954338722132000769
37635240096277356221608661183399466587436218286623447958515954340921155256321
37635240096277356221608661183399466587436218286623447958515954349717248278529
37635240096277356221608661183399466587436218286623447958515954351916271534081
37635240096277356221608661183399466587436218286623447958515954354115294789633
37635240096277356221608661183399466587436218286623447958515954362911387811841
37635240096277356221608661183399466587436218286623447958515954365110411067393
37635240096277356221608661183399466587436218286623447958515954367309434322945
37635240096277356221608661183399466587436218286623447958515954376105527345153
37635240096277356221608661183399466587436218286623447958515954378304550600705
37635240096277356221608661183399466587436218286623447958515954380503573856257
37635240096277356221608661183399466587436218286623447958515954389299666878465
37635240096277356221608661183399466587436218286623447958515954391498690134017
37635240096277356221608661183399466587436218286623447958515954393697713389569
37635240096277356221608661183399466587436218286623447958515954402493806411777
37635240096277356221608661183399466587436218286623447958515954404692829667329
37635240096277356221608661183399466587436218286623447958515954406891852922881
37635240096277356221608661183399466587436218286623447958515954415687945945089
37635240096277356221608661183399466587436218286623447958515954417886969200641
37635240096277356221608661183399466587436218286623447958515954420085992456193
37635240096277356221608661183399466587436218286623447958515954428882085478401
37635240096277356221608661183399466587436218286623447958515954431081108733953
37635240096277356221608661183399466587436218286623447958515954433280131989505
37635240096277356221608661183399466587436218286623447958515954442076225011713
37635240096277356221608661183399466587436218286623447958515954444275248267265
37635240096277356221608661183399466587436218286623447958515954446474271522817
37635240096277356221608661183399466587436218286623447958515954454170852917249
37635240096277356221608661183399466587436218286623447958515954456369876172801
37635240096277356221608661183399466587436218286623447958515954458568899428353
37635240096277356221608661183399466587436218286623447958515954467364992450561
37635240096277356221608661183399466587436218286623447958515954469564015706113
37635240096277356221608661183399466587436218286623447958515954471763038961665
37635240096277356221608661183399466587436218286623447958515954480559131983873
37635240096277356221608661183399466587436218286623447958515954482758155239425
37635240096277356221608661183399466587436218286623447958515954484957178494977
37635240096277356221608661183399466587436218286623447958515954495952294772737
37635240096277356221608661183399466587436218286623447958515954498151318028289
37635240096277356221608661183399466587436218286623447958515954500350341283841
37635240096277356221608661183399466587436218286623447958515954509146434306049
37635240096277356221608661183399466587436218286623447958515954511345457561601
37635240096277356221608661183399466587436218286623447958515954513544480817153
37635240096277356221608661183399466587436218286623447958515954522340573839361
37635240096277356221608661183399466587436218286623447958515954524539597094913
37635240096277356221608661183399466587436218286623447958515954526738620350465
37635240096277356221608661183399466587436218286623447958515954535534713372673
37635240096277356221608661183399466587436218286623447958515954537733736628225
37635240096277356221608661183399466587436218286623447958515954539932759883777
37635240096277356221608661183399466587436218286623447958515954548728852905985
37635240096277356221608661183399466587436218286623447958515954550927876161537
37635240096277356221608661183399466587436218286623447958515954553126899417089
37635240096277356221608661183399466587436218286623447958515954561922992439297
37635240096277356221608661183399466587436218286623447958515954564122015694849
37635240096277356221608661183399466587436218286623447958515954566321038950401
37635240096277356221608661183399466587436218286623447958515954577316155228161
37635240096277356221608661183399466587436218286623447958515954579515178483713
37635240096277356221608661183399466587436218286623447958515954581714201739265
37635240096277356221608661183399466587436218286623447958515954590510294761473
37635240096277356221608661183399466587436218286623447958515954591609806389249
37635240096277356221608661183399466587436218286623447958515954592709318017025
37635240096277356221608661183399466587436218286623447958515954601505411039233
37635240096277356221608661183399466587436218286623447958515954603704434294785
37635240096277356221608661183399466587436218286623447958515954605903457550337
37635240096277356221608661183399466587436218286623447958515954614699550572545
37635240096277356221608661183399466587436218286623447958515954616898573828097
37635240096277356221608661183399466587436218286623447958515954619097597083649
37635240096277356221608661183399466587436218286623447958515954627893690105857
37635240096277356221608661183399466587436218286623447958515954630092713361409
37635240096277356221608661183399466587436218286623447958515954632291736616961
37635240096277356221608661183399466587436218286623447958515954641087829639169
37635240096277356221608661183399466587436218286623447958515954643286852894721
37635240096277356221608661183399466587436218286623447958515954645485876150273
37635240096277356221608661183399466587436218286623447958515954654281969172481
37635240096277356221608661183399466587436218286623447958515954656480992428033
37635240096277356221608661183399466587436218286623447958515954658680015683585
37635240096277356221608661183399466587436218286623447958515954667476108705793
37635240096277356221608661183399466587436218286623447958515954669675131961345
37635240096277356221608661183399466587436218286623447958515954671874155216897
37635240096277356221608661183399466587436218286623447958515954680670248239105
37635240096277356221608661183399466587436218286623447958515954682869271494657
37635240096277356221608661183399466587436218286623447958515954685068294750209
37635240096277356221608661183399466587436218286623447958515954693864387772417
37635240096277356221608661183399466587436218286623447958515954696063411027969
37635240096277356221608661183399466587436218286623447958515954698262434283521
37635240096277356221608661183399466587436218286623447958515954707058527305729
37635240096277356221608661183399466587436218286623447958515954709257550561281
37635240096277356221608661183399466587436218286623447958515954711456573816833
37635240096277356221608661183399466587436218286623447958515954720252666839041
37635240096277356221608661183399466587436218286623447958515954722451690094593
37635240096277356221608661183399466587436218286623447958515954724650713350145
37635240096277356221608661183399466587436218286623447958515954733446806372353
37635240096277356221608661183399466587436218286623447958515954735645829627905
37635240096277356221608661183399466587436218286623447958515954737844852883457
37635240096277356221608661183399466587436218286623447958515954746640945905665
37635240096277356221608661183399466587436218286623447958515954748839969161217
37635240096277356221608661183399466587436218286623447958515954751038992416769
37635240096277356221608661183399466587436218286623447958515954759835085438977
37635240096277356221608661183399466587436218286623447958515954762034108694529
37635240096277356221608661183399466587436218286623447958515954764233131950081
37635240096277356221608661183399466587436218286623447958515954773029224972289
37635240096277356221608661183399466587436218286623447958515954775228248227841
37635240096277356221608661183399466587436218286623447958515954777427271483393
37635240096277356221608661183399466587436218286623447958515954789521899388929
37635240096277356221608661183399466587436218286623447958515954791720922644481
37635240096277356221608661183399466587436218286623447958515954793919945900033
37635240096277356221608661183399466587436218286623447958515954802716038922241
37635240096277356221608661183399466587436218286623447958515954804915062177793
37635240096277356221608661183399466587436218286623447958515954808213597061121
37635240096277356221608661183399466587436218286623447958515954819208713338881
37635240096277356221608661183399466587436218286623447958515954821407736594433
37635240096277356221608661183399466587436218286623447958515954823606759849985
37635240096277356221608661183399466587436218286623447958515954832402852872193
37635240096277356221608661183399466587436218286623447958515954834601876127745
37635240096277356221608661183399466587436218286623447958515954836800899383297
37635240096277356221608661183399466587436218286623447958515954845596992405505
37635240096277356221608661183399466587436218286623447958515954847796015661057
37635240096277356221608661183399466587436218286623447958515954849995038916609
37635240096277356221608661183399466587436218286623447958515954858791131938817
37635240096277356221608661183399466587436218286623447958515954860990155194369
37635240096277356221608661183399466587436218286623447958515954863189178449921
37635240096277356221608661183399466587436218286623447958515954871985271472129
37635240096277356221608661183399466587436218286623447958515954874184294727681
37635240096277356221608661183399466587436218286623447958515954876383317983233
37635240096277356221608661183399466587436218286623447958515954884079899377665
37635240096277356221608661183399466587436218286623447958515954885179411005441
37635240096277356221608661183399466587436218286623447958515954889577457516545
37635240096277356221608661183399466587436218286623447958515954898373550538753
37635240096277356221608661183399466587436218286623447958515954900572573794305
37635240096277356221608661183399466587436218286623447958515954902771597049857
37635240096277356221608661183399466587436218286623447958515954911567690072065
37635240096277356221608661183399466587436218286623447958515954913766713327617
37635240096277356221608661183399466587436218286623447958515954915965736583169
37635240096277356221608661183399466587436218286623447958515954924761829605377
37635240096277356221608661183399466587436218286623447958515954926960852860929
37635240096277356221608661183399466587436218286623447958515954929159876116481
37635240096277356221608661183399466587436218286623447958515954937955969138689
37635240096277356221608661183399466587436218286623447958515954940154992394241
37635240096277356221608661183399466587436218286623447958515954942354015649793
37635240096277356221608661183399466587436218286623447958515954951150108672001
37635240096277356221608661183399466587436218286623447958515954953349131927553
37635240096277356221608661183399466587436218286623447958515954955548155183105
37635240096277356221608661183399466587436218286623447958515954964344248205313
37635240096277356221608661183399466587436218286623447958515954966543271460865
37635240096277356221608661183399466587436218286623447958515954968742294716417
37635240096277356221608661183399466587436218286623447958515954977538387738625
37635240096277356221608661183399466587436218286623447958515954979737410994177
37635240096277356221608661183399466587436218286623447958515954981936434249729
37635240096277356221608661183399466587436218286623447958515954990732527271937
37635240096277356221608661183399466587436218286623447958515954992931550527489
37635240096277356221608661183399466587436218286623447958515954995130573783041
37635240096277356221608661183399466587436218286623447958515955003926666805249
37635240096277356221608661183399466587436218286623447958515955006125690060801
37635240096277356221608661183399466587436218286623447958515955008324713316353
37635240096277356221608661183399466587436218286623447958515955017120806338561
37635240096277356221608661183399466587436218286623447958515955019319829594113
37635240096277356221608661183399466587436218286623447958515955021518852849665
37635240096277356221608661183399466587436218286623447958515955030314945871873
37635240096277356221608661183399466587436218286623447958515955032513969127425
37635240096277356221608661183399466587436218286623447958515955034712992382977
37635240096277356221608661183399466587436218286623447958515955043509085405185
37635240096277356221608661183399466587436218286623447958515955045708108660737
37635240096277356221608661183399466587436218286623447958515955047907131916289
37635240096277356221608661183399466587436218286623447958515955056703224938497
37635240096277356221608661183399466587436218286623447958515955058902248194049
37635240096277356221608661183399466587436218286623447958515955061101271449601
37635240096277356221608661183399466587436218286623447958515955069897364471809
37635240096277356221608661183399466587436218286623447958515955072096387727361
37635240096277356221608661183399466587436218286623447958515955074295410982913
37635240096277356221608661183399466587436218286623447958515955083091504005121
37635240096277356221608661183399466587436218286623447958515955085290527260673
37635240096277356221608661183399466587436218286623447958515955087489550516225
37635240096277356221608661183399466587436218286623447958515955096285643538433
37635240096277356221608661183399466587436218286623447958515955098484666793985
37635240096277356221608661183399466587436218286623447958515955100683690049537
37635240096277356221608661183399466587436218286623447958515955109479783071745
37635240096277356221608661183399466587436218286623447958515955111678806327297
37635240096277356221608661183399466587436218286623447958515955113877829582849
37635240096277356221608661183399466587436218286623447958515955122673922605057
37635240096277356221608661183399466587436218286623447958515955124872945860609
37635240096277356221608661183399466587436218286623447958515955127071969116161
37635240096277356221608661183399466587436218286623447958515955135868062138369
37635240096277356221608661183399466587436218286623447958515955138067085393921
37635240096277356221608661183399466587436218286623447958515955140266108649473
37635240096277356221608661183399466587436218286623447958515955149062201671681
37635240096277356221608661183399466587436218286623447958515955151261224927233
37635240096277356221608661183399466587436218286623447958515955153460248182785
37635240096277356221608661183399466587436218286623447958515955162256341204993
37635240096277356221608661183399466587436218286623447958515955164455364460545
37635240096277356221608661183399466587436218286623447958515955166654387716097
37635240096277356221608661183399466587436218286623447958515955175450480738305
37635240096277356221608661183399466587436218286623447958515955177649503993857
37635240096277356221608661183399466587436218286623447958515955179848527249409
37635240096277356221608661183399466587436218286623447958515955186445597016065
37635240096277356221608661183399466587436218286623447958515955188644620271617
37635240096277356221608661183399466587436218286623447958515955190843643527169
37635240096277356221608661183399466587436218286623447958515955199639736549377
37635240096277356221608661183399466587436218286623447958515955201838759804929
37635240096277356221608661183399466587436218286623447958515955204037783060481
37635240096277356221608661183399466587436218286623447958515955212833876082689
37635240096277356221608661183399466587436218286623447958515955215032899338241
37635240096277356221608661183399466587436218286623447958515955217231922593793
37635240096277356221608661183399466587436218286623447958515955223828992360449
37635240096277356221608661183399466587436218286623447958515955224928503988225
37635240096277356221608661183399466587436218286623447958515955227127527243777
37635240096277356221608661183399466587436218286623447958515955235923620265985
37635240096277356221608661183399466587436218286623447958515955238122643521537
37635240096277356221608661183399466587436218286623447958515955240321666777089
37635240096277356221608661183399466587436218286623447958515955249117759799297
37635240096277356221608661183399466587436218286623447958515955251316783054849
37635240096277356221608661183399466587436218286623447958515955253515806310401
37635240096277356221608661183399466587436218286623447958515955262311899332609
37635240096277356221608661183399466587436218286623447958515955264510922588161
37635240096277356221608661183399466587436218286623447958515955266709945843713
37635240096277356221608661183399466587436218286623447958515955275506038865921
37635240096277356221608661183399466587436218286623447958515955277705062121473
37635240096277356221608661183399466587436218286623447958515955279904085377025
37635240096277356221608661183399466587436218286623447958515955288700178399233
37635240096277356221608661183399466587436218286623447958515955290899201654785
37635240096277356221608661183399466587436218286623447958515955293098224910337
37635240096277356221608661183399466587436218286623447958515955301894317932545
37635240096277356221608661183399466587436218286623447958515955304093341188097
37635240096277356221608661183399466587436218286623447958515955306292364443649
37635240096277356221608661183399466587436218286623447958515955315088457465857
37635240096277356221608661183399466587436218286623447958515955317287480721409
37635240096277356221608661183399466587436218286623447958515955319486503976961
37635240096277356221608661183399466587436218286623447958515955330481620254721
37635240096277356221608661183399466587436218286623447958515955332680643510273
37635240096277356221608661183399466587436218286623447958515955334879666765825
37635240096277356221608661183399466587436218286623447958515955343675759788033
37635240096277356221608661183399466587436218286623447958515955349173317926913
37635240096277356221608661183399466587436218286623447958515955351372341182465
37635240096277356221608661183399466587436218286623447958515955360168434204673
37635240096277356221608661183399466587436218286623447958515955362367457460225
37635240096277356221608661183399466587436218286623447958515955364566480715777
37635240096277356221608661183399466587436218286623447958515955373362573737985
37635240096277356221608661183399466587436218286623447958515955375561596993537
37635240096277356221608661183399466587436218286623447958515955377760620249089
37635240096277356221608661183399466587436218286623447958515955386556713271297
37635240096277356221608661183399466587436218286623447958515955388755736526849
37635240096277356221608661183399466587436218286623447958515955390954759782401
37635240096277356221608661183399466587436218286623447958515955399750852804609
37635240096277356221608661183399466587436218286623447958515955401949876060161
37635240096277356221608661183399466587436218286623447958515955404148899315713
37635240096277356221608661183399466587436218286623447958515955412944992337921
37635240096277356221608661183399466587436218286623447958515955415144015593473
37635240096277356221608661183399466587436218286623447958515955417343038849025
37635240096277356221608661183399466587436218286623447958515955426139131871233
37635240096277356221608661183399466587436218286623447958515955428338155126785
37635240096277356221608661183399466587436218286623447958515955430537178382337
37635240096277356221608661183399466587436218286623447958515955439333271404545
37635240096277356221608661183399466587436218286623447958515955441532294660097
37635240096277356221608661183399466587436218286623447958515955443731317915649
37635240096277356221608661183399466587436218286623447958515955452527410937857
37635240096277356221608661183399466587436218286623447958515955454726434193409
37635240096277356221608661183399466587436218286623447958515955456925457448961
37635240096277356221608661183399466587436218286623447958515955465721550471169
37635240096277356221608661183399466587436218286623447958515955467920573726721
37635240096277356221608661183399466587436218286623447958515955470119596982273
37635240096277356221608661183399466587436218286623447958515955478915690004481
37635240096277356221608661183399466587436218286623447958515955481114713260033
37635240096277356221608661183399466587436218286623447958515955483313736515585
37635240096277356221608661183399466587436218286623447958515955492109829537793
37635240096277356221608661183399466587436218286623447958515955494308852793345
37635240096277356221608661183399466587436218286623447958515955496507876048897
37635240096277356221608661183399466587436218286623447958515955505303969071105
37635240096277356221608661183399466587436218286623447958515955507502992326657
37635240096277356221608661183399466587436218286623447958515955509702015582209
37635240096277356221608661183399466587436218286623447958515955518498108604417
37635240096277356221608661183399466587436218286623447958515955520697131859969
37635240096277356221608661183399466587436218286623447958515955522896155115521
37635240096277356221608661183399466587436218286623447958515955531692248137729
37635240096277356221608661183399466587436218286623447958515955533891271393281
37635240096277356221608661183399466587436218286623447958515955536090294648833
37635240096277356221608661183399466587436218286623447958515955544886387671041
37635240096277356221608661183399466587436218286623447958515955547085410926593
37635240096277356221608661183399466587436218286623447958515955549284434182145
37635240096277356221608661183399466587436218286623447958515955558080527204353
37635240096277356221608661183399466587436218286623447958515955560279550459905
37635240096277356221608661183399466587436218286623447958515955562478573715457
37635240096277356221608661183399466587436218286623447958515955571274666737665
37635240096277356221608661183399466587436218286623447958515955573473689993217
37635240096277356221608661183399466587436218286623447958515955575672713248769
37635240096277356221608661183399466587436218286623447958515955584468806270977
37635240096277356221608661183399466587436218286623447958515955586667829526529
37635240096277356221608661183399466587436218286623447958515955588866852782081
37635240096277356221608661183399466587436218286623447958515955597662945804289
37635240096277356221608661183399466587436218286623447958515955599861969059841
37635240096277356221608661183399466587436218286623447958515955602060992315393
37635240096277356221608661183399466587436218286623447958515955610857085337601
37635240096277356221608661183399466587436218286623447958515955613056108593153
37635240096277356221608661183399466587436218286623447958515955615255131848705
37635240096277356221608661183399466587436218286623447958515955624051224870913
37635240096277356221608661183399466587436218286623447958515955626250248126465
37635240096277356221608661183399466587436218286623447958515955628449271382017
37635240096277356221608661183399466587436218286623447958515955637245364404225
37635240096277356221608661183399466587436218286623447958515955639444387659777
37635240096277356221608661183399466587436218286623447958515955641643410915329
37635240096277356221608661183399466587436218286623447958515955650439503937537
37635240096277356221608661183399466587436218286623447958515955652638527193089
37635240096277356221608661183399466587436218286623447958515955654837550448641
37635240096277356221608661183399466587436218286623447958515955663633643470849
37635240096277356221608661183399466587436218286623447958515955665832666726401
37635240096277356221608661183399466587436218286623447958515955668031689981953
37635240096277356221608661183399466587436218286623447958515955676827783004161
37635240096277356221608661183399466587436218286623447958515955679026806259713
37635240096277356221608661183399466587436218286623447958515955681225829515265
37635240096277356221608661183399466587436218286623447958515955691121434165249
37635240096277356221608661183399466587436218286623447958515955693320457420801
37635240096277356221608661183399466587436218286623447958515955695519480676353
37635240096277356221608661183399466587436218286623447958515955704315573698561
37635240096277356221608661183399466587436218286623447958515955706514596954113
37635240096277356221608661183399466587436218286623447958515955708713620209665
37635240096277356221608661183399466587436218286623447958515955717509713231873
37635240096277356221608661183399466587436218286623447958515955719708736487425
37635240096277356221608661183399466587436218286623447958515955721907759742977
37635240096277356221608661183399466587436218286623447958515955730703852765185
37635240096277356221608661183399466587436218286623447958515955732902876020737
37635240096277356221608661183399466587436218286623447958515955735101899276289
37635240096277356221608661183399466587436218286623447958515955743897992298497
37635240096277356221608661183399466587436218286623447958515955746097015554049
37635240096277356221608661183399466587436218286623447958515955748296038809601
37635240096277356221608661183399466587436218286623447958515955757092131831809
37635240096277356221608661183399466587436218286623447958515955759291155087361
37635240096277356221608661183399466587436218286623447958515955761490178342913
37635240096277356221608661183399466587436218286623447958515955770286271365121
37635240096277356221608661183399466587436218286623447958515955772485294620673
37635240096277356221608661183399466587436218286623447958515955774684317876225
37635240096277356221608661183399466587436218286623447958515955781281387642881
37635240096277356221608661183399466587436218286623447958515955783480410898433
37635240096277356221608661183399466587436218286623447958515955785679434153985
37635240096277356221608661183399466587436218286623447958515955794475527176193
37635240096277356221608661183399466587436218286623447958515955796674550431745
37635240096277356221608661183399466587436218286623447958515955798873573687297
37635240096277356221608661183399466587436218286623447958515955807669666709505
37635240096277356221608661183399466587436218286623447958515955809868689965057
37635240096277356221608661183399466587436218286623447958515955812067713220609
37635240096277356221608661183399466587436218286623447958515955820863806242817
37635240096277356221608661183399466587436218286623447958515955823062829498369
37635240096277356221608661183399466587436218286623447958515955825261852753921
37635240096277356221608661183399466587436218286623447958515955834057945776129
37635240096277356221608661183399466587436218286623447958515955836256969031681
37635240096277356221608661183399466587436218286623447958515955838455992287233
37635240096277356221608661183399466587436218286623447958515955845053062053889
37635240096277356221608661183399466587436218286623447958515955847252085309441
37635240096277356221608661183399466587436218286623447958515955848351596937217
37635240096277356221608661183399466587436218286623447958515955854948666703873
37635240096277356221608661183399466587436218286623447958515955857147689959425
37635240096277356221608661183399466587436218286623447958515955859346713214977
37635240096277356221608661183399466587436218286623447958515955868142806237185
37635240096277356221608661183399466587436218286623447958515955870341829492737
37635240096277356221608661183399466587436218286623447958515955872540852748289
37635240096277356221608661183399466587436218286623447958515955881336945770497
37635240096277356221608661183399466587436218286623447958515955883535969026049
37635240096277356221608661183399466587436218286623447958515955885734992281601
37635240096277356221608661183399466587436218286623447958515955894531085303809
37635240096277356221608661183399466587436218286623447958515955896730108559361
37635240096277356221608661183399466587436218286623447958515955898929131814913
37635240096277356221608661183399466587436218286623447958515955907725224837121
37635240096277356221608661183399466587436218286623447958515955909924248092673
37635240096277356221608661183399466587436218286623447958515955912123271348225
37635240096277356221608661183399466587436218286623447958515955920919364370433
37635240096277356221608661183399466587436218286623447958515955923118387625985
37635240096277356221608661183399466587436218286623447958515955925317410881537
37635240096277356221608661183399466587436218286623447958515955934113503903745
37635240096277356221608661183399466587436218286623447958515955936312527159297
37635240096277356221608661183399466587436218286623447958515955938511550414849
37635240096277356221608661183399466587436218286623447958515955947307643437057
37635240096277356221608661183399466587436218286623447958515955949506666692609
37635240096277356221608661183399466587436218286623447958515955951705689948161
37635240096277356221608661183399466587436218286623447958515955960501782970369
37635240096277356221608661183399466587436218286623447958515955962700806225921
37635240096277356221608661183399466587436218286623447958515955964899829481473
37635240096277356221608661183399466587436218286623447958515955973695922503681
37635240096277356221608661183399466587436218286623447958515955975894945759233
37635240096277356221608661183399466587436218286623447958515955978093969014785
37635240096277356221608661183399466587436218286623447958515955986890062036993
37635240096277356221608661183399466587436218286623447958515955989089085292545
37635240096277356221608661183399466587436218286623447958515955991288108548097
37635240096277356221608661183399466587436218286623447958515956000084201570305
37635240096277356221608661183399466587436218286623447958515956002283224825857
37635240096277356221608661183399466587436218286623447958515956004482248081409
37635240096277356221608661183399466587436218286623447958515956013278341103617
37635240096277356221608661183399466587436218286623447958515956015477364359169
37635240096277356221608661183399466587436218286623447958515956017676387614721
37635240096277356221608661183399466587436218286623447958515956026472480636929
37635240096277356221608661183399466587436218286623447958515956028671503892481
37635240096277356221608661183399466587436218286623447958515956029771015520257
37635240096277356221608661183399466587436218286623447958515956041865643425793
37635240096277356221608661183399466587436218286623447958515956044064666681345
37635240096277356221608661183399466587436218286623447958515956046263689936897
37635240096277356221608661183399466587436218286623447958515956055059782959105
37635240096277356221608661183399466587436218286623447958515956057258806214657
37635240096277356221608661183399466587436218286623447958515956059457829470209
37635240096277356221608661183399466587436218286623447958515956070452945747969
37635240096277356221608661183399466587436218286623447958515956072651969003521
37635240096277356221608661183399466587436218286623447958515956074850992259073
37635240096277356221608661183399466587436218286623447958515956083647085281281
37635240096277356221608661183399466587436218286623447958515956085846108536833
37635240096277356221608661183399466587436218286623447958515956088045131792385
37635240096277356221608661183399466587436218286623447958515956096841224814593
37635240096277356221608661183399466587436218286623447958515956099040248070145
37635240096277356221608661183399466587436218286623447958515956101239271325697
37635240096277356221608661183399466587436218286623447958515956110035364347905
37635240096277356221608661183399466587436218286623447958515956112234387603457
37635240096277356221608661183399466587436218286623447958515956114433410859009
37635240096277356221608661183399466587436218286623447958515956123229503881217
37635240096277356221608661183399466587436218286623447958515956125428527136769
37635240096277356221608661183399466587436218286623447958515956127627550392321
37635240096277356221608661183399466587436218286623447958515956136423643414529
37635240096277356221608661183399466587436218286623447958515956138622666670081
37635240096277356221608661183399466587436218286623447958515956140821689925633
37635240096277356221608661183399466587436218286623447958515956149617782947841
37635240096277356221608661183399466587436218286623447958515956151816806203393
37635240096277356221608661183399466587436218286623447958515956154015829458945
37635240096277356221608661183399466587436218286623447958515956162811922481153
37635240096277356221608661183399466587436218286623447958515956165010945736705
37635240096277356221608661183399466587436218286623447958515956167209968992257
37635240096277356221608661183399466587436218286623447958515956176006062014465
37635240096277356221608661183399466587436218286623447958515956178205085270017
37635240096277356221608661183399466587436218286623447958515956180404108525569
37635240096277356221608661183399466587436218286623447958515956189200201547777
37635240096277356221608661183399466587436218286623447958515956191399224803329
37635240096277356221608661183399466587436218286623447958515956193598248058881
37635240096277356221608661183399466587436218286623447958515956202394341081089
37635240096277356221608661183399466587436218286623447958515956204593364336641
37635240096277356221608661183399466587436218286623447958515956206792387592193
37635240096277356221608661183399466587436218286623447958515956215588480614401
37635240096277356221608661183399466587436218286623447958515956217787503869953
37635240096277356221608661183399466587436218286623447958515956222185550381057
37635240096277356221608661183399466587436218286623447958515956230981643403265
37635240096277356221608661183399466587436218286623447958515956233180666658817
37635240096277356221608661183399466587436218286623447958515956235379689914369
37635240096277356221608661183399466587436218286623447958515956244175782936577
37635240096277356221608661183399466587436218286623447958515956246374806192129
37635240096277356221608661183399466587436218286623447958515956248573829447681
37635240096277356221608661183399466587436218286623447958515956257369922469889
37635240096277356221608661183399466587436218286623447958515956259568945725441
37635240096277356221608661183399466587436218286623447958515956261767968980993
37635240096277356221608661183399466587436218286623447958515956270564062003201
37635240096277356221608661183399466587436218286623447958515956272763085258753
37635240096277356221608661183399466587436218286623447958515956274962108514305
37635240096277356221608661183399466587436218286623447958515956283758201536513
37635240096277356221608661183399466587436218286623447958515956285957224792065
37635240096277356221608661183399466587436218286623447958515956288156248047617
37635240096277356221608661183399466587436218286623447958515956296952341069825
37635240096277356221608661183399466587436218286623447958515956299151364325377
37635240096277356221608661183399466587436218286623447958515956301350387580929
37635240096277356221608661183399466587436218286623447958515956310146480603137
37635240096277356221608661183399466587436218286623447958515956312345503858689
37635240096277356221608661183399466587436218286623447958515956314544527114241
37635240096277356221608661183399466587436218286623447958515956323340620136449
37635240096277356221608661183399466587436218286623447958515956325539643392001
37635240096277356221608661183399466587436218286623447958515956327738666647553
37635240096277356221608661183399466587436218286623447958515956336534759669761
37635240096277356221608661183399466587436218286623447958515956338733782925313
37635240096277356221608661183399466587436218286623447958515956340932806180865
37635240096277356221608661183399466587436218286623447958515956349728899203073
37635240096277356221608661183399466587436218286623447958515956351927922458625
37635240096277356221608661183399466587436218286623447958515956354126945714177
37635240096277356221608661183399466587436218286623447958515956362923038736385
37635240096277356221608661183399466587436218286623447958515956365122061991937
37635240096277356221608661183399466587436218286623447958515956367321085247489
37635240096277356221608661183399466587436218286623447958515956376117178269697
37635240096277356221608661183399466587436218286623447958515956378316201525249
37635240096277356221608661183399466587436218286623447958515956380515224780801
37635240096277356221608661183399466587436218286623447958515956389311317803009
37635240096277356221608661183399466587436218286623447958515956391510341058561
37635240096277356221608661183399466587436218286623447958515956393709364314113
37635240096277356221608661183399466587436218286623447958515956402505457336321
37635240096277356221608661183399466587436218286623447958515956404704480591873
37635240096277356221608661183399466587436218286623447958515956406903503847425
37635240096277356221608661183399466587436218286623447958515956415699596869633
37635240096277356221608661183399466587436218286623447958515956417898620125185
37635240096277356221608661183399466587436218286623447958515956420097643380737
37635240096277356221608661183399466587436218286623447958515956428893736402945
37635240096277356221608661183399466587436218286623447958515956431092759658497
37635240096277356221608661183399466587436218286623447958515956433291782914049
37635240096277356221608661183399466587436218286623447958515956442087875936257
37635240096277356221608661183399466587436218286623447958515956444286899191809
37635240096277356221608661183399466587436218286623447958515956446485922447361
37635240096277356221608661183399466587436218286623447958515956455282015469569
37635240096277356221608661183399466587436218286623447958515956457481038725121
37635240096277356221608661183399466587436218286623447958515956459680061980673
37635240096277356221608661183399466587436218286623447958515956468476155002881
37635240096277356221608661183399466587436218286623447958515956470675178258433
37635240096277356221608661183399466587436218286623447958515956472874201513985
37635240096277356221608661183399466587436218286623447958515956481670294536193
37635240096277356221608661183399466587436218286623447958515956483869317791745
37635240096277356221608661183399466587436218286623447958515956486068341047297
37635240096277356221608661183399466587436218286623447958515956494864434069505
37635240096277356221608661183399466587436218286623447958515956497063457325057
37635240096277356221608661183399466587436218286623447958515956499262480580609
37635240096277356221608661183399466587436218286623447958515956508058573602817
37635240096277356221608661183399466587436218286623447958515956510257596858369
37635240096277356221608661183399466587436218286623447958515956512456620113921
37635240096277356221608661183399466587436218286623447958515956521252713136129
37635240096277356221608661183399466587436218286623447958515956523451736391681
37635240096277356221608661183399466587436218286623447958515956525650759647233
37635240096277356221608661183399466587436218286623447958515956534446852669441
37635240096277356221608661183399466587436218286623447958515956536645875924993
37635240096277356221608661183399466587436218286623447958515956538844899180545
37635240096277356221608661183399466587436218286623447958515956547640992202753
37635240096277356221608661183399466587436218286623447958515956549840015458305
37635240096277356221608661183399466587436218286623447958515956552039038713857
37635240096277356221608661183399466587436218286623447958515956560835131736065
37635240096277356221608661183399466587436218286623447958515956563034154991617
37635240096277356221608661183399466587436218286623447958515956565233178247169
37635240096277356221608661183399466587436218286623447958515956574029271269377
37635240096277356221608661183399466587436218286623447958515956576228294524929
37635240096277356221608661183399466587436218286623447958515956578427317780481
37635240096277356221608661183399466587436218286623447958515956587223410802689
37635240096277356221608661183399466587436218286623447958515956589422434058241
37635240096277356221608661183399466587436218286623447958515956591621457313793
37635240096277356221608661183399466587436218286623447958515956600417550336001
37635240096277356221608661183399466587436218286623447958515956602616573591553
37635240096277356221608661183399466587436218286623447958515956604815596847105
37635240096277356221608661183399466587436218286623447958515956613611689869313
37635240096277356221608661183399466587436218286623447958515956615810713124865
37635240096277356221608661183399466587436218286623447958515956618009736380417
37635240096277356221608661183399466587436218286623447958515956626805829402625
37635240096277356221608661183399466587436218286623447958515956629004852658177
37635240096277356221608661183399466587436218286623447958515956631203875913729
37635240096277356221608661183399466587436218286623447958515956639999968935937
37635240096277356221608661183399466587436218286623447958515956642198992191489
37635240096277356221608661183399466587436218286623447958515956644398015447041
37635240096277356221608661183399466587436218286623447958515956653194108469249
37635240096277356221608661183399466587436218286623447958515956655393131724801
37635240096277356221608661183399466587436218286623447958515956657592154980353
37635240096277356221608661183399466587436218286623447958515956666388248002561
37635240096277356221608661183399466587436218286623447958515956668587271258113
37635240096277356221608661183399466587436218286623447958515956670786294513665
37635240096277356221608661183399466587436218286623447958515956679582387535873
37635240096277356221608661183399466587436218286623447958515956681781410791425
37635240096277356221608661183399466587436218286623447958515956683980434046977
37635240096277356221608661183399466587436218286623447958515956692776527069185
37635240096277356221608661183399466587436218286623447958515956694975550324737
37635240096277356221608661183399466587436218286623447958515956697174573580289
37635240096277356221608661183399466587436218286623447958515956707070178230273
37635240096277356221608661183399466587436218286623447958515956709269201485825
37635240096277356221608661183399466587436218286623447958515956711468224741377
37635240096277356221608661183399466587436218286623447958515956720264317763585
37635240096277356221608661183399466587436218286623447958515956722463341019137
37635240096277356221608661183399466587436218286623447958515956724662364274689
37635240096277356221608661183399466587436218286623447958515956733458457296897
37635240096277356221608661183399466587436218286623447958515956735657480552449
37635240096277356221608661183399466587436218286623447958515956737856503808001
37635240096277356221608661183399466587436218286623447958515956746652596830209
37635240096277356221608661183399466587436218286623447958515956748851620085761
37635240096277356221608661183399466587436218286623447958515956751050643341313
37635240096277356221608661183399466587436218286623447958515956759846736363521
37635240096277356221608661183399466587436218286623447958515956762045759619073
37635240096277356221608661183399466587436218286623447958515956764244782874625
37635240096277356221608661183399466587436218286623447958515956773040875896833
37635240096277356221608661183399466587436218286623447958515956775239899152385
37635240096277356221608661183399466587436218286623447958515956777438922407937
37635240096277356221608661183399466587436218286623447958515956786235015430145
37635240096277356221608661183399466587436218286623447958515956788434038685697
37635240096277356221608661183399466587436218286623447958515956790633061941249
37635240096277356221608661183399466587436218286623447958515956799429154963457
37635240096277356221608661183399466587436218286623447958515956801628178219009
37635240096277356221608661183399466587436218286623447958515956803827201474561
37635240096277356221608661183399466587436218286623447958515956812623294496769
37635240096277356221608661183399466587436218286623447958515956814822317752321
37635240096277356221608661183399466587436218286623447958515956817021341007873
37635240096277356221608661183399466587436218286623447958515956825817434030081
37635240096277356221608661183399466587436218286623447958515956828016457285633
37635240096277356221608661183399466587436218286623447958515956830215480541185
37635240096277356221608661183399466587436218286623447958515956839011573563393
37635240096277356221608661183399466587436218286623447958515956841210596818945
37635240096277356221608661183399466587436218286623447958515956843409620074497
37635240096277356221608661183399466587436218286623447958515956852205713096705
37635240096277356221608661183399466587436218286623447958515956854404736352257
37635240096277356221608661183399466587436218286623447958515956856603759607809
37635240096277356221608661183399466587436218286623447958515956865399852630017
37635240096277356221608661183399466587436218286623447958515956867598875885569
37635240096277356221608661183399466587436218286623447958515956869797899141121
37635240096277356221608661183399466587436218286623447958515956878593992163329
37635240096277356221608661183399466587436218286623447958515956880793015418881
37635240096277356221608661183399466587436218286623447958515956882992038674433
37635240096277356221608661183399466587436218286623447958515956891788131696641
37635240096277356221608661183399466587436218286623447958515956893987154952193
37635240096277356221608661183399466587436218286623447958515956896186178207745
37635240096277356221608661183399466587436218286623447958515956904982271229953
37635240096277356221608661183399466587436218286623447958515956907181294485505
37635240096277356221608661183399466587436218286623447958515956909380317741057
37635240096277356221608661183399466587436218286623447958515956918176410763265
37635240096277356221608661183399466587436218286623447958515956920375434018817
37635240096277356221608661183399466587436218286623447958515956922574457274369
37635240096277356221608661183399466587436218286623447958515956931370550296577
37635240096277356221608661183399466587436218286623447958515956933569573552129
37635240096277356221608661183399466587436218286623447958515956935768596807681
37635240096277356221608661183399466587436218286623447958515956944564689829889
37635240096277356221608661183399466587436218286623447958515956946763713085441
37635240096277356221608661183399466587436218286623447958515956952261271224321
37635240096277356221608661183399466587436218286623447958515956961057364246529
37635240096277356221608661183399466587436218286623447958515956963256387502081
37635240096277356221608661183399466587436218286623447958515956965455410757633
37635240096277356221608661183399466587436218286623447958515956974251503779841
37635240096277356221608661183399466587436218286623447958515956976450527035393
37635240096277356221608661183399466587436218286623447958515956978649550290945
37635240096277356221608661183399466587436218286623447958515956987445643313153
37635240096277356221608661183399466587436218286623447958515956989644666568705
37635240096277356221608661183399466587436218286623447958515956991843689824257
37635240096277356221608661183399466587436218286623447958515957000639782846465
37635240096277356221608661183399466587436218286623447958515957002838806102017
37635240096277356221608661183399466587436218286623447958515957005037829357569
37635240096277356221608661183399466587436218286623447958515957013833922379777
37635240096277356221608661183399466587436218286623447958515957016032945635329
37635240096277356221608661183399466587436218286623447958515957018231968890881
37635240096277356221608661183399466587436218286623447958515957027028061913089
37635240096277356221608661183399466587436218286623447958515957029227085168641
37635240096277356221608661183399466587436218286623447958515957031426108424193
37635240096277356221608661183399466587436218286623447958515957040222201446401
37635240096277356221608661183399466587436218286623447958515957042421224701953
37635240096277356221608661183399466587436218286623447958515957044620247957505
37635240096277356221608661183399466587436218286623447958515957053416340979713
37635240096277356221608661183399466587436218286623447958515957055615364235265
37635240096277356221608661183399466587436218286623447958515957057814387490817
37635240096277356221608661183399466587436218286623447958515957066610480513025
37635240096277356221608661183399466587436218286623447958515957068809503768577
37635240096277356221608661183399466587436218286623447958515957071008527024129
37635240096277356221608661183399466587436218286623447958515957079804620046337
37635240096277356221608661183399466587436218286623447958515957082003643301889
37635240096277356221608661183399466587436218286623447958515957084202666557441
37635240096277356221608661183399466587436218286623447958515957092998759579649
37635240096277356221608661183399466587436218286623447958515957095197782835201
37635240096277356221608661183399466587436218286623447958515957097396806090753
37635240096277356221608661183399466587436218286623447958515957106192899112961
37635240096277356221608661183399466587436218286623447958515957108391922368513
37635240096277356221608661183399466587436218286623447958515957110590945624065
37635240096277356221608661183399466587436218286623447958515957119387038646273
37635240096277356221608661183399466587436218286623447958515957121586061901825
37635240096277356221608661183399466587436218286623447958515957123785085157377
37635240096277356221608661183399466587436218286623447958515957132581178179585
37635240096277356221608661183399466587436218286623447958515957134780201435137
37635240096277356221608661183399466587436218286623447958515957136979224690689
37635240096277356221608661183399466587436218286623447958515957145775317712897
37635240096277356221608661183399466587436218286623447958515957147974340968449
37635240096277356221608661183399466587436218286623447958515957150173364224001
37635240096277356221608661183399466587436218286623447958515957158969457246209
37635240096277356221608661183399466587436218286623447958515957161168480501761
37635240096277356221608661183399466587436218286623447958515957163367503757313
37635240096277356221608661183399466587436218286623447958515957172163596779521
37635240096277356221608661183399466587436218286623447958515957174362620035073
37635240096277356221608661183399466587436218286623447958515957176561643290625
37635240096277356221608661183399466587436218286623447958515957185357736312833
37635240096277356221608661183399466587436218286623447958515957187556759568385
37635240096277356221608661183399466587436218286623447958515957189755782823937
37635240096277356221608661183399466587436218286623447958515957198551875846145
37635240096277356221608661183399466587436218286623447958515957200750899101697
37635240096277356221608661183399466587436218286623447958515957202949922357249
37635240096277356221608661183399466587436218286623447958515957211746015379457
37635240096277356221608661183399466587436218286623447958515957213945038635009
37635240096277356221608661183399466587436218286623447958515957216144061890561
37635240096277356221608661183399466587436218286623447958515957224940154912769
37635240096277356221608661183399466587436218286623447958515957227139178168321
37635240096277356221608661183399466587436218286623447958515957229338201423873
37635240096277356221608661183399466587436218286623447958515957235935271190529
37635240096277356221608661183399466587436218286623447958515957238134294446081
37635240096277356221608661183399466587436218286623447958515957240333317701633
37635240096277356221608661183399466587436218286623447958515957249129410723841
37635240096277356221608661183399466587436218286623447958515957251328433979393
37635240096277356221608661183399466587436218286623447958515957253527457234945
37635240096277356221608661183399466587436218286623447958515957262323550257153
37635240096277356221608661183399466587436218286623447958515957264522573512705
37635240096277356221608661183399466587436218286623447958515957266721596768257
37635240096277356221608661183399466587436218286623447958515957275517689790465
37635240096277356221608661183399466587436218286623447958515957277716713046017
37635240096277356221608661183399466587436218286623447958515957279915736301569
37635240096277356221608661183399466587436218286623447958515957288711829323777
37635240096277356221608661183399466587436218286623447958515957290910852579329
37635240096277356221608661183399466587436218286623447958515957293109875834881
37635240096277356221608661183399466587436218286623447958515957301905968857089
37635240096277356221608661183399466587436218286623447958515957304104992112641
37635240096277356221608661183399466587436218286623447958515957306304015368193
37635240096277356221608661183399466587436218286623447958515957315100108390401
37635240096277356221608661183399466587436218286623447958515957317299131645953
37635240096277356221608661183399466587436218286623447958515957319498154901505
37635240096277356221608661183399466587436218286623447958515957328294247923713
37635240096277356221608661183399466587436218286623447958515957330493271179265
37635240096277356221608661183399466587436218286623447958515957332692294434817
37635240096277356221608661183399466587436218286623447958515957341488387457025
37635240096277356221608661183399466587436218286623447958515957343687410712577
37635240096277356221608661183399466587436218286623447958515957345886433968129
37635240096277356221608661183399466587436218286623447958515957354682526990337
37635240096277356221608661183399466587436218286623447958515957356881550245889
37635240096277356221608661183399466587436218286623447958515957359080573501441
37635240096277356221608661183399466587436218286623447958515957367876666523649
37635240096277356221608661183399466587436218286623447958515957370075689779201
37635240096277356221608661183399466587436218286623447958515957372274713034753
37635240096277356221608661183399466587436218286623447958515957377772271173633
37635240096277356221608661183399466587436218286623447958515957379971294429185
37635240096277356221608661183399466587436218286623447958515957382170317684737
37635240096277356221608661183399466587436218286623447958515957390966410706945
37635240096277356221608661183399466587436218286623447958515957393165433962497
37635240096277356221608661183399466587436218286623447958515957395364457218049
37635240096277356221608661183399466587436218286623447958515957404160550240257
37635240096277356221608661183399466587436218286623447958515957406359573495809
37635240096277356221608661183399466587436218286623447958515957407459085123585
37635240096277356221608661183399466587436218286623447958515957414056154890241
37635240096277356221608661183399466587436218286623447958515957416255178145793
37635240096277356221608661183399466587436218286623447958515957418454201401345
37635240096277356221608661183399466587436218286623447958515957427250294423553
37635240096277356221608661183399466587436218286623447958515957429449317679105
37635240096277356221608661183399466587436218286623447958515957431648340934657
37635240096277356221608661183399466587436218286623447958515957440444433956865
37635240096277356221608661183399466587436218286623447958515957442643457212417
37635240096277356221608661183399466587436218286623447958515957444842480467969
37635240096277356221608661183399466587436218286623447958515957453638573490177
37635240096277356221608661183399466587436218286623447958515957455837596745729
37635240096277356221608661183399466587436218286623447958515957458036620001281
37635240096277356221608661183399466587436218286623447958515957466832713023489
37635240096277356221608661183399466587436218286623447958515957469031736279041
37635240096277356221608661183399466587436218286623447958515957471230759534593
37635240096277356221608661183399466587436218286623447958515957480026852556801
37635240096277356221608661183399466587436218286623447958515957482225875812353
37635240096277356221608661183399466587436218286623447958515957484424899067905
37635240096277356221608661183399466587436218286623447958515957493220992090113
37635240096277356221608661183399466587436218286623447958515957495420015345665
37635240096277356221608661183399466587436218286623447958515957497619038601217
37635240096277356221608661183399466587436218286623447958515957506415131623425
37635240096277356221608661183399466587436218286623447958515957508614154878977
37635240096277356221608661183399466587436218286623447958515957510813178134529
37635240096277356221608661183399466587436218286623447958515957519609271156737
37635240096277356221608661183399466587436218286623447958515957521808294412289
37635240096277356221608661183399466587436218286623447958515957524007317667841
37635240096277356221608661183399466587436218286623447958515957532803410690049
37635240096277356221608661183399466587436218286623447958515957535002433945601
37635240096277356221608661183399466587436218286623447958515957537201457201153
37635240096277356221608661183399466587436218286623447958515957542699015340033
37635240096277356221608661183399466587436218286623447958515957544898038595585
37635240096277356221608661183399466587436218286623447958515957547097061851137
37635240096277356221608661183399466587436218286623447958515957555893154873345
37635240096277356221608661183399466587436218286623447958515957558092178128897
37635240096277356221608661183399466587436218286623447958515957560291201384449
37635240096277356221608661183399466587436218286623447958515957569087294406657
37635240096277356221608661183399466587436218286623447958515957571286317662209
37635240096277356221608661183399466587436218286623447958515957573485340917761
37635240096277356221608661183399466587436218286623447958515957582281433939969
37635240096277356221608661183399466587436218286623447958515957584480457195521
37635240096277356221608661183399466587436218286623447958515957586679480451073
37635240096277356221608661183399466587436218286623447958515957595475573473281
37635240096277356221608661183399466587436218286623447958515957597674596728833
37635240096277356221608661183399466587436218286623447958515957599873619984385
37635240096277356221608661183399466587436218286623447958515957610868736262145
37635240096277356221608661183399466587436218286623447958515957613067759517697
37635240096277356221608661183399466587436218286623447958515957615266782773249
37635240096277356221608661183399466587436218286623447958515957624062875795457
37635240096277356221608661183399466587436218286623447958515957626261899051009
37635240096277356221608661183399466587436218286623447958515957628460922306561
37635240096277356221608661183399466587436218286623447958515957637257015328769
37635240096277356221608661183399466587436218286623447958515957639456038584321
37635240096277356221608661183399466587436218286623447958515957641655061839873
37635240096277356221608661183399466587436218286623447958515957652650178117633
37635240096277356221608661183399466587436218286623447958515957654849201373185
37635240096277356221608661183399466587436218286623447958515957657048224628737
37635240096277356221608661183399466587436218286623447958515957663645294395393
37635240096277356221608661183399466587436218286623447958515957664744806023169
37635240096277356221608661183399466587436218286623447958515957665844317650945
37635240096277356221608661183399466587436218286623447958515957675739922300929
37635240096277356221608661183399466587436218286623447958515957677938945556481
37635240096277356221608661183399466587436218286623447958515957683436503695361
37635240096277356221608661183399466587436218286623447958515957692232596717569
37635240096277356221608661183399466587436218286623447958515957694431619973121
37635240096277356221608661183399466587436218286623447958515957696630643228673
37635240096277356221608661183399466587436218286623447958515957705426736250881
37635240096277356221608661183399466587436218286623447958515957707625759506433
37635240096277356221608661183399466587436218286623447958515957709824782761985
37635240096277356221608661183399466587436218286623447958515957718620875784193
37635240096277356221608661183399466587436218286623447958515957720819899039745
37635240096277356221608661183399466587436218286623447958515957723018922295297
37635240096277356221608661183399466587436218286623447958515957731815015317505
37635240096277356221608661183399466587436218286623447958515957734014038573057
37635240096277356221608661183399466587436218286623447958515957736213061828609
37635240096277356221608661183399466587436218286623447958515957745009154850817
37635240096277356221608661183399466587436218286623447958515957747208178106369
37635240096277356221608661183399466587436218286623447958515957749407201361921
37635240096277356221608661183399466587436218286623447958515957758203294384129
37635240096277356221608661183399466587436218286623447958515957760402317639681
37635240096277356221608661183399466587436218286623447958515957762601340895233
37635240096277356221608661183399466587436218286623447958515957771397433917441
37635240096277356221608661183399466587436218286623447958515957773596457172993
37635240096277356221608661183399466587436218286623447958515957775795480428545
37635240096277356221608661183399466587436218286623447958515957784591573450753
37635240096277356221608661183399466587436218286623447958515957786790596706305
37635240096277356221608661183399466587436218286623447958515957788989619961857
37635240096277356221608661183399466587436218286623447958515957797785712984065
37635240096277356221608661183399466587436218286623447958515957799984736239617
37635240096277356221608661183399466587436218286623447958515957802183759495169
37635240096277356221608661183399466587436218286623447958515957810979852517377
37635240096277356221608661183399466587436218286623447958515957813178875772929
37635240096277356221608661183399466587436218286623447958515957815377899028481
37635240096277356221608661183399466587436218286623447958515957824173992050689
37635240096277356221608661183399466587436218286623447958515957826373015306241
37635240096277356221608661183399466587436218286623447958515957828572038561793
37635240096277356221608661183399466587436218286623447958515957837368131584001
37635240096277356221608661183399466587436218286623447958515957839567154839553
37635240096277356221608661183399466587436218286623447958515957841766178095105
37635240096277356221608661183399466587436218286623447958515957850562271117313
37635240096277356221608661183399466587436218286623447958515957852761294372865
37635240096277356221608661183399466587436218286623447958515957854960317628417
37635240096277356221608661183399466587436218286623447958515957863756410650625
37635240096277356221608661183399466587436218286623447958515957865955433906177
37635240096277356221608661183399466587436218286623447958515957868154457161729
37635240096277356221608661183399466587436218286623447958515957876950550183937
37635240096277356221608661183399466587436218286623447958515957879149573439489
37635240096277356221608661183399466587436218286623447958515957881348596695041
37635240096277356221608661183399466587436218286623447958515957890144689717249
37635240096277356221608661183399466587436218286623447958515957892343712972801
37635240096277356221608661183399466587436218286623447958515957894542736228353
37635240096277356221608661183399466587436218286623447958515957903338829250561
37635240096277356221608661183399466587436218286623447958515957905537852506113
37635240096277356221608661183399466587436218286623447958515957907736875761665
37635240096277356221608661183399466587436218286623447958515957916532968783873
37635240096277356221608661183399466587436218286623447958515957918731992039425
37635240096277356221608661183399466587436218286623447958515957919831503667201
37635240096277356221608661183399466587436218286623447958515957924229550178305
37635240096277356221608661183399466587436218286623447958515957925329061806081
37635240096277356221608661183399466587436218286623447958515957927528085061633
37635240096277356221608661183399466587436218286623447958515957936324178083841
37635240096277356221608661183399466587436218286623447958515957938523201339393
37635240096277356221608661183399466587436218286623447958515957940722224594945
37635240096277356221608661183399466587436218286623447958515957949518317617153
37635240096277356221608661183399466587436218286623447958515957951717340872705
37635240096277356221608661183399466587436218286623447958515957953916364128257
37635240096277356221608661183399466587436218286623447958515957962712457150465
37635240096277356221608661183399466587436218286623447958515957964911480406017
37635240096277356221608661183399466587436218286623447958515957967110503661569
37635240096277356221608661183399466587436218286623447958515957975906596683777
37635240096277356221608661183399466587436218286623447958515957978105619939329
37635240096277356221608661183399466587436218286623447958515957980304643194881
37635240096277356221608661183399466587436218286623447958515957989100736217089
37635240096277356221608661183399466587436218286623447958515957991299759472641
37635240096277356221608661183399466587436218286623447958515957993498782728193
37635240096277356221608661183399466587436218286623447958515958002294875750401
37635240096277356221608661183399466587436218286623447958515958004493899005953
37635240096277356221608661183399466587436218286623447958515958006692922261505
37635240096277356221608661183399466587436218286623447958515958015489015283713
37635240096277356221608661183399466587436218286623447958515958017688038539265
37635240096277356221608661183399466587436218286623447958515958019887061794817
37635240096277356221608661183399466587436218286623447958515958028683154817025
37635240096277356221608661183399466587436218286623447958515958030882178072577
37635240096277356221608661183399466587436218286623447958515958033081201328129
37635240096277356221608661183399466587436218286623447958515958041877294350337
37635240096277356221608661183399466587436218286623447958515958044076317605889
37635240096277356221608661183399466587436218286623447958515958046275340861441
37635240096277356221608661183399466587436218286623447958515958055071433883649
37635240096277356221608661183399466587436218286623447958515958057270457139201
37635240096277356221608661183399466587436218286623447958515958059469480394753
37635240096277356221608661183399466587436218286623447958515958068265573416961
37635240096277356221608661183399466587436218286623447958515958070464596672513
37635240096277356221608661183399466587436218286623447958515958072663619928065
37635240096277356221608661183399466587436218286623447958515958081459712950273
37635240096277356221608661183399466587436218286623447958515958083658736205825
37635240096277356221608661183399466587436218286623447958515958085857759461377
37635240096277356221608661183399466587436218286623447958515958094653852483585
37635240096277356221608661183399466587436218286623447958515958096852875739137
37635240096277356221608661183399466587436218286623447958515958099051898994689
37635240096277356221608661183399466587436218286623447958515958107847992016897
37635240096277356221608661183399466587436218286623447958515958110047015272449
37635240096277356221608661183399466587436218286623447958515958112246038528001
37635240096277356221608661183399466587436218286623447958515958121042131550209
37635240096277356221608661183399466587436218286623447958515958123241154805761
37635240096277356221608661183399466587436218286623447958515958125440178061313
37635240096277356221608661183399466587436218286623447958515958134236271083521
37635240096277356221608661183399466587436218286623447958515958136435294339073
37635240096277356221608661183399466587436218286623447958515958138634317594625
37635240096277356221608661183399466587436218286623447958515958147430410616833
37635240096277356221608661183399466587436218286623447958515958149629433872385
37635240096277356221608661183399466587436218286623447958515958151828457127937
37635240096277356221608661183399466587436218286623447958515958160624550150145
37635240096277356221608661183399466587436218286623447958515958162823573405697
37635240096277356221608661183399466587436218286623447958515958165022596661249
37635240096277356221608661183399466587436218286623447958515958173818689683457
37635240096277356221608661183399466587436218286623447958515958176017712939009
37635240096277356221608661183399466587436218286623447958515958178216736194561
37635240096277356221608661183399466587436218286623447958515958187012829216769
37635240096277356221608661183399466587436218286623447958515958189211852472321
37635240096277356221608661183399466587436218286623447958515958191410875727873
37635240096277356221608661183399466587436218286623447958515958200206968750081
37635240096277356221608661183399466587436218286623447958515958202405992005633
37635240096277356221608661183399466587436218286623447958515958204605015261185
37635240096277356221608661183399466587436218286623447958515958213401108283393
37635240096277356221608661183399466587436218286623447958515958215600131538945
37635240096277356221608661183399466587436218286623447958515958217799154794497
37635240096277356221608661183399466587436218286623447958515958226595247816705
37635240096277356221608661183399466587436218286623447958515958228794271072257
37635240096277356221608661183399466587436218286623447958515958230993294327809
37635240096277356221608661183399466587436218286623447958515958239789387350017
37635240096277356221608661183399466587436218286623447958515958241988410605569
37635240096277356221608661183399466587436218286623447958515958244187433861121
37635240096277356221608661183399466587436218286623447958515958252983526883329
37635240096277356221608661183399466587436218286623447958515958255182550138881
37635240096277356221608661183399466587436218286623447958515958257381573394433
37635240096277356221608661183399466587436218286623447958515958266177666416641
37635240096277356221608661183399466587436218286623447958515958268376689672193
37635240096277356221608661183399466587436218286623447958515958270575712927745
37635240096277356221608661183399466587436218286623447958515958279371805949953
37635240096277356221608661183399466587436218286623447958515958281570829205505
37635240096277356221608661183399466587436218286623447958515958283769852461057
37635240096277356221608661183399466587436218286623447958515958292565945483265
37635240096277356221608661183399466587436218286623447958515958294764968738817
37635240096277356221608661183399466587436218286623447958515958296963991994369
37635240096277356221608661183399466587436218286623447958515958305760085016577
37635240096277356221608661183399466587436218286623447958515958307959108272129
37635240096277356221608661183399466587436218286623447958515958310158131527681
37635240096277356221608661183399466587436218286623447958515958318954224549889
37635240096277356221608661183399466587436218286623447958515958321153247805441
37635240096277356221608661183399466587436218286623447958515958323352271060993
37635240096277356221608661183399466587436218286623447958515958332148364083201
37635240096277356221608661183399466587436218286623447958515958334347387338753
37635240096277356221608661183399466587436218286623447958515958336546410594305
37635240096277356221608661183399466587436218286623447958515958345342503616513
37635240096277356221608661183399466587436218286623447958515958347541526872065
37635240096277356221608661183399466587436218286623447958515958349740550127617
37635240096277356221608661183399466587436218286623447958515958358536643149825
37635240096277356221608661183399466587436218286623447958515958360735666405377
37635240096277356221608661183399466587436218286623447958515958362934689660929
37635240096277356221608661183399466587436218286623447958515958371730782683137
37635240096277356221608661183399466587436218286623447958515958373929805938689
37635240096277356221608661183399466587436218286623447958515958376128829194241
37635240096277356221608661183399466587436218286623447958515958384924922216449
37635240096277356221608661183399466587436218286623447958515958387123945472001
37635240096277356221608661183399466587436218286623447958515958389322968727553
37635240096277356221608661183399466587436218286623447958515958398119061749761
37635240096277356221608661183399466587436218286623447958515958400318085005313
37635240096277356221608661183399466587436218286623447958515958402517108260865
37635240096277356221608661183399466587436218286623447958515958411313201283073
37635240096277356221608661183399466587436218286623447958515958413512224538625
37635240096277356221608661183399466587436218286623447958515958415711247794177
37635240096277356221608661183399466587436218286623447958515958424507340816385
37635240096277356221608661183399466587436218286623447958515958426706364071937
37635240096277356221608661183399466587436218286623447958515958428905387327489
37635240096277356221608661183399466587436218286623447958515958437701480349697
37635240096277356221608661183399466587436218286623447958515958439900503605249
37635240096277356221608661183399466587436218286623447958515958442099526860801
37635240096277356221608661183399466587436218286623447958515958450895619883009
37635240096277356221608661183399466587436218286623447958515958453094643138561
37635240096277356221608661183399466587436218286623447958515958455293666394113
37635240096277356221608661183399466587436218286623447958515958464089759416321
37635240096277356221608661183399466587436218286623447958515958466288782671873
37635240096277356221608661183399466587436218286623447958515958468487805927425
37635240096277356221608661183399466587436218286623447958515958477283898949633
37635240096277356221608661183399466587436218286623447958515958479482922205185
37635240096277356221608661183399466587436218286623447958515958481681945460737
37635240096277356221608661183399466587436218286623447958515958490478038482945
37635240096277356221608661183399466587436218286623447958515958492677061738497
37635240096277356221608661183399466587436218286623447958515958494876084994049
37635240096277356221608661183399466587436218286623447958515958503672178016257
37635240096277356221608661183399466587436218286623447958515958505871201271809
37635240096277356221608661183399466587436218286623447958515958508070224527361
37635240096277356221608661183399466587436218286623447958515958516866317549569
37635240096277356221608661183399466587436218286623447958515958519065340805121
37635240096277356221608661183399466587436218286623447958515958521264364060673
37635240096277356221608661183399466587436218286623447958515958530060457082881
37635240096277356221608661183399466587436218286623447958515958532259480338433
37635240096277356221608661183399466587436218286623447958515958534458503593985
37635240096277356221608661183399466587436218286623447958515958543254596616193
37635240096277356221608661183399466587436218286623447958515958545453619871745
37635240096277356221608661183399466587436218286623447958515958547652643127297
37635240096277356221608661183399466587436218286623447958515958556448736149505
37635240096277356221608661183399466587436218286623447958515958558647759405057
37635240096277356221608661183399466587436218286623447958515958560846782660609
37635240096277356221608661183399466587436218286623447958515958569642875682817
37635240096277356221608661183399466587436218286623447958515958571841898938369
37635240096277356221608661183399466587436218286623447958515958574040922193921
37635240096277356221608661183399466587436218286623447958515958582837015216129
37635240096277356221608661183399466587436218286623447958515958585036038471681
37635240096277356221608661183399466587436218286623447958515958587235061727233
37635240096277356221608661183399466587436218286623447958515958596031154749441
37635240096277356221608661183399466587436218286623447958515958598230178004993
37635240096277356221608661183399466587436218286623447958515958600429201260545
37635240096277356221608661183399466587436218286623447958515958609225294282753
37635240096277356221608661183399466587436218286623447958515958611424317538305
37635240096277356221608661183399466587436218286623447958515958613623340793857
37635240096277356221608661183399466587436218286623447958515958622419433816065
37635240096277356221608661183399466587436218286623447958515958624618457071617
37635240096277356221608661183399466587436218286623447958515958626817480327169
37635240096277356221608661183399466587436218286623447958515958635613573349377
37635240096277356221608661183399466587436218286623447958515958637812596604929
37635240096277356221608661183399466587436218286623447958515958640011619860481
37635240096277356221608661183399466587436218286623447958515958648807712882689
37635240096277356221608661183399466587436218286623447958515958651006736138241
37635240096277356221608661183399466587436218286623447958515958653205759393793
37635240096277356221608661183399466587436218286623447958515958662001852416001
37635240096277356221608661183399466587436218286623447958515958664200875671553
37635240096277356221608661183399466587436218286623447958515958666399898927105
37635240096277356221608661183399466587436218286623447958515958675195991949313
37635240096277356221608661183399466587436218286623447958515958677395015204865
37635240096277356221608661183399466587436218286623447958515958679594038460417
37635240096277356221608661183399466587436218286623447958515958688390131482625
37635240096277356221608661183399466587436218286623447958515958690589154738177
37635240096277356221608661183399466587436218286623447958515958692788177993729
37635240096277356221608661183399466587436218286623447958515958701584271015937
37635240096277356221608661183399466587436218286623447958515958703783294271489
37635240096277356221608661183399466587436218286623447958515958705982317527041
37635240096277356221608661183399466587436218286623447958515958714778410549249
37635240096277356221608661183399466587436218286623447958515958716977433804801
37635240096277356221608661183399466587436218286623447958515958719176457060353
37635240096277356221608661183399466587436218286623447958515958727972550082561
37635240096277356221608661183399466587436218286623447958515958730171573338113
37635240096277356221608661183399466587436218286623447958515958732370596593665
37635240096277356221608661183399466587436218286623447958515958741166689615873
37635240096277356221608661183399466587436218286623447958515958743365712871425
37635240096277356221608661183399466587436218286623447958515958745564736126977
37635240096277356221608661183399466587436218286623447958515958754360829149185
37635240096277356221608661183399466587436218286623447958515958756559852404737
37635240096277356221608661183399466587436218286623447958515958758758875660289
37635240096277356221608661183399466587436218286623447958515958767554968682497
37635240096277356221608661183399466587436218286623447958515958769753991938049
37635240096277356221608661183399466587436218286623447958515958771953015193601
37635240096277356221608661183399466587436218286623447958515958780749108215809
37635240096277356221608661183399466587436218286623447958515958782948131471361
37635240096277356221608661183399466587436218286623447958515958785147154726913
37635240096277356221608661183399466587436218286623447958515958793943247749121
37635240096277356221608661183399466587436218286623447958515958796142271004673
37635240096277356221608661183399466587436218286623447958515958798341294260225
37635240096277356221608661183399466587436218286623447958515958807137387282433
37635240096277356221608661183399466587436218286623447958515958809336410537985
37635240096277356221608661183399466587436218286623447958515958811535433793537
37635240096277356221608661183399466587436218286623447958515958820331526815745
37635240096277356221608661183399466587436218286623447958515958822530550071297
37635240096277356221608661183399466587436218286623447958515958824729573326849
37635240096277356221608661183399466587436218286623447958515958833525666349057
37635240096277356221608661183399466587436218286623447958515958835724689604609
37635240096277356221608661183399466587436218286623447958515958837923712860161
37635240096277356221608661183399466587436218286623447958515958846719805882369
37635240096277356221608661183399466587436218286623447958515958848918829137921
37635240096277356221608661183399466587436218286623447958515958851117852393473
37635240096277356221608661183399466587436218286623447958515958859913945415681
37635240096277356221608661183399466587436218286623447958515958862112968671233
37635240096277356221608661183399466587436218286623447958515958864311991926785
37635240096277356221608661183399466587436218286623447958515958873108084948993
37635240096277356221608661183399466587436218286623447958515958875307108204545
37635240096277356221608661183399466587436218286623447958515958877506131460097
37635240096277356221608661183399466587436218286623447958515958886302224482305
37635240096277356221608661183399466587436218286623447958515958888501247737857
37635240096277356221608661183399466587436218286623447958515958890700270993409
37635240096277356221608661183399466587436218286623447958515958899496364015617
37635240096277356221608661183399466587436218286623447958515958901695387271169
37635240096277356221608661183399466587436218286623447958515958903894410526721
37635240096277356221608661183399466587436218286623447958515958912690503548929
37635240096277356221608661183399466587436218286623447958515958914889526804481
37635240096277356221608661183399466587436218286623447958515958917088550060033
37635240096277356221608661183399466587436218286623447958515958925884643082241
37635240096277356221608661183399466587436218286623447958515958928083666337793
37635240096277356221608661183399466587436218286623447958515958930282689593345
37635240096277356221608661183399466587436218286623447958515958939078782615553
37635240096277356221608661183399466587436218286623447958515958941277805871105
37635240096277356221608661183399466587436218286623447958515958948974387265537
37635240096277356221608661183399466587436218286623447958515958957770480287745
37635240096277356221608661183399466587436218286623447958515958959969503543297
37635240096277356221608661183399466587436218286623447958515958962168526798849
37635240096277356221608661183399466587436218286623447958515958970964619821057
37635240096277356221608661183399466587436218286623447958515958973163643076609
37635240096277356221608661183399466587436218286623447958515958975362666332161
37635240096277356221608661183399466587436218286623447958515958984158759354369
37635240096277356221608661183399466587436218286623447958515958986357782609921
37635240096277356221608661183399466587436218286623447958515958988556805865473
37635240096277356221608661183399466587436218286623447958515958997352898887681
37635240096277356221608661183399466587436218286623447958515958999551922143233
37635240096277356221608661183399466587436218286623447958515959001750945398785
37635240096277356221608661183399466587436218286623447958515959010547038420993
37635240096277356221608661183399466587436218286623447958515959012746061676545
37635240096277356221608661183399466587436218286623447958515959014945084932097
37635240096277356221608661183399466587436218286623447958515959023741177954305
37635240096277356221608661183399466587436218286623447958515959025940201209857
37635240096277356221608661183399466587436218286623447958515959028139224465409
37635240096277356221608661183399466587436218286623447958515959036935317487617
37635240096277356221608661183399466587436218286623447958515959039134340743169
37635240096277356221608661183399466587436218286623447958515959041333363998721
37635240096277356221608661183399466587436218286623447958515959050129457020929
37635240096277356221608661183399466587436218286623447958515959052328480276481
37635240096277356221608661183399466587436218286623447958515959054527503532033
37635240096277356221608661183399466587436218286623447958515959063323596554241
37635240096277356221608661183399466587436218286623447958515959065522619809793
37635240096277356221608661183399466587436218286623447958515959067721643065345
37635240096277356221608661183399466587436218286623447958515959076517736087553
37635240096277356221608661183399466587436218286623447958515959078716759343105
37635240096277356221608661183399466587436218286623447958515959080915782598657
37635240096277356221608661183399466587436218286623447958515959089711875620865
37635240096277356221608661183399466587436218286623447958515959091910898876417
37635240096277356221608661183399466587436218286623447958515959094109922131969
37635240096277356221608661183399466587436218286623447958515959102906015154177
37635240096277356221608661183399466587436218286623447958515959105105038409729
37635240096277356221608661183399466587436218286623447958515959107304061665281
37635240096277356221608661183399466587436218286623447958515959116100154687489
37635240096277356221608661183399466587436218286623447958515959118299177943041
37635240096277356221608661183399466587436218286623447958515959120498201198593
37635240096277356221608661183399466587436218286623447958515959129294294220801
37635240096277356221608661183399466587436218286623447958515959131493317476353
37635240096277356221608661183399466587436218286623447958515959133692340731905
37635240096277356221608661183399466587436218286623447958515959140289410498561
37635240096277356221608661183399466587436218286623447958515959142488433754113
37635240096277356221608661183399466587436218286623447958515959144687457009665
37635240096277356221608661183399466587436218286623447958515959153483550031873
37635240096277356221608661183399466587436218286623447958515959155682573287425
37635240096277356221608661183399466587436218286623447958515959157881596542977
37635240096277356221608661183399466587436218286623447958515959166677689565185
37635240096277356221608661183399466587436218286623447958515959168876712820737
37635240096277356221608661183399466587436218286623447958515959171075736076289
37635240096277356221608661183399466587436218286623447958515959179871829098497
37635240096277356221608661183399466587436218286623447958515959182070852354049
37635240096277356221608661183399466587436218286623447958515959184269875609601
37635240096277356221608661183399466587436218286623447958515959193065968631809
37635240096277356221608661183399466587436218286623447958515959195264991887361
37635240096277356221608661183399466587436218286623447958515959197464015142913
37635240096277356221608661183399466587436218286623447958515959206260108165121
37635240096277356221608661183399466587436218286623447958515959208459131420673
37635240096277356221608661183399466587436218286623447958515959210658154676225
37635240096277356221608661183399466587436218286623447958515959219454247698433
37635240096277356221608661183399466587436218286623447958515959221653270953985
37635240096277356221608661183399466587436218286623447958515959223852294209537
37635240096277356221608661183399466587436218286623447958515959232648387231745
37635240096277356221608661183399466587436218286623447958515959234847410487297
37635240096277356221608661183399466587436218286623447958515959237046433742849
37635240096277356221608661183399466587436218286623447958515959245842526765057
37635240096277356221608661183399466587436218286623447958515959248041550020609
37635240096277356221608661183399466587436218286623447958515959250240573276161
37635240096277356221608661183399466587436218286623447958515959259036666298369
37635240096277356221608661183399466587436218286623447958515959261235689553921
37635240096277356221608661183399466587436218286623447958515959263434712809473
37635240096277356221608661183399466587436218286623447958515959272230805831681
37635240096277356221608661183399466587436218286623447958515959274429829087233
37635240096277356221608661183399466587436218286623447958515959276628852342785
37635240096277356221608661183399466587436218286623447958515959285424945364993
37635240096277356221608661183399466587436218286623447958515959287623968620545
37635240096277356221608661183399466587436218286623447958515959289822991876097
37635240096277356221608661183399466587436218286623447958515959298619084898305
37635240096277356221608661183399466587436218286623447958515959300818108153857
37635240096277356221608661183399466587436218286623447958515959303017131409409
37635240096277356221608661183399466587436218286623447958515959311813224431617
37635240096277356221608661183399466587436218286623447958515959314012247687169
37635240096277356221608661183399466587436218286623447958515959316211270942721
37635240096277356221608661183399466587436218286623447958515959325007363964929
37635240096277356221608661183399466587436218286623447958515959327206387220481
37635240096277356221608661183399466587436218286623447958515959329405410476033
37635240096277356221608661183399466587436218286623447958515959338201503498241
37635240096277356221608661183399466587436218286623447958515959340400526753793
37635240096277356221608661183399466587436218286623447958515959342599550009345
37635240096277356221608661183399466587436218286623447958515959351395643031553
37635240096277356221608661183399466587436218286623447958515959353594666287105
37635240096277356221608661183399466587436218286623447958515959355793689542657
37635240096277356221608661183399466587436218286623447958515959364589782564865
37635240096277356221608661183399466587436218286623447958515959366788805820417
37635240096277356221608661183399466587436218286623447958515959368987829075969
37635240096277356221608661183399466587436218286623447958515959377783922098177
37635240096277356221608661183399466587436218286623447958515959379982945353729
37635240096277356221608661183399466587436218286623447958515959382181968609281
37635240096277356221608661183399466587436218286623447958515959390978061631489
37635240096277356221608661183399466587436218286623447958515959393177084887041
37635240096277356221608661183399466587436218286623447958515959395376108142593
37635240096277356221608661183399466587436218286623447958515959404172201164801
37635240096277356221608661183399466587436218286623447958515959406371224420353
37635240096277356221608661183399466587436218286623447958515959408570247675905
37635240096277356221608661183399466587436218286623447958515959417366340698113
37635240096277356221608661183399466587436218286623447958515959419565363953665
37635240096277356221608661183399466587436218286623447958515959421764387209217
37635240096277356221608661183399466587436218286623447958515959430560480231425
37635240096277356221608661183399466587436218286623447958515959432759503486977
37635240096277356221608661183399466587436218286623447958515959434958526742529
37635240096277356221608661183399466587436218286623447958515959443754619764737
37635240096277356221608661183399466587436218286623447958515959445953643020289
37635240096277356221608661183399466587436218286623447958515959448152666275841
37635240096277356221608661183399466587436218286623447958515959456948759298049
37635240096277356221608661183399466587436218286623447958515959459147782553601
37635240096277356221608661183399466587436218286623447958515959461346805809153
37635240096277356221608661183399466587436218286623447958515959470142898831361
37635240096277356221608661183399466587436218286623447958515959472341922086913
37635240096277356221608661183399466587436218286623447958515959474540945342465
37635240096277356221608661183399466587436218286623447958515959483337038364673
37635240096277356221608661183399466587436218286623447958515959485536061620225
37635240096277356221608661183399466587436218286623447958515959487735084875777
37635240096277356221608661183399466587436218286623447958515959496531177897985
37635240096277356221608661183399466587436218286623447958515959498730201153537
37635240096277356221608661183399466587436218286623447958515959500929224409089
37635240096277356221608661183399466587436218286623447958515959509725317431297
37635240096277356221608661183399466587436218286623447958515959511924340686849
37635240096277356221608661183399466587436218286623447958515959514123363942401
37635240096277356221608661183399466587436218286623447958515959522919456964609
37635240096277356221608661183399466587436218286623447958515959525118480220161
37635240096277356221608661183399466587436218286623447958515959527317503475713
37635240096277356221608661183399466587436218286623447958515959536113596497921
37635240096277356221608661183399466587436218286623447958515959538312619753473
37635240096277356221608661183399466587436218286623447958515959540511643009025
37635240096277356221608661183399466587436218286623447958515959549307736031233
37635240096277356221608661183399466587436218286623447958515959551506759286785
37635240096277356221608661183399466587436218286623447958515959553705782542337
37635240096277356221608661183399466587436218286623447958515959562501875564545
37635240096277356221608661183399466587436218286623447958515959564700898820097
37635240096277356221608661183399466587436218286623447958515959566899922075649
37635240096277356221608661183399466587436218286623447958515959575696015097857
37635240096277356221608661183399466587436218286623447958515959577895038353409
37635240096277356221608661183399466587436218286623447958515959580094061608961
37635240096277356221608661183399466587436218286623447958515959588890154631169
37635240096277356221608661183399466587436218286623447958515959591089177886721
37635240096277356221608661183399466587436218286623447958515959593288201142273
37635240096277356221608661183399466587436218286623447958515959602084294164481
37635240096277356221608661183399466587436218286623447958515959604283317420033
37635240096277356221608661183399466587436218286623447958515959606482340675585
37635240096277356221608661183399466587436218286623447958515959613079410442241
37635240096277356221608661183399466587436218286623447958515959614178922070017
37635240096277356221608661183399466587436218286623447958515959616377945325569
37635240096277356221608661183399466587436218286623447958515959625174038347777
37635240096277356221608661183399466587436218286623447958515959627373061603329
37635240096277356221608661183399466587436218286623447958515959629572084858881
37635240096277356221608661183399466587436218286623447958515959638368177881089
37635240096277356221608661183399466587436218286623447958515959640567201136641
37635240096277356221608661183399466587436218286623447958515959642766224392193
37635240096277356221608661183399466587436218286623447958515959651562317414401
37635240096277356221608661183399466587436218286623447958515959653761340669953
37635240096277356221608661183399466587436218286623447958515959655960363925505
37635240096277356221608661183399466587436218286623447958515959664756456947713
37635240096277356221608661183399466587436218286623447958515959666955480203265
37635240096277356221608661183399466587436218286623447958515959669154503458817
37635240096277356221608661183399466587436218286623447958515959677950596481025
37635240096277356221608661183399466587436218286623447958515959680149619736577
37635240096277356221608661183399466587436218286623447958515959682348642992129
37635240096277356221608661183399466587436218286623447958515959691144736014337
37635240096277356221608661183399466587436218286623447958515959693343759269889
37635240096277356221608661183399466587436218286623447958515959695542782525441
37635240096277356221608661183399466587436218286623447958515959704338875547649
37635240096277356221608661183399466587436218286623447958515959706537898803201
37635240096277356221608661183399466587436218286623447958515959708736922058753
37635240096277356221608661183399466587436218286623447958515959717533015080961
37635240096277356221608661183399466587436218286623447958515959719732038336513
37635240096277356221608661183399466587436218286623447958515959721931061592065
37635240096277356221608661183399466587436218286623447958515959729627642986497
37635240096277356221608661183399466587436218286623447958515959731826666242049
37635240096277356221608661183399466587436218286623447958515959734025689497601
37635240096277356221608661183399466587436218286623447958515959742821782519809
37635240096277356221608661183399466587436218286623447958515959745020805775361
37635240096277356221608661183399466587436218286623447958515959747219829030913
37635240096277356221608661183399466587436218286623447958515959756015922053121
37635240096277356221608661183399466587436218286623447958515959758214945308673
37635240096277356221608661183399466587436218286623447958515959760413968564225
37635240096277356221608661183399466587436218286623447958515959769210061586433
37635240096277356221608661183399466587436218286623447958515959771409084841985
37635240096277356221608661183399466587436218286623447958515959773608108097537
37635240096277356221608661183399466587436218286623447958515959782404201119745
37635240096277356221608661183399466587436218286623447958515959784603224375297
37635240096277356221608661183399466587436218286623447958515959786802247630849
37635240096277356221608661183399466587436218286623447958515959797797363908609
37635240096277356221608661183399466587436218286623447958515959799996387164161
37635240096277356221608661183399466587436218286623447958515959802195410419713
37635240096277356221608661183399466587436218286623447958515959809891991814145
37635240096277356221608661183399466587436218286623447958515959810991503441921
37635240096277356221608661183399466587436218286623447958515959813190526697473
37635240096277356221608661183399466587436218286623447958515959821986619719681
37635240096277356221608661183399466587436218286623447958515959824185642975233
37635240096277356221608661183399466587436218286623447958515959826384666230785
37635240096277356221608661183399466587436218286623447958515959835180759252993
37635240096277356221608661183399466587436218286623447958515959837379782508545
37635240096277356221608661183399466587436218286623447958515959839578805764097
37635240096277356221608661183399466587436218286623447958515959848374898786305
37635240096277356221608661183399466587436218286623447958515959850573922041857
37635240096277356221608661183399466587436218286623447958515959852772945297409
37635240096277356221608661183399466587436218286623447958515959861569038319617
37635240096277356221608661183399466587436218286623447958515959863768061575169
37635240096277356221608661183399466587436218286623447958515959865967084830721
37635240096277356221608661183399466587436218286623447958515959874763177852929
37635240096277356221608661183399466587436218286623447958515959876962201108481
37635240096277356221608661183399466587436218286623447958515959879161224364033
37635240096277356221608661183399466587436218286623447958515959887957317386241
37635240096277356221608661183399466587436218286623447958515959890156340641793
37635240096277356221608661183399466587436218286623447958515959892355363897345
37635240096277356221608661183399466587436218286623447958515959901151456919553
37635240096277356221608661183399466587436218286623447958515959903350480175105
37635240096277356221608661183399466587436218286623447958515959905549503430657
37635240096277356221608661183399466587436218286623447958515959914345596452865
37635240096277356221608661183399466587436218286623447958515959916544619708417
37635240096277356221608661183399466587436218286623447958515959918743642963969
37635240096277356221608661183399466587436218286623447958515959927539735986177
37635240096277356221608661183399466587436218286623447958515959929738759241729
37635240096277356221608661183399466587436218286623447958515959931937782497281
37635240096277356221608661183399466587436218286623447958515959940733875519489
37635240096277356221608661183399466587436218286623447958515959942932898775041
37635240096277356221608661183399466587436218286623447958515959945131922030593
37635240096277356221608661183399466587436218286623447958515959953928015052801
37635240096277356221608661183399466587436218286623447958515959956127038308353
37635240096277356221608661183399466587436218286623447958515959958326061563905
37635240096277356221608661183399466587436218286623447958515959967122154586113
37635240096277356221608661183399466587436218286623447958515959969321177841665
37635240096277356221608661183399466587436218286623447958515959971520201097217
37635240096277356221608661183399466587436218286623447958515959980316294119425
37635240096277356221608661183399466587436218286623447958515959982515317374977
37635240096277356221608661183399466587436218286623447958515959984714340630529
37635240096277356221608661183399466587436218286623447958515959993510433652737
37635240096277356221608661183399466587436218286623447958515959995709456908289
37635240096277356221608661183399466587436218286623447958515959997908480163841
37635240096277356221608661183399466587436218286623447958515960006704573186049
37635240096277356221608661183399466587436218286623447958515960008903596441601
37635240096277356221608661183399466587436218286623447958515960011102619697153
37635240096277356221608661183399466587436218286623447958515960019898712719361
37635240096277356221608661183399466587436218286623447958515960022097735974913
37635240096277356221608661183399466587436218286623447958515960024296759230465
37635240096277356221608661183399466587436218286623447958515960033092852252673
37635240096277356221608661183399466587436218286623447958515960035291875508225
37635240096277356221608661183399466587436218286623447958515960037490898763777
37635240096277356221608661183399466587436218286623447958515960046286991785985
37635240096277356221608661183399466587436218286623447958515960048486015041537
37635240096277356221608661183399466587436218286623447958515960050685038297089
37635240096277356221608661183399466587436218286623447958515960059481131319297
37635240096277356221608661183399466587436218286623447958515960061680154574849
37635240096277356221608661183399466587436218286623447958515960063879177830401
37635240096277356221608661183399466587436218286623447958515960072675270852609
37635240096277356221608661183399466587436218286623447958515960074874294108161
37635240096277356221608661183399466587436218286623447958515960077073317363713
37635240096277356221608661183399466587436218286623447958515960085869410385921
37635240096277356221608661183399466587436218286623447958515960088068433641473
37635240096277356221608661183399466587436218286623447958515960090267456897025
37635240096277356221608661183399466587436218286623447958515960096864526663681
37635240096277356221608661183399466587436218286623447958515960099063549919233
37635240096277356221608661183399466587436218286623447958515960101262573174785
37635240096277356221608661183399466587436218286623447958515960110058666196993
37635240096277356221608661183399466587436218286623447958515960112257689452545
37635240096277356221608661183399466587436218286623447958515960114456712708097
37635240096277356221608661183399466587436218286623447958515960123252805730305
37635240096277356221608661183399466587436218286623447958515960125451828985857
37635240096277356221608661183399466587436218286623447958515960127650852241409
37635240096277356221608661183399466587436218286623447958515960136446945263617
37635240096277356221608661183399466587436218286623447958515960138645968519169
37635240096277356221608661183399466587436218286623447958515960140844991774721
37635240096277356221608661183399466587436218286623447958515960149641084796929
37635240096277356221608661183399466587436218286623447958515960151840108052481
37635240096277356221608661183399466587436218286623447958515960154039131308033
37635240096277356221608661183399466587436218286623447958515960162835224330241
37635240096277356221608661183399466587436218286623447958515960165034247585793
37635240096277356221608661183399466587436218286623447958515960167233270841345
37635240096277356221608661183399466587436218286623447958515960176029363863553
37635240096277356221608661183399466587436218286623447958515960178228387119105
37635240096277356221608661183399466587436218286623447958515960180427410374657
37635240096277356221608661183399466587436218286623447958515960189223503396865
37635240096277356221608661183399466587436218286623447958515960191422526652417
37635240096277356221608661183399466587436218286623447958515960193621549907969
37635240096277356221608661183399466587436218286623447958515960202417642930177
37635240096277356221608661183399466587436218286623447958515960204616666185729
37635240096277356221608661183399466587436218286623447958515960206815689441281
37635240096277356221608661183399466587436218286623447958515960215611782463489
37635240096277356221608661183399466587436218286623447958515960217810805719041
37635240096277356221608661183399466587436218286623447958515960220009828974593
37635240096277356221608661183399466587436218286623447958515960228805921996801
37635240096277356221608661183399466587436218286623447958515960231004945252353
37635240096277356221608661183399466587436218286623447958515960233203968507905
37635240096277356221608661183399466587436218286623447958515960244199084785665
37635240096277356221608661183399466587436218286623447958515960246398108041217
37635240096277356221608661183399466587436218286623447958515960248597131296769
37635240096277356221608661183399466587436218286623447958515960257393224318977
37635240096277356221608661183399466587436218286623447958515960259592247574529
37635240096277356221608661183399466587436218286623447958515960261791270830081
37635240096277356221608661183399466587436218286623447958515960270587363852289
37635240096277356221608661183399466587436218286623447958515960272786387107841
37635240096277356221608661183399466587436218286623447958515960274985410363393
37635240096277356221608661183399466587436218286623447958515960283781503385601
37635240096277356221608661183399466587436218286623447958515960285980526641153
37635240096277356221608661183399466587436218286623447958515960288179549896705
37635240096277356221608661183399466587436218286623447958515960296975642918913
37635240096277356221608661183399466587436218286623447958515960299174666174465
37635240096277356221608661183399466587436218286623447958515960301373689430017
37635240096277356221608661183399466587436218286623447958515960310169782452225
37635240096277356221608661183399466587436218286623447958515960312368805707777
37635240096277356221608661183399466587436218286623447958515960314567828963329
37635240096277356221608661183399466587436218286623447958515960323363921985537
37635240096277356221608661183399466587436218286623447958515960325562945241089
37635240096277356221608661183399466587436218286623447958515960327761968496641
37635240096277356221608661183399466587436218286623447958515960336558061518849
37635240096277356221608661183399466587436218286623447958515960338757084774401
37635240096277356221608661183399466587436218286623447958515960340956108029953
37635240096277356221608661183399466587436218286623447958515960349752201052161
37635240096277356221608661183399466587436218286623447958515960351951224307713
37635240096277356221608661183399466587436218286623447958515960354150247563265
37635240096277356221608661183399466587436218286623447958515960362946340585473
37635240096277356221608661183399466587436218286623447958515960365145363841025
37635240096277356221608661183399466587436218286623447958515960367344387096577
37635240096277356221608661183399466587436218286623447958515960376140480118785
37635240096277356221608661183399466587436218286623447958515960378339503374337
37635240096277356221608661183399466587436218286623447958515960380538526629889
37635240096277356221608661183399466587436218286623447958515960389334619652097
37635240096277356221608661183399466587436218286623447958515960391533642907649
37635240096277356221608661183399466587436218286623447958515960395931689418753
37635240096277356221608661183399466587436218286623447958515960404727782440961
37635240096277356221608661183399466587436218286623447958515960406926805696513
37635240096277356221608661183399466587436218286623447958515960409125828952065
37635240096277356221608661183399466587436218286623447958515960417921921974273
37635240096277356221608661183399466587436218286623447958515960420120945229825
37635240096277356221608661183399466587436218286623447958515960422319968485377
37635240096277356221608661183399466587436218286623447958515960431116061507585
37635240096277356221608661183399466587436218286623447958515960433315084763137
37635240096277356221608661183399466587436218286623447958515960435514108018689
37635240096277356221608661183399466587436218286623447958515960444310201040897
37635240096277356221608661183399466587436218286623447958515960446509224296449
37635240096277356221608661183399466587436218286623447958515960448708247552001
37635240096277356221608661183399466587436218286623447958515960457504340574209
37635240096277356221608661183399466587436218286623447958515960459703363829761
37635240096277356221608661183399466587436218286623447958515960461902387085313
37635240096277356221608661183399466587436218286623447958515960470698480107521
37635240096277356221608661183399466587436218286623447958515960472897503363073
37635240096277356221608661183399466587436218286623447958515960475096526618625
37635240096277356221608661183399466587436218286623447958515960483892619640833
37635240096277356221608661183399466587436218286623447958515960486091642896385
37635240096277356221608661183399466587436218286623447958515960488290666151937
37635240096277356221608661183399466587436218286623447958515960497086759174145
37635240096277356221608661183399466587436218286623447958515960499285782429697
37635240096277356221608661183399466587436218286623447958515960501484805685249
37635240096277356221608661183399466587436218286623447958515960510280898707457
37635240096277356221608661183399466587436218286623447958515960512479921963009
37635240096277356221608661183399466587436218286623447958515960514678945218561
37635240096277356221608661183399466587436218286623447958515960523475038240769
37635240096277356221608661183399466587436218286623447958515960525674061496321
37635240096277356221608661183399466587436218286623447958515960527873084751873
37635240096277356221608661183399466587436218286623447958515960536669177774081
37635240096277356221608661183399466587436218286623447958515960538868201029633
37635240096277356221608661183399466587436218286623447958515960541067224285185
37635240096277356221608661183399466587436218286623447958515960549863317307393
37635240096277356221608661183399466587436218286623447958515960552062340562945
37635240096277356221608661183399466587436218286623447958515960554261363818497
37635240096277356221608661183399466587436218286623447958515960563057456840705
37635240096277356221608661183399466587436218286623447958515960565256480096257
37635240096277356221608661183399466587436218286623447958515960567455503351809
37635240096277356221608661183399466587436218286623447958515960576251596374017
37635240096277356221608661183399466587436218286623447958515960578450619629569
37635240096277356221608661183399466587436218286623447958515960580649642885121
37635240096277356221608661183399466587436218286623447958515960589445735907329
37635240096277356221608661183399466587436218286623447958515960591644759162881
37635240096277356221608661183399466587436218286623447958515960593843782418433
37635240096277356221608661183399466587436218286623447958515960602639875440641
37635240096277356221608661183399466587436218286623447958515960604838898696193
37635240096277356221608661183399466587436218286623447958515960607037921951745
37635240096277356221608661183399466587436218286623447958515960615834014973953
37635240096277356221608661183399466587436218286623447958515960618033038229505
37635240096277356221608661183399466587436218286623447958515960620232061485057
37635240096277356221608661183399466587436218286623447958515960626829131251713
37635240096277356221608661183399466587436218286623447958515960629028154507265
37635240096277356221608661183399466587436218286623447958515960631227177762817
37635240096277356221608661183399466587436218286623447958515960640023270785025
37635240096277356221608661183399466587436218286623447958515960642222294040577
37635240096277356221608661183399466587436218286623447958515960644421317296129
37635240096277356221608661183399466587436218286623447958515960653217410318337
37635240096277356221608661183399466587436218286623447958515960655416433573889
37635240096277356221608661183399466587436218286623447958515960657615456829441
37635240096277356221608661183399466587436218286623447958515960666411549851649
37635240096277356221608661183399466587436218286623447958515960668610573107201
37635240096277356221608661183399466587436218286623447958515960670809596362753
37635240096277356221608661183399466587436218286623447958515960679605689384961
37635240096277356221608661183399466587436218286623447958515960681804712640513
37635240096277356221608661183399466587436218286623447958515960684003735896065
37635240096277356221608661183399466587436218286623447958515960692799828918273
37635240096277356221608661183399466587436218286623447958515960694998852173825
37635240096277356221608661183399466587436218286623447958515960697197875429377
37635240096277356221608661183399466587436218286623447958515960705993968451585
37635240096277356221608661183399466587436218286623447958515960708192991707137
37635240096277356221608661183399466587436218286623447958515960710392014962689
37635240096277356221608661183399466587436218286623447958515960719188107984897
37635240096277356221608661183399466587436218286623447958515960721387131240449
37635240096277356221608661183399466587436218286623447958515960723586154496001
37635240096277356221608661183399466587436218286623447958515960732382247518209
37635240096277356221608661183399466587436218286623447958515960734581270773761
37635240096277356221608661183399466587436218286623447958515960736780294029313
37635240096277356221608661183399466587436218286623447958515960745576387051521
37635240096277356221608661183399466587436218286623447958515960747775410307073
37635240096277356221608661183399466587436218286623447958515960749974433562625
37635240096277356221608661183399466587436218286623447958515960758770526584833
37635240096277356221608661183399466587436218286623447958515960760969549840385
37635240096277356221608661183399466587436218286623447958515960763168573095937
37635240096277356221608661183399466587436218286623447958515960771964666118145
37635240096277356221608661183399466587436218286623447958515960774163689373697
37635240096277356221608661183399466587436218286623447958515960776362712629249
37635240096277356221608661183399466587436218286623447958515960785158805651457
37635240096277356221608661183399466587436218286623447958515960787357828907009
37635240096277356221608661183399466587436218286623447958515960789556852162561
37635240096277356221608661183399466587436218286623447958515960798352945184769
37635240096277356221608661183399466587436218286623447958515960800551968440321
37635240096277356221608661183399466587436218286623447958515960802750991695873
37635240096277356221608661183399466587436218286623447958515960811547084718081
37635240096277356221608661183399466587436218286623447958515960813746107973633
37635240096277356221608661183399466587436218286623447958515960815945131229185
37635240096277356221608661183399466587436218286623447958515960824741224251393
37635240096277356221608661183399466587436218286623447958515960826940247506945
37635240096277356221608661183399466587436218286623447958515960829139270762497
37635240096277356221608661183399466587436218286623447958515960837935363784705
37635240096277356221608661183399466587436218286623447958515960840134387040257
37635240096277356221608661183399466587436218286623447958515960842333410295809
37635240096277356221608661183399466587436218286623447958515960851129503318017
37635240096277356221608661183399466587436218286623447958515960853328526573569
37635240096277356221608661183399466587436218286623447958515960855527549829121
37635240096277356221608661183399466587436218286623447958515960864323642851329
37635240096277356221608661183399466587436218286623447958515960866522666106881
37635240096277356221608661183399466587436218286623447958515960868721689362433
37635240096277356221608661183399466587436218286623447958515960877517782384641
37635240096277356221608661183399466587436218286623447958515960879716805640193
37635240096277356221608661183399466587436218286623447958515960881915828895745
37635240096277356221608661183399466587436218286623447958515960890711921917953
37635240096277356221608661183399466587436218286623447958515960892910945173505
37635240096277356221608661183399466587436218286623447958515960895109968429057
37635240096277356221608661183399466587436218286623447958515960903906061451265
37635240096277356221608661183399466587436218286623447958515960906105084706817
37635240096277356221608661183399466587436218286623447958515960908304107962369
37635240096277356221608661183399466587436218286623447958515960917100200984577
37635240096277356221608661183399466587436218286623447958515960919299224240129
37635240096277356221608661183399466587436218286623447958515960921498247495681
37635240096277356221608661183399466587436218286623447958515960931393852145665
37635240096277356221608661183399466587436218286623447958515960933592875401217
37635240096277356221608661183399466587436218286623447958515960935791898656769
37635240096277356221608661183399466587436218286623447958515960944587991678977
37635240096277356221608661183399466587436218286623447958515960946787014934529
37635240096277356221608661183399466587436218286623447958515960948986038190081
37635240096277356221608661183399466587436218286623447958515960957782131212289
37635240096277356221608661183399466587436218286623447958515960959981154467841
37635240096277356221608661183399466587436218286623447958515960962180177723393
37635240096277356221608661183399466587436218286623447958515960970976270745601
37635240096277356221608661183399466587436218286623447958515960973175294001153
37635240096277356221608661183399466587436218286623447958515960975374317256705
37635240096277356221608661183399466587436218286623447958515960984170410278913
37635240096277356221608661183399466587436218286623447958515960986369433534465
37635240096277356221608661183399466587436218286623447958515960988568456790017
37635240096277356221608661183399466587436218286623447958515960997364549812225
37635240096277356221608661183399466587436218286623447958515960999563573067777
37635240096277356221608661183399466587436218286623447958515961001762596323329
37635240096277356221608661183399466587436218286623447958515961010558689345537
37635240096277356221608661183399466587436218286623447958515961012757712601089
37635240096277356221608661183399466587436218286623447958515961014956735856641
37635240096277356221608661183399466587436218286623447958515961023752828878849
37635240096277356221608661183399466587436218286623447958515961025951852134401
37635240096277356221608661183399466587436218286623447958515961028150875389953
37635240096277356221608661183399466587436218286623447958515961036946968412161
37635240096277356221608661183399466587436218286623447958515961039145991667713
37635240096277356221608661183399466587436218286623447958515961041345014923265
37635240096277356221608661183399466587436218286623447958515961050141107945473
37635240096277356221608661183399466587436218286623447958515961052340131201025
37635240096277356221608661183399466587436218286623447958515961054539154456577
37635240096277356221608661183399466587436218286623447958515961063335247478785
37635240096277356221608661183399466587436218286623447958515961065534270734337
37635240096277356221608661183399466587436218286623447958515961067733293989889
37635240096277356221608661183399466587436218286623447958515961076529387012097
37635240096277356221608661183399466587436218286623447958515961078728410267649
37635240096277356221608661183399466587436218286623447958515961080927433523201
37635240096277356221608661183399466587436218286623447958515961089723526545409
37635240096277356221608661183399466587436218286623447958515961091922549800961
37635240096277356221608661183399466587436218286623447958515961094121573056513
37635240096277356221608661183399466587436218286623447958515961102917666078721
37635240096277356221608661183399466587436218286623447958515961105116689334273
37635240096277356221608661183399466587436218286623447958515961107315712589825
37635240096277356221608661183399466587436218286623447958515961116111805612033
37635240096277356221608661183399466587436218286623447958515961118310828867585
37635240096277356221608661183399466587436218286623447958515961120509852123137
37635240096277356221608661183399466587436218286623447958515961129305945145345
37635240096277356221608661183399466587436218286623447958515961131504968400897
37635240096277356221608661183399466587436218286623447958515961133703991656449
37635240096277356221608661183399466587436218286623447958515961142500084678657
37635240096277356221608661183399466587436218286623447958515961144699107934209
37635240096277356221608661183399466587436218286623447958515961146898131189761
37635240096277356221608661183399466587436218286623447958515961155694224211969
37635240096277356221608661183399466587436218286623447958515961157893247467521
37635240096277356221608661183399466587436218286623447958515961160092270723073
37635240096277356221608661183399466587436218286623447958515961168888363745281
37635240096277356221608661183399466587436218286623447958515961171087387000833
37635240096277356221608661183399466587436218286623447958515961173286410256385
37635240096277356221608661183399466587436218286623447958515961182082503278593
37635240096277356221608661183399466587436218286623447958515961184281526534145
37635240096277356221608661183399466587436218286623447958515961186480549789697
37635240096277356221608661183399466587436218286623447958515961195276642811905
37635240096277356221608661183399466587436218286623447958515961197475666067457
37635240096277356221608661183399466587436218286623447958515961199674689323009
37635240096277356221608661183399466587436218286623447958515961208470782345217
37635240096277356221608661183399466587436218286623447958515961210669805600769
37635240096277356221608661183399466587436218286623447958515961212868828856321
37635240096277356221608661183399466587436218286623447958515961221664921878529
37635240096277356221608661183399466587436218286623447958515961223863945134081
37635240096277356221608661183399466587436218286623447958515961226062968389633
37635240096277356221608661183399466587436218286623447958515961234859061411841
37635240096277356221608661183399466587436218286623447958515961237058084667393
37635240096277356221608661183399466587436218286623447958515961239257107922945
37635240096277356221608661183399466587436218286623447958515961248053200945153
37635240096277356221608661183399466587436218286623447958515961250252224200705
37635240096277356221608661183399466587436218286623447958515961252451247456257
37635240096277356221608661183399466587436218286623447958515961261247340478465
37635240096277356221608661183399466587436218286623447958515961263446363734017
37635240096277356221608661183399466587436218286623447958515961265645386989569
37635240096277356221608661183399466587436218286623447958515961274441480011777
37635240096277356221608661183399466587436218286623447958515961276640503267329
37635240096277356221608661183399466587436218286623447958515961278839526522881
37635240096277356221608661183399466587436218286623447958515961287635619545089
37635240096277356221608661183399466587436218286623447958515961289834642800641
37635240096277356221608661183399466587436218286623447958515961290934154428417
37635240096277356221608661183399466587436218286623447958515961298630735822849
37635240096277356221608661183399466587436218286623447958515961300829759078401
37635240096277356221608661183399466587436218286623447958515961303028782333953
37635240096277356221608661183399466587436218286623447958515961311824875356161
37635240096277356221608661183399466587436218286623447958515961314023898611713
37635240096277356221608661183399466587436218286623447958515961316222921867265
37635240096277356221608661183399466587436218286623447958515961325019014889473
37635240096277356221608661183399466587436218286623447958515961327218038145025
37635240096277356221608661183399466587436218286623447958515961329417061400577
37635240096277356221608661183399466587436218286623447958515961338213154422785
37635240096277356221608661183399466587436218286623447958515961340412177678337
37635240096277356221608661183399466587436218286623447958515961342611200933889
37635240096277356221608661183399466587436218286623447958515961351407293956097
37635240096277356221608661183399466587436218286623447958515961353606317211649
37635240096277356221608661183399466587436218286623447958515961355805340467201
37635240096277356221608661183399466587436218286623447958515961364601433489409
37635240096277356221608661183399466587436218286623447958515961366800456744961
37635240096277356221608661183399466587436218286623447958515961368999480000513
37635240096277356221608661183399466587436218286623447958515961376696061394945
37635240096277356221608661183399466587436218286623447958515961378895084650497
37635240096277356221608661183399466587436218286623447958515961379994596278273
37635240096277356221608661183399466587436218286623447958515961387691177672705
37635240096277356221608661183399466587436218286623447958515961389890200928257
37635240096277356221608661183399466587436218286623447958515961392089224183809
37635240096277356221608661183399466587436218286623447958515961400885317206017
37635240096277356221608661183399466587436218286623447958515961403084340461569
37635240096277356221608661183399466587436218286623447958515961405283363717121
37635240096277356221608661183399466587436218286623447958515961414079456739329
37635240096277356221608661183399466587436218286623447958515961416278479994881
37635240096277356221608661183399466587436218286623447958515961418477503250433
37635240096277356221608661183399466587436218286623447958515961427273596272641
37635240096277356221608661183399466587436218286623447958515961429472619528193
37635240096277356221608661183399466587436218286623447958515961431671642783745
37635240096277356221608661183399466587436218286623447958515961440467735805953
37635240096277356221608661183399466587436218286623447958515961442666759061505
37635240096277356221608661183399466587436218286623447958515961444865782317057
37635240096277356221608661183399466587436218286623447958515961453661875339265
37635240096277356221608661183399466587436218286623447958515961455860898594817
37635240096277356221608661183399466587436218286623447958515961458059921850369
37635240096277356221608661183399466587436218286623447958515961466856014872577
37635240096277356221608661183399466587436218286623447958515961469055038128129
37635240096277356221608661183399466587436218286623447958515961471254061383681
37635240096277356221608661183399466587436218286623447958515961480050154405889
37635240096277356221608661183399466587436218286623447958515961482249177661441
37635240096277356221608661183399466587436218286623447958515961484448200916993
37635240096277356221608661183399466587436218286623447958515961493244293939201
37635240096277356221608661183399466587436218286623447958515961495443317194753
37635240096277356221608661183399466587436218286623447958515961497642340450305
37635240096277356221608661183399466587436218286623447958515961506438433472513
37635240096277356221608661183399466587436218286623447958515961508637456728065
37635240096277356221608661183399466587436218286623447958515961510836479983617
37635240096277356221608661183399466587436218286623447958515961519632573005825
37635240096277356221608661183399466587436218286623447958515961521831596261377
37635240096277356221608661183399466587436218286623447958515961524030619516929
37635240096277356221608661183399466587436218286623447958515961532826712539137
37635240096277356221608661183399466587436218286623447958515961535025735794689
37635240096277356221608661183399466587436218286623447958515961537224759050241
37635240096277356221608661183399466587436218286623447958515961546020852072449
37635240096277356221608661183399466587436218286623447958515961548219875328001
37635240096277356221608661183399466587436218286623447958515961550418898583553
37635240096277356221608661183399466587436218286623447958515961559214991605761
37635240096277356221608661183399466587436218286623447958515961561414014861313
37635240096277356221608661183399466587436218286623447958515961563613038116865
37635240096277356221608661183399466587436218286623447958515961572409131139073
37635240096277356221608661183399466587436218286623447958515961574608154394625
37635240096277356221608661183399466587436218286623447958515961576807177650177
37635240096277356221608661183399466587436218286623447958515961585603270672385
37635240096277356221608661183399466587436218286623447958515961587802293927937
37635240096277356221608661183399466587436218286623447958515961590001317183489
37635240096277356221608661183399466587436218286623447958515961598797410205697
37635240096277356221608661183399466587436218286623447958515961600996433461249
37635240096277356221608661183399466587436218286623447958515961603195456716801
37635240096277356221608661183399466587436218286623447958515961611991549739009
37635240096277356221608661183399466587436218286623447958515961614190572994561
37635240096277356221608661183399466587436218286623447958515961616389596250113
37635240096277356221608661183399466587436218286623447958515961625185689272321
37635240096277356221608661183399466587436218286623447958515961627384712527873
37635240096277356221608661183399466587436218286623447958515961629583735783425
37635240096277356221608661183399466587436218286623447958515961638379828805633
37635240096277356221608661183399466587436218286623447958515961640578852061185
37635240096277356221608661183399466587436218286623447958515961642777875316737
37635240096277356221608661183399466587436218286623447958515961651573968338945
37635240096277356221608661183399466587436218286623447958515961653772991594497
37635240096277356221608661183399466587436218286623447958515961655972014850049
37635240096277356221608661183399466587436218286623447958515961664768107872257
37635240096277356221608661183399466587436218286623447958515961666967131127809
37635240096277356221608661183399466587436218286623447958515961669166154383361
37635240096277356221608661183399466587436218286623447958515961677962247405569
37635240096277356221608661183399466587436218286623447958515961680161270661121
37635240096277356221608661183399466587436218286623447958515961682360293916673
37635240096277356221608661183399466587436218286623447958515961691156386938881
37635240096277356221608661183399466587436218286623447958515961693355410194433
37635240096277356221608661183399466587436218286623447958515961695554433449985
37635240096277356221608661183399466587436218286623447958515961704350526472193
37635240096277356221608661183399466587436218286623447958515961706549549727745
37635240096277356221608661183399466587436218286623447958515961708748572983297
37635240096277356221608661183399466587436218286623447958515961717544666005505
37635240096277356221608661183399466587436218286623447958515961719743689261057
37635240096277356221608661183399466587436218286623447958515961721942712516609
37635240096277356221608661183399466587436218286623447958515961730738805538817
37635240096277356221608661183399466587436218286623447958515961732937828794369
37635240096277356221608661183399466587436218286623447958515961735136852049921
37635240096277356221608661183399466587436218286623447958515961743932945072129
37635240096277356221608661183399466587436218286623447958515961746131968327681
37635240096277356221608661183399466587436218286623447958515961748330991583233
37635240096277356221608661183399466587436218286623447958515961757127084605441
37635240096277356221608661183399466587436218286623447958515961759326107860993
37635240096277356221608661183399466587436218286623447958515961761525131116545
37635240096277356221608661183399466587436218286623447958515961770321224138753
37635240096277356221608661183399466587436218286623447958515961772520247394305
37635240096277356221608661183399466587436218286623447958515961774719270649857
37635240096277356221608661183399466587436218286623447958515961783515363672065
37635240096277356221608661183399466587436218286623447958515961785714386927617
37635240096277356221608661183399466587436218286623447958515961787913410183169
37635240096277356221608661183399466587436218286623447958515961796709503205377
37635240096277356221608661183399466587436218286623447958515961798908526460929
37635240096277356221608661183399466587436218286623447958515961801107549716481
37635240096277356221608661183399466587436218286623447958515961809903642738689
37635240096277356221608661183399466587436218286623447958515961812102665994241
37635240096277356221608661183399466587436218286623447958515961814301689249793
37635240096277356221608661183399466587436218286623447958515961823097782272001
37635240096277356221608661183399466587436218286623447958515961825296805527553
37635240096277356221608661183399466587436218286623447958515961827495828783105
37635240096277356221608661183399466587436218286623447958515961836291921805313
37635240096277356221608661183399466587436218286623447958515961838490945060865
37635240096277356221608661183399466587436218286623447958515961840689968316417
37635240096277356221608661183399466587436218286623447958515961849486061338625
37635240096277356221608661183399466587436218286623447958515961851685084594177
37635240096277356221608661183399466587436218286623447958515961853884107849729
37635240096277356221608661183399466587436218286623447958515961862680200871937
37635240096277356221608661183399466587436218286623447958515961864879224127489
37635240096277356221608661183399466587436218286623447958515961867078247383041
37635240096277356221608661183399466587436218286623447958515961875874340405249
37635240096277356221608661183399466587436218286623447958515961878073363660801
37635240096277356221608661183399466587436218286623447958515961880272386916353
37635240096277356221608661183399466587436218286623447958515961889068479938561
37635240096277356221608661183399466587436218286623447958515961891267503194113
37635240096277356221608661183399466587436218286623447958515961893466526449665
37635240096277356221608661183399466587436218286623447958515961902262619471873
37635240096277356221608661183399466587436218286623447958515961904461642727425
37635240096277356221608661183399466587436218286623447958515961906660665982977
37635240096277356221608661183399466587436218286623447958515961915456759005185
37635240096277356221608661183399466587436218286623447958515961917655782260737
37635240096277356221608661183399466587436218286623447958515961919854805516289
37635240096277356221608661183399466587436218286623447958515961928650898538497
37635240096277356221608661183399466587436218286623447958515961929750410166273
37635240096277356221608661183399466587436218286623447958515961931949433421825
37635240096277356221608661183399466587436218286623447958515961938546503188481
37635240096277356221608661183399466587436218286623447958515961940745526444033
37635240096277356221608661183399466587436218286623447958515961942944549699585
37635240096277356221608661183399466587436218286623447958515961951740642721793
37635240096277356221608661183399466587436218286623447958515961953939665977345
37635240096277356221608661183399466587436218286623447958515961956138689232897
37635240096277356221608661183399466587436218286623447958515961964934782255105
37635240096277356221608661183399466587436218286623447958515961967133805510657
37635240096277356221608661183399466587436218286623447958515961969332828766209
37635240096277356221608661183399466587436218286623447958515961978128921788417
37635240096277356221608661183399466587436218286623447958515961980327945043969
37635240096277356221608661183399466587436218286623447958515961982526968299521
37635240096277356221608661183399466587436218286623447958515961991323061321729
37635240096277356221608661183399466587436218286623447958515961993522084577281
37635240096277356221608661183399466587436218286623447958515961995721107832833
37635240096277356221608661183399466587436218286623447958515962004517200855041
37635240096277356221608661183399466587436218286623447958515962006716224110593
37635240096277356221608661183399466587436218286623447958515962008915247366145
37635240096277356221608661183399466587436218286623447958515962017711340388353
37635240096277356221608661183399466587436218286623447958515962019910363643905
37635240096277356221608661183399466587436218286623447958515962022109386899457
37635240096277356221608661183399466587436218286623447958515962030905479921665
37635240096277356221608661183399466587436218286623447958515962033104503177217
37635240096277356221608661183399466587436218286623447958515962035303526432769
37635240096277356221608661183399466587436218286623447958515962044099619454977
37635240096277356221608661183399466587436218286623447958515962046298642710529
37635240096277356221608661183399466587436218286623447958515962048497665966081
37635240096277356221608661183399466587436218286623447958515962057293758988289
37635240096277356221608661183399466587436218286623447958515962059492782243841
37635240096277356221608661183399466587436218286623447958515962061691805499393
37635240096277356221608661183399466587436218286623447958515962070487898521601
37635240096277356221608661183399466587436218286623447958515962072686921777153
37635240096277356221608661183399466587436218286623447958515962074885945032705
37635240096277356221608661183399466587436218286623447958515962085881061310465
37635240096277356221608661183399466587436218286623447958515962088080084566017
37635240096277356221608661183399466587436218286623447958515962090279107821569
37635240096277356221608661183399466587436218286623447958515962099075200843777
37635240096277356221608661183399466587436218286623447958515962101274224099329
37635240096277356221608661183399466587436218286623447958515962103473247354881
37635240096277356221608661183399466587436218286623447958515962112269340377089
37635240096277356221608661183399466587436218286623447958515962114468363632641
37635240096277356221608661183399466587436218286623447958515962116667386888193
37635240096277356221608661183399466587436218286623447958515962125463479910401
37635240096277356221608661183399466587436218286623447958515962127662503165953
37635240096277356221608661183399466587436218286623447958515962129861526421505
37635240096277356221608661183399466587436218286623447958515962138657619443713
37635240096277356221608661183399466587436218286623447958515962140856642699265
37635240096277356221608661183399466587436218286623447958515962143055665954817
37635240096277356221608661183399466587436218286623447958515962151851758977025
37635240096277356221608661183399466587436218286623447958515962154050782232577
37635240096277356221608661183399466587436218286623447958515962156249805488129
37635240096277356221608661183399466587436218286623447958515962165045898510337
37635240096277356221608661183399466587436218286623447958515962167244921765889
37635240096277356221608661183399466587436218286623447958515962169443945021441
37635240096277356221608661183399466587436218286623447958515962178240038043649
37635240096277356221608661183399466587436218286623447958515962180439061299201
37635240096277356221608661183399466587436218286623447958515962182638084554753
37635240096277356221608661183399466587436218286623447958515962191434177576961
37635240096277356221608661183399466587436218286623447958515962193633200832513
37635240096277356221608661183399466587436218286623447958515962195832224088065
37635240096277356221608661183399466587436218286623447958515962204628317110273
37635240096277356221608661183399466587436218286623447958515962206827340365825
37635240096277356221608661183399466587436218286623447958515962209026363621377
37635240096277356221608661183399466587436218286623447958515962217822456643585
37635240096277356221608661183399466587436218286623447958515962220021479899137
37635240096277356221608661183399466587436218286623447958515962222220503154689
37635240096277356221608661183399466587436218286623447958515962231016596176897
37635240096277356221608661183399466587436218286623447958515962233215619432449
37635240096277356221608661183399466587436218286623447958515962235414642688001
37635240096277356221608661183399466587436218286623447958515962244210735710209
37635240096277356221608661183399466587436218286623447958515962246409758965761
37635240096277356221608661183399466587436218286623447958515962248608782221313
37635240096277356221608661183399466587436218286623447958515962257404875243521
37635240096277356221608661183399466587436218286623447958515962259603898499073
37635240096277356221608661183399466587436218286623447958515962261802921754625
37635240096277356221608661183399466587436218286623447958515962270599014776833
37635240096277356221608661183399466587436218286623447958515962272798038032385
37635240096277356221608661183399466587436218286623447958515962274997061287937
37635240096277356221608661183399466587436218286623447958515962283793154310145
37635240096277356221608661183399466587436218286623447958515962285992177565697
37635240096277356221608661183399466587436218286623447958515962288191200821249
37635240096277356221608661183399466587436218286623447958515962296987293843457
37635240096277356221608661183399466587436218286623447958515962299186317099009
37635240096277356221608661183399466587436218286623447958515962301385340354561
37635240096277356221608661183399466587436218286623447958515962307982410121217
37635240096277356221608661183399466587436218286623447958515962310181433376769
37635240096277356221608661183399466587436218286623447958515962312380456632321
37635240096277356221608661183399466587436218286623447958515962321176549654529
37635240096277356221608661183399466587436218286623447958515962323375572910081
37635240096277356221608661183399466587436218286623447958515962325574596165633
37635240096277356221608661183399466587436218286623447958515962334370689187841
37635240096277356221608661183399466587436218286623447958515962336569712443393
37635240096277356221608661183399466587436218286623447958515962338768735698945
37635240096277356221608661183399466587436218286623447958515962347564828721153
37635240096277356221608661183399466587436218286623447958515962349763851976705
37635240096277356221608661183399466587436218286623447958515962351962875232257
37635240096277356221608661183399466587436218286623447958515962360758968254465
37635240096277356221608661183399466587436218286623447958515962362957991510017
37635240096277356221608661183399466587436218286623447958515962365157014765569
37635240096277356221608661183399466587436218286623447958515962373953107787777
37635240096277356221608661183399466587436218286623447958515962376152131043329
37635240096277356221608661183399466587436218286623447958515962378351154298881
37635240096277356221608661183399466587436218286623447958515962387147247321089
37635240096277356221608661183399466587436218286623447958515962389346270576641
37635240096277356221608661183399466587436218286623447958515962391545293832193
37635240096277356221608661183399466587436218286623447958515962400341386854401
37635240096277356221608661183399466587436218286623447958515962402540410109953
37635240096277356221608661183399466587436218286623447958515962404739433365505
37635240096277356221608661183399466587436218286623447958515962413535526387713
37635240096277356221608661183399466587436218286623447958515962415734549643265
37635240096277356221608661183399466587436218286623447958515962417933572898817
37635240096277356221608661183399466587436218286623447958515962426729665921025
37635240096277356221608661183399466587436218286623447958515962428928689176577
37635240096277356221608661183399466587436218286623447958515962431127712432129
37635240096277356221608661183399466587436218286623447958515962439923805454337
37635240096277356221608661183399466587436218286623447958515962442122828709889
37635240096277356221608661183399466587436218286623447958515962444321851965441
37635240096277356221608661183399466587436218286623447958515962453117944987649
37635240096277356221608661183399466587436218286623447958515962455316968243201
37635240096277356221608661183399466587436218286623447958515962457515991498753
37635240096277356221608661183399466587436218286623447958515962466312084520961
37635240096277356221608661183399466587436218286623447958515962468511107776513
37635240096277356221608661183399466587436218286623447958515962470710131032065
37635240096277356221608661183399466587436218286623447958515962481705247309825
37635240096277356221608661183399466587436218286623447958515962483904270565377
37635240096277356221608661183399466587436218286623447958515962485003782193153
37635240096277356221608661183399466587436218286623447958515962492700363587585
37635240096277356221608661183399466587436218286623447958515962494899386843137
37635240096277356221608661183399466587436218286623447958515962497098410098689
37635240096277356221608661183399466587436218286623447958515962505894503120897
37635240096277356221608661183399466587436218286623447958515962508093526376449
37635240096277356221608661183399466587436218286623447958515962510292549632001
37635240096277356221608661183399466587436218286623447958515962519088642654209
37635240096277356221608661183399466587436218286623447958515962521287665909761
37635240096277356221608661183399466587436218286623447958515962523486689165313
37635240096277356221608661183399466587436218286623447958515962532282782187521
37635240096277356221608661183399466587436218286623447958515962534481805443073
37635240096277356221608661183399466587436218286623447958515962536680828698625
37635240096277356221608661183399466587436218286623447958515962545476921720833
37635240096277356221608661183399466587436218286623447958515962547675944976385
37635240096277356221608661183399466587436218286623447958515962549874968231937
37635240096277356221608661183399466587436218286623447958515962558671061254145
37635240096277356221608661183399466587436218286623447958515962560870084509697
37635240096277356221608661183399466587436218286623447958515962563069107765249
37635240096277356221608661183399466587436218286623447958515962570765689159681
37635240096277356221608661183399466587436218286623447958515962571865200787457
37635240096277356221608661183399466587436218286623447958515962572964712415233
37635240096277356221608661183399466587436218286623447958515962581760805437441
37635240096277356221608661183399466587436218286623447958515962583959828692993
37635240096277356221608661183399466587436218286623447958515962586158851948545
37635240096277356221608661183399466587436218286623447958515962594954944970753
37635240096277356221608661183399466587436218286623447958515962597153968226305
37635240096277356221608661183399466587436218286623447958515962599352991481857
37635240096277356221608661183399466587436218286623447958515962608149084504065
37635240096277356221608661183399466587436218286623447958515962610348107759617
37635240096277356221608661183399466587436218286623447958515962612547131015169
37635240096277356221608661183399466587436218286623447958515962621343224037377
37635240096277356221608661183399466587436218286623447958515962623542247292929
37635240096277356221608661183399466587436218286623447958515962625741270548481
37635240096277356221608661183399466587436218286623447958515962634537363570689
37635240096277356221608661183399466587436218286623447958515962636736386826241
37635240096277356221608661183399466587436218286623447958515962638935410081793
37635240096277356221608661183399466587436218286623447958515962647731503104001
37635240096277356221608661183399466587436218286623447958515962649930526359553
37635240096277356221608661183399466587436218286623447958515962652129549615105
37635240096277356221608661183399466587436218286623447958515962660925642637313
37635240096277356221608661183399466587436218286623447958515962663124665892865
37635240096277356221608661183399466587436218286623447958515962665323689148417
37635240096277356221608661183399466587436218286623447958515962674119782170625
37635240096277356221608661183399466587436218286623447958515962676318805426177
37635240096277356221608661183399466587436218286623447958515962678517828681729
37635240096277356221608661183399466587436218286623447958515962687313921703937
37635240096277356221608661183399466587436218286623447958515962689512944959489
37635240096277356221608661183399466587436218286623447958515962691711968215041
37635240096277356221608661183399466587436218286623447958515962700508061237249
37635240096277356221608661183399466587436218286623447958515962702707084492801
37635240096277356221608661183399466587436218286623447958515962704906107748353
37635240096277356221608661183399466587436218286623447958515962713702200770561
37635240096277356221608661183399466587436218286623447958515962715901224026113
37635240096277356221608661183399466587436218286623447958515962718100247281665
37635240096277356221608661183399466587436218286623447958515962726896340303873
37635240096277356221608661183399466587436218286623447958515962729095363559425
37635240096277356221608661183399466587436218286623447958515962731294386814977
37635240096277356221608661183399466587436218286623447958515962740090479837185
37635240096277356221608661183399466587436218286623447958515962742289503092737
37635240096277356221608661183399466587436218286623447958515962744488526348289
37635240096277356221608661183399466587436218286623447958515962753284619370497
37635240096277356221608661183399466587436218286623447958515962755483642626049
37635240096277356221608661183399466587436218286623447958515962757682665881601
37635240096277356221608661183399466587436218286623447958515962766478758903809
37635240096277356221608661183399466587436218286623447958515962768677782159361
37635240096277356221608661183399466587436218286623447958515962770876805414913
37635240096277356221608661183399466587436218286623447958515962779672898437121
37635240096277356221608661183399466587436218286623447958515962781871921692673
37635240096277356221608661183399466587436218286623447958515962784070944948225
37635240096277356221608661183399466587436218286623447958515962792867037970433
37635240096277356221608661183399466587436218286623447958515962795066061225985
37635240096277356221608661183399466587436218286623447958515962797265084481537
37635240096277356221608661183399466587436218286623447958515962806061177503745
37635240096277356221608661183399466587436218286623447958515962808260200759297
37635240096277356221608661183399466587436218286623447958515962810459224014849
37635240096277356221608661183399466587436218286623447958515962815956782153729
37635240096277356221608661183399466587436218286623447958515962818155805409281
37635240096277356221608661183399466587436218286623447958515962820354828664833
37635240096277356221608661183399466587436218286623447958515962829150921687041
37635240096277356221608661183399466587436218286623447958515962831349944942593
37635240096277356221608661183399466587436218286623447958515962833548968198145
37635240096277356221608661183399466587436218286623447958515962842345061220353
37635240096277356221608661183399466587436218286623447958515962844544084475905
37635240096277356221608661183399466587436218286623447958515962846743107731457
37635240096277356221608661183399466587436218286623447958515962855539200753665
37635240096277356221608661183399466587436218286623447958515962857738224009217
37635240096277356221608661183399466587436218286623447958515962859937247264769
37635240096277356221608661183399466587436218286623447958515962868733340286977
37635240096277356221608661183399466587436218286623447958515962870932363542529
37635240096277356221608661183399466587436218286623447958515962873131386798081
37635240096277356221608661183399466587436218286623447958515962881927479820289
37635240096277356221608661183399466587436218286623447958515962884126503075841
37635240096277356221608661183399466587436218286623447958515962886325526331393
37635240096277356221608661183399466587436218286623447958515962895121619353601
37635240096277356221608661183399466587436218286623447958515962897320642609153
37635240096277356221608661183399466587436218286623447958515962899519665864705
37635240096277356221608661183399466587436218286623447958515962908315758886913
37635240096277356221608661183399466587436218286623447958515962910514782142465
37635240096277356221608661183399466587436218286623447958515962912713805398017
37635240096277356221608661183399466587436218286623447958515962923708921675777
37635240096277356221608661183399466587436218286623447958515962925907944931329
37635240096277356221608661183399466587436218286623447958515962928106968186881
37635240096277356221608661183399466587436218286623447958515962936903061209089
37635240096277356221608661183399466587436218286623447958515962939102084464641
37635240096277356221608661183399466587436218286623447958515962941301107720193
37635240096277356221608661183399466587436218286623447958515962950097200742401
37635240096277356221608661183399466587436218286623447958515962952296223997953
37635240096277356221608661183399466587436218286623447958515962954495247253505
37635240096277356221608661183399466587436218286623447958515962964390851903489
37635240096277356221608661183399466587436218286623447958515962966589875159041
37635240096277356221608661183399466587436218286623447958515962968788898414593
37635240096277356221608661183399466587436218286623447958515962977584991436801
37635240096277356221608661183399466587436218286623447958515962979784014692353
37635240096277356221608661183399466587436218286623447958515962981983037947905
37635240096277356221608661183399466587436218286623447958515962990779130970113
37635240096277356221608661183399466587436218286623447958515962992978154225665
37635240096277356221608661183399466587436218286623447958515962995177177481217
37635240096277356221608661183399466587436218286623447958515963003973270503425
37635240096277356221608661183399466587436218286623447958515963006172293758977
37635240096277356221608661183399466587436218286623447958515963008371317014529
37635240096277356221608661183399466587436218286623447958515963017167410036737
37635240096277356221608661183399466587436218286623447958515963019366433292289
37635240096277356221608661183399466587436218286623447958515963021565456547841
37635240096277356221608661183399466587436218286623447958515963030361549570049
37635240096277356221608661183399466587436218286623447958515963032560572825601
37635240096277356221608661183399466587436218286623447958515963034759596081153
37635240096277356221608661183399466587436218286623447958515963045754712358913
37635240096277356221608661183399466587436218286623447958515963047953735614465
37635240096277356221608661183399466587436218286623447958515963050152758870017
37635240096277356221608661183399466587436218286623447958515963058948851892225
37635240096277356221608661183399466587436218286623447958515963061147875147777
37635240096277356221608661183399466587436218286623447958515963063346898403329
37635240096277356221608661183399466587436218286623447958515963072142991425537
37635240096277356221608661183399466587436218286623447958515963074342014681089
37635240096277356221608661183399466587436218286623447958515963076541037936641
37635240096277356221608661183399466587436218286623447958515963085337130958849
37635240096277356221608661183399466587436218286623447958515963087536154214401
37635240096277356221608661183399466587436218286623447958515963089735177469953
37635240096277356221608661183399466587436218286623447958515963098531270492161
37635240096277356221608661183399466587436218286623447958515963100730293747713
37635240096277356221608661183399466587436218286623447958515963102929317003265
37635240096277356221608661183399466587436218286623447958515963111725410025473
37635240096277356221608661183399466587436218286623447958515963113924433281025
37635240096277356221608661183399466587436218286623447958515963116123456536577
37635240096277356221608661183399466587436218286623447958515963124919549558785
37635240096277356221608661183399466587436218286623447958515963127118572814337
37635240096277356221608661183399466587436218286623447958515963129317596069889
37635240096277356221608661183399466587436218286623447958515963138113689092097
37635240096277356221608661183399466587436218286623447958515963140312712347649
37635240096277356221608661183399466587436218286623447958515963142511735603201
37635240096277356221608661183399466587436218286623447958515963151307828625409
37635240096277356221608661183399466587436218286623447958515963153506851880961
37635240096277356221608661183399466587436218286623447958515963155705875136513
37635240096277356221608661183399466587436218286623447958515963164501968158721
37635240096277356221608661183399466587436218286623447958515963166700991414273
37635240096277356221608661183399466587436218286623447958515963168900014669825
37635240096277356221608661183399466587436218286623447958515963177696107692033
37635240096277356221608661183399466587436218286623447958515963179895130947585
37635240096277356221608661183399466587436218286623447958515963182094154203137
37635240096277356221608661183399466587436218286623447958515963190890247225345
37635240096277356221608661183399466587436218286623447958515963193089270480897
37635240096277356221608661183399466587436218286623447958515963195288293736449
37635240096277356221608661183399466587436218286623447958515963204084386758657
37635240096277356221608661183399466587436218286623447958515963206283410014209
37635240096277356221608661183399466587436218286623447958515963208482433269761
37635240096277356221608661183399466587436218286623447958515963217278526291969
37635240096277356221608661183399466587436218286623447958515963219477549547521
37635240096277356221608661183399466587436218286623447958515963221676572803073
37635240096277356221608661183399466587436218286623447958515963230472665825281
37635240096277356221608661183399466587436218286623447958515963232671689080833
37635240096277356221608661183399466587436218286623447958515963234870712336385
37635240096277356221608661183399466587436218286623447958515963243666805358593
37635240096277356221608661183399466587436218286623447958515963245865828614145
37635240096277356221608661183399466587436218286623447958515963248064851869697
37635240096277356221608661183399466587436218286623447958515963260159479775233
37635240096277356221608661183399466587436218286623447958515963262358503030785
37635240096277356221608661183399466587436218286623447958515963264557526286337
37635240096277356221608661183399466587436218286623447958515963273353619308545
37635240096277356221608661183399466587436218286623447958515963275552642564097
37635240096277356221608661183399466587436218286623447958515963277751665819649
37635240096277356221608661183399466587436218286623447958515963286547758841857
37635240096277356221608661183399466587436218286623447958515963288746782097409
37635240096277356221608661183399466587436218286623447958515963290945805352961
37635240096277356221608661183399466587436218286623447958515963299741898375169
37635240096277356221608661183399466587436218286623447958515963301940921630721
37635240096277356221608661183399466587436218286623447958515963307438479769601
37635240096277356221608661183399466587436218286623447958515963316234572791809
37635240096277356221608661183399466587436218286623447958515963318433596047361
37635240096277356221608661183399466587436218286623447958515963320632619302913
37635240096277356221608661183399466587436218286623447958515963329428712325121
37635240096277356221608661183399466587436218286623447958515963331627735580673
37635240096277356221608661183399466587436218286623447958515963333826758836225
37635240096277356221608661183399466587436218286623447958515963342622851858433
37635240096277356221608661183399466587436218286623447958515963344821875113985
37635240096277356221608661183399466587436218286623447958515963347020898369537
37635240096277356221608661183399466587436218286623447958515963355816991391745
37635240096277356221608661183399466587436218286623447958515963358016014647297
37635240096277356221608661183399466587436218286623447958515963360215037902849
37635240096277356221608661183399466587436218286623447958515963369011130925057
37635240096277356221608661183399466587436218286623447958515963371210154180609
37635240096277356221608661183399466587436218286623447958515963373409177436161
37635240096277356221608661183399466587436218286623447958515963382205270458369
37635240096277356221608661183399466587436218286623447958515963384404293713921
37635240096277356221608661183399466587436218286623447958515963386603316969473
37635240096277356221608661183399466587436218286623447958515963395399409991681
37635240096277356221608661183399466587436218286623447958515963397598433247233
37635240096277356221608661183399466587436218286623447958515963399797456502785
37635240096277356221608661183399466587436218286623447958515963408593549524993
37635240096277356221608661183399466587436218286623447958515963410792572780545
37635240096277356221608661183399466587436218286623447958515963412991596036097
37635240096277356221608661183399466587436218286623447958515963421787689058305
37635240096277356221608661183399466587436218286623447958515963423986712313857
37635240096277356221608661183399466587436218286623447958515963426185735569409
37635240096277356221608661183399466587436218286623447958515963434981828591617
37635240096277356221608661183399466587436218286623447958515963437180851847169
37635240096277356221608661183399466587436218286623447958515963439379875102721
37635240096277356221608661183399466587436218286623447958515963448175968124929
37635240096277356221608661183399466587436218286623447958515963450374991380481
37635240096277356221608661183399466587436218286623447958515963452574014636033
37635240096277356221608661183399466587436218286623447958515963461370107658241
37635240096277356221608661183399466587436218286623447958515963463569130913793
37635240096277356221608661183399466587436218286623447958515963465768154169345
37635240096277356221608661183399466587436218286623447958515963474564247191553
37635240096277356221608661183399466587436218286623447958515963476763270447105
37635240096277356221608661183399466587436218286623447958515963477862782074881
37635240096277356221608661183399466587436218286623447958515963485559363469313
37635240096277356221608661183399466587436218286623447958515963487758386724865
37635240096277356221608661183399466587436218286623447958515963489957409980417
37635240096277356221608661183399466587436218286623447958515963495454968119297
37635240096277356221608661183399466587436218286623447958515963497653991374849
37635240096277356221608661183399466587436218286623447958515963499853014630401
37635240096277356221608661183399466587436218286623447958515963508649107652609
37635240096277356221608661183399466587436218286623447958515963510848130908161
37635240096277356221608661183399466587436218286623447958515963513047154163713
37635240096277356221608661183399466587436218286623447958515963524042270441473
37635240096277356221608661183399466587436218286623447958515963526241293697025
37635240096277356221608661183399466587436218286623447958515963528440316952577
37635240096277356221608661183399466587436218286623447958515963537236409974785
37635240096277356221608661183399466587436218286623447958515963539435433230337
37635240096277356221608661183399466587436218286623447958515963541634456485889
37635240096277356221608661183399466587436218286623447958515963550430549508097
37635240096277356221608661183399466587436218286623447958515963552629572763649
37635240096277356221608661183399466587436218286623447958515963554828596019201
37635240096277356221608661183399466587436218286623447958515963563624689041409
37635240096277356221608661183399466587436218286623447958515963565823712296961
37635240096277356221608661183399466587436218286623447958515963568022735552513
37635240096277356221608661183399466587436218286623447958515963576818828574721
37635240096277356221608661183399466587436218286623447958515963579017851830273
37635240096277356221608661183399466587436218286623447958515963581216875085825
37635240096277356221608661183399466587436218286623447958515963590012968108033
37635240096277356221608661183399466587436218286623447958515963592211991363585
37635240096277356221608661183399466587436218286623447958515963594411014619137
37635240096277356221608661183399466587436218286623447958515963603207107641345
37635240096277356221608661183399466587436218286623447958515963605406130896897
37635240096277356221608661183399466587436218286623447958515963607605154152449
37635240096277356221608661183399466587436218286623447958515963616401247174657
37635240096277356221608661183399466587436218286623447958515963618600270430209
37635240096277356221608661183399466587436218286623447958515963622998316941313
37635240096277356221608661183399466587436218286623447958515963631794409963521
37635240096277356221608661183399466587436218286623447958515963633993433219073
37635240096277356221608661183399466587436218286623447958515963639490991357953
37635240096277356221608661183399466587436218286623447958515963644988549496833
37635240096277356221608661183399466587436218286623447958515963647187572752385
37635240096277356221608661183399466587436218286623447958515963649386596007937
37635240096277356221608661183399466587436218286623447958515963658182689030145
37635240096277356221608661183399466587436218286623447958515963660381712285697
37635240096277356221608661183399466587436218286623447958515963662580735541249
37635240096277356221608661183399466587436218286623447958515963671376828563457
37635240096277356221608661183399466587436218286623447958515963673575851819009
37635240096277356221608661183399466587436218286623447958515963675774875074561
37635240096277356221608661183399466587436218286623447958515963684570968096769
37635240096277356221608661183399466587436218286623447958515963686769991352321
37635240096277356221608661183399466587436218286623447958515963688969014607873
37635240096277356221608661183399466587436218286623447958515963697765107630081
37635240096277356221608661183399466587436218286623447958515963699964130885633
37635240096277356221608661183399466587436218286623447958515963702163154141185
37635240096277356221608661183399466587436218286623447958515963709859735535617
37635240096277356221608661183399466587436218286623447958515963710959247163393
37635240096277356221608661183399466587436218286623447958515963712058758791169
37635240096277356221608661183399466587436218286623447958515963720854851813377
37635240096277356221608661183399466587436218286623447958515963723053875068929
37635240096277356221608661183399466587436218286623447958515963725252898324481
37635240096277356221608661183399466587436218286623447958515963734048991346689
37635240096277356221608661183399466587436218286623447958515963736248014602241
37635240096277356221608661183399466587436218286623447958515963738447037857793
37635240096277356221608661183399466587436218286623447958515963747243130880001
37635240096277356221608661183399466587436218286623447958515963749442154135553
37635240096277356221608661183399466587436218286623447958515963751641177391105
37635240096277356221608661183399466587436218286623447958515963760437270413313
37635240096277356221608661183399466587436218286623447958515963762636293668865
37635240096277356221608661183399466587436218286623447958515963764835316924417
37635240096277356221608661183399466587436218286623447958515963773631409946625
37635240096277356221608661183399466587436218286623447958515963775830433202177
37635240096277356221608661183399466587436218286623447958515963778029456457729
37635240096277356221608661183399466587436218286623447958515950060522388324353
37635240096277356221608661183399466587436218286623447958515950061621899952129
37635240096277356221608661183399466587436218286623447958515950062721411579905
37635240096277356221608661183399466587436218286623447958515950068218969718785
37635240096277356221608661183399466587436218286623447958515950070417992974337
37635240096277356221608661183399466587436218286623447958515950072617016229889
37635240096277356221608661183399466587436218286623447958515950081413109252097
37635240096277356221608661183399466587436218286623447958515950083612132507649
37635240096277356221608661183399466587436218286623447958515950085811155763201
37635240096277356221608661183399466587436218286623447958515950094607248785409
37635240096277356221608661183399466587436218286623447958515950096806272040961
37635240096277356221608661183399466587436218286623447958515950099005295296513
37635240096277356221608661183399466587436218286623447958515950107801388318721
37635240096277356221608661183399466587436218286623447958515950110000411574273
37635240096277356221608661183399466587436218286623447958515950112199434829825
37635240096277356221608661183399466587436218286623447958515950120995527852033
37635240096277356221608661183399466587436218286623447958515950123194551107585
37635240096277356221608661183399466587436218286623447958515950125393574363137
37635240096277356221608661183399466587436218286623447958515950134189667385345
37635240096277356221608661183399466587436218286623447958515950136388690640897
37635240096277356221608661183399466587436218286623447958515950138587713896449
37635240096277356221608661183399466587436218286623447958515950147383806918657
37635240096277356221608661183399466587436218286623447958515950149582830174209
37635240096277356221608661183399466587436218286623447958515950151781853429761
37635240096277356221608661183399466587436218286623447958515950160577946451969
37635240096277356221608661183399466587436218286623447958515950162776969707521
37635240096277356221608661183399466587436218286623447958515950164975992963073
37635240096277356221608661183399466587436218286623447958515950173772085985281
37635240096277356221608661183399466587436218286623447958515950175971109240833
37635240096277356221608661183399466587436218286623447958515950178170132496385
37635240096277356221608661183399466587436218286623447958515950186966225518593
37635240096277356221608661183399466587436218286623447958515950189165248774145
37635240096277356221608661183399466587436218286623447958515950191364272029697
37635240096277356221608661183399466587436218286623447958515950200160365051905
37635240096277356221608661183399466587436218286623447958515950202359388307457
37635240096277356221608661183399466587436218286623447958515950204558411563009
37635240096277356221608661183399466587436218286623447958515950213354504585217
37635240096277356221608661183399466587436218286623447958515950215553527840769
37635240096277356221608661183399466587436218286623447958515950217752551096321
37635240096277356221608661183399466587436218286623447958515950226548644118529
37635240096277356221608661183399466587436218286623447958515950228747667374081
37635240096277356221608661183399466587436218286623447958515950230946690629633
37635240096277356221608661183399466587436218286623447958515950239742783651841
37635240096277356221608661183399466587436218286623447958515950241941806907393
37635240096277356221608661183399466587436218286623447958515950244140830162945
37635240096277356221608661183399466587436218286623447958515950252936923185153
37635240096277356221608661183399466587436218286623447958515950255135946440705
37635240096277356221608661183399466587436218286623447958515950257334969696257
37635240096277356221608661183399466587436218286623447958515950266131062718465
37635240096277356221608661183399466587436218286623447958515950268330085974017
37635240096277356221608661183399466587436218286623447958515950270529109229569
37635240096277356221608661183399466587436218286623447958515950279325202251777
37635240096277356221608661183399466587436218286623447958515950281524225507329
37635240096277356221608661183399466587436218286623447958515950283723248762881
37635240096277356221608661183399466587436218286623447958515950292519341785089
37635240096277356221608661183399466587436218286623447958515950294718365040641
37635240096277356221608661183399466587436218286623447958515950296917388296193
37635240096277356221608661183399466587436218286623447958515950305713481318401
37635240096277356221608661183399466587436218286623447958515950307912504573953
37635240096277356221608661183399466587436218286623447958515950310111527829505
37635240096277356221608661183399466587436218286623447958515950318907620851713
37635240096277356221608661183399466587436218286623447958515950321106644107265
37635240096277356221608661183399466587436218286623447958515950323305667362817
37635240096277356221608661183399466587436218286623447958515950332101760385025
37635240096277356221608661183399466587436218286623447958515950334300783640577
37635240096277356221608661183399466587436218286623447958515950336499806896129
37635240096277356221608661183399466587436218286623447958515950345295899918337
37635240096277356221608661183399466587436218286623447958515950347494923173889
37635240096277356221608661183399466587436218286623447958515950349693946429441
37635240096277356221608661183399466587436218286623447958515950358490039451649
37635240096277356221608661183399466587436218286623447958515950360689062707201
37635240096277356221608661183399466587436218286623447958515950362888085962753
37635240096277356221608661183399466587436218286623447958515950371684178984961
37635240096277356221608661183399466587436218286623447958515950373883202240513
37635240096277356221608661183399466587436218286623447958515950376082225496065
37635240096277356221608661183399466587436218286623447958515950384878318518273
37635240096277356221608661183399466587436218286623447958515950387077341773825
37635240096277356221608661183399466587436218286623447958515950389276365029377
37635240096277356221608661183399466587436218286623447958515950398072458051585
37635240096277356221608661183399466587436218286623447958515950400271481307137
37635240096277356221608661183399466587436218286623447958515950402470504562689
37635240096277356221608661183399466587436218286623447958515950411266597584897
37635240096277356221608661183399466587436218286623447958515950413465620840449
37635240096277356221608661183399466587436218286623447958515950415664644096001
37635240096277356221608661183399466587436218286623447958515950424460737118209
37635240096277356221608661183399466587436218286623447958515950426659760373761
37635240096277356221608661183399466587436218286623447958515950428858783629313
37635240096277356221608661183399466587436218286623447958515950437654876651521
37635240096277356221608661183399466587436218286623447958515950439853899907073
37635240096277356221608661183399466587436218286623447958515950442052923162625
37635240096277356221608661183399466587436218286623447958515950450849016184833
37635240096277356221608661183399466587436218286623447958515950453048039440385
37635240096277356221608661183399466587436218286623447958515950455247062695937
37635240096277356221608661183399466587436218286623447958515950464043155718145
37635240096277356221608661183399466587436218286623447958515950466242178973697
37635240096277356221608661183399466587436218286623447958515950468441202229249
37635240096277356221608661183399466587436218286623447958515950477237295251457
37635240096277356221608661183399466587436218286623447958515950479436318507009
37635240096277356221608661183399466587436218286623447958515950481635341762561
37635240096277356221608661183399466587436218286623447958515950490431434784769
37635240096277356221608661183399466587436218286623447958515950492630458040321
37635240096277356221608661183399466587436218286623447958515950494829481295873
37635240096277356221608661183399466587436218286623447958515950503625574318081
37635240096277356221608661183399466587436218286623447958515950505824597573633
37635240096277356221608661183399466587436218286623447958515950508023620829185
37635240096277356221608661183399466587436218286623447958515950516819713851393
37635240096277356221608661183399466587436218286623447958515950519018737106945
37635240096277356221608661183399466587436218286623447958515950521217760362497
37635240096277356221608661183399466587436218286623447958515950530013853384705
37635240096277356221608661183399466587436218286623447958515950532212876640257
37635240096277356221608661183399466587436218286623447958515950534411899895809
37635240096277356221608661183399466587436218286623447958515950543207992918017
37635240096277356221608661183399466587436218286623447958515950545407016173569
37635240096277356221608661183399466587436218286623447958515950547606039429121
37635240096277356221608661183399466587436218286623447958515950556402132451329
37635240096277356221608661183399466587436218286623447958515950558601155706881
37635240096277356221608661183399466587436218286623447958515950560800178962433
37635240096277356221608661183399466587436218286623447958515950569596271984641
37635240096277356221608661183399466587436218286623447958515950571795295240193
37635240096277356221608661183399466587436218286623447958515950573994318495745
37635240096277356221608661183399466587436218286623447958515950582790411517953
37635240096277356221608661183399466587436218286623447958515950584989434773505
37635240096277356221608661183399466587436218286623447958515950587188458029057
37635240096277356221608661183399466587436218286623447958515950595984551051265
37635240096277356221608661183399466587436218286623447958515950598183574306817
37635240096277356221608661183399466587436218286623447958515950600382597562369
37635240096277356221608661183399466587436218286623447958515950609178690584577
37635240096277356221608661183399466587436218286623447958515950611377713840129
37635240096277356221608661183399466587436218286623447958515950613576737095681
37635240096277356221608661183399466587436218286623447958515950622372830117889
37635240096277356221608661183399466587436218286623447958515950624571853373441
37635240096277356221608661183399466587436218286623447958515950626770876628993
37635240096277356221608661183399466587436218286623447958515950635566969651201
37635240096277356221608661183399466587436218286623447958515950637765992906753
37635240096277356221608661183399466587436218286623447958515950639965016162305
37635240096277356221608661183399466587436218286623447958515950648761109184513
37635240096277356221608661183399466587436218286623447958515950650960132440065
37635240096277356221608661183399466587436218286623447958515950653159155695617
37635240096277356221608661183399466587436218286623447958515950661955248717825
37635240096277356221608661183399466587436218286623447958515950664154271973377
37635240096277356221608661183399466587436218286623447958515950666353295228929
37635240096277356221608661183399466587436218286623447958515950675149388251137
37635240096277356221608661183399466587436218286623447958515950677348411506689
37635240096277356221608661183399466587436218286623447958515950679547434762241
37635240096277356221608661183399466587436218286623447958515950688343527784449
37635240096277356221608661183399466587436218286623447958515950690542551040001
37635240096277356221608661183399466587436218286623447958515950692741574295553
37635240096277356221608661183399466587436218286623447958515950701537667317761
37635240096277356221608661183399466587436218286623447958515950703736690573313
37635240096277356221608661183399466587436218286623447958515950705935713828865
37635240096277356221608661183399466587436218286623447958515950714731806851073
37635240096277356221608661183399466587436218286623447958515950716930830106625
37635240096277356221608661183399466587436218286623447958515950719129853362177
37635240096277356221608661183399466587436218286623447958515950727925946384385
37635240096277356221608661183399466587436218286623447958515950730124969639937
37635240096277356221608661183399466587436218286623447958515950732323992895489
37635240096277356221608661183399466587436218286623447958515950741120085917697
37635240096277356221608661183399466587436218286623447958515950743319109173249
37635240096277356221608661183399466587436218286623447958515950745518132428801
37635240096277356221608661183399466587436218286623447958515950754314225451009
37635240096277356221608661183399466587436218286623447958515950756513248706561
37635240096277356221608661183399466587436218286623447958515950758712271962113
37635240096277356221608661183399466587436218286623447958515950767508364984321
37635240096277356221608661183399466587436218286623447958515950769707388239873
37635240096277356221608661183399466587436218286623447958515950771906411495425
37635240096277356221608661183399466587436218286623447958515950780702504517633
37635240096277356221608661183399466587436218286623447958515950782901527773185
37635240096277356221608661183399466587436218286623447958515950785100551028737
37635240096277356221608661183399466587436218286623447958515950793896644050945
37635240096277356221608661183399466587436218286623447958515950796095667306497
37635240096277356221608661183399466587436218286623447958515950798294690562049
37635240096277356221608661183399466587436218286623447958515950807090783584257
37635240096277356221608661183399466587436218286623447958515950809289806839809
37635240096277356221608661183399466587436218286623447958515950811488830095361
37635240096277356221608661183399466587436218286623447958515950820284923117569
37635240096277356221608661183399466587436218286623447958515950822483946373121
37635240096277356221608661183399466587436218286623447958515950824682969628673
37635240096277356221608661183399466587436218286623447958515950833479062650881
37635240096277356221608661183399466587436218286623447958515950835678085906433
37635240096277356221608661183399466587436218286623447958515950837877109161985
37635240096277356221608661183399466587436218286623447958515950846673202184193
37635240096277356221608661183399466587436218286623447958515950848872225439745
37635240096277356221608661183399466587436218286623447958515950851071248695297
37635240096277356221608661183399466587436218286623447958515950859867341717505
37635240096277356221608661183399466587436218286623447958515950862066364973057
37635240096277356221608661183399466587436218286623447958515950864265388228609
37635240096277356221608661183399466587436218286623447958515950873061481250817
37635240096277356221608661183399466587436218286623447958515950875260504506369
37635240096277356221608661183399466587436218286623447958515950877459527761921
37635240096277356221608661183399466587436218286623447958515950886255620784129
37635240096277356221608661183399466587436218286623447958515950888454644039681
37635240096277356221608661183399466587436218286623447958515950890653667295233
37635240096277356221608661183399466587436218286623447958515950899449760317441
37635240096277356221608661183399466587436218286623447958515950901648783572993
37635240096277356221608661183399466587436218286623447958515950903847806828545
37635240096277356221608661183399466587436218286623447958515950912643899850753
37635240096277356221608661183399466587436218286623447958515950914842923106305
37635240096277356221608661183399466587436218286623447958515950917041946361857
37635240096277356221608661183399466587436218286623447958515950925838039384065
37635240096277356221608661183399466587436218286623447958515950928037062639617
37635240096277356221608661183399466587436218286623447958515950930236085895169
37635240096277356221608661183399466587436218286623447958515950939032178917377
37635240096277356221608661183399466587436218286623447958515950941231202172929
37635240096277356221608661183399466587436218286623447958515950943430225428481
37635240096277356221608661183399466587436218286623447958515950952226318450689
37635240096277356221608661183399466587436218286623447958515950954425341706241
37635240096277356221608661183399466587436218286623447958515950956624364961793
37635240096277356221608661183399466587436218286623447958515950965420457984001
37635240096277356221608661183399466587436218286623447958515950967619481239553
37635240096277356221608661183399466587436218286623447958515950969818504495105
37635240096277356221608661183399466587436218286623447958515950978614597517313
37635240096277356221608661183399466587436218286623447958515950979714109145089
37635240096277356221608661183399466587436218286623447958515950980813620772865
37635240096277356221608661183399466587436218286623447958515950989609713795073
37635240096277356221608661183399466587436218286623447958515950991808737050625
37635240096277356221608661183399466587436218286623447958515950994007760306177
37635240096277356221608661183399466587436218286623447958515951002803853328385
37635240096277356221608661183399466587436218286623447958515951005002876583937
37635240096277356221608661183399466587436218286623447958515951007201899839489
37635240096277356221608661183399466587436218286623447958515951015997992861697
37635240096277356221608661183399466587436218286623447958515951018197016117249
37635240096277356221608661183399466587436218286623447958515951020396039372801
37635240096277356221608661183399466587436218286623447958515951029192132395009
37635240096277356221608661183399466587436218286623447958515951031391155650561
37635240096277356221608661183399466587436218286623447958515951033590178906113
37635240096277356221608661183399466587436218286623447958515951042386271928321
37635240096277356221608661183399466587436218286623447958515951044585295183873
37635240096277356221608661183399466587436218286623447958515951046784318439425
37635240096277356221608661183399466587436218286623447958515951055580411461633
37635240096277356221608661183399466587436218286623447958515951057779434717185
37635240096277356221608661183399466587436218286623447958515951059978457972737
37635240096277356221608661183399466587436218286623447958515951068774550994945
37635240096277356221608661183399466587436218286623447958515951070973574250497
37635240096277356221608661183399466587436218286623447958515951073172597506049
37635240096277356221608661183399466587436218286623447958515951081968690528257
37635240096277356221608661183399466587436218286623447958515951084167713783809
37635240096277356221608661183399466587436218286623447958515951086366737039361
37635240096277356221608661183399466587436218286623447958515951095162830061569
37635240096277356221608661183399466587436218286623447958515951097361853317121
37635240096277356221608661183399466587436218286623447958515951099560876572673
37635240096277356221608661183399466587436218286623447958515951108356969594881
37635240096277356221608661183399466587436218286623447958515951110555992850433
37635240096277356221608661183399466587436218286623447958515951112755016105985
37635240096277356221608661183399466587436218286623447958515951121551109128193
37635240096277356221608661183399466587436218286623447958515951123750132383745
37635240096277356221608661183399466587436218286623447958515951125949155639297
37635240096277356221608661183399466587436218286623447958515951134745248661505
37635240096277356221608661183399466587436218286623447958515951136944271917057
37635240096277356221608661183399466587436218286623447958515951139143295172609
37635240096277356221608661183399466587436218286623447958515951147939388194817
37635240096277356221608661183399466587436218286623447958515951150138411450369
37635240096277356221608661183399466587436218286623447958515951152337434705921
37635240096277356221608661183399466587436218286623447958515951161133527728129
37635240096277356221608661183399466587436218286623447958515951163332550983681
37635240096277356221608661183399466587436218286623447958515951165531574239233
37635240096277356221608661183399466587436218286623447958515951174327667261441
37635240096277356221608661183399466587436218286623447958515951176526690516993
37635240096277356221608661183399466587436218286623447958515951178725713772545
37635240096277356221608661183399466587436218286623447958515951187521806794753
37635240096277356221608661183399466587436218286623447958515951189720830050305
37635240096277356221608661183399466587436218286623447958515951191919853305857
37635240096277356221608661183399466587436218286623447958515951200715946328065
37635240096277356221608661183399466587436218286623447958515951202914969583617
37635240096277356221608661183399466587436218286623447958515951205113992839169
37635240096277356221608661183399466587436218286623447958515951213910085861377
37635240096277356221608661183399466587436218286623447958515951216109109116929
37635240096277356221608661183399466587436218286623447958515951218308132372481
37635240096277356221608661183399466587436218286623447958515951227104225394689
37635240096277356221608661183399466587436218286623447958515951229303248650241
37635240096277356221608661183399466587436218286623447958515951231502271905793
37635240096277356221608661183399466587436218286623447958515951240298364928001
37635240096277356221608661183399466587436218286623447958515951242497388183553
37635240096277356221608661183399466587436218286623447958515951244696411439105
37635240096277356221608661183399466587436218286623447958515951253492504461313
37635240096277356221608661183399466587436218286623447958515951255691527716865
37635240096277356221608661183399466587436218286623447958515951257890550972417
37635240096277356221608661183399466587436218286623447958515951266686643994625
37635240096277356221608661183399466587436218286623447958515951268885667250177
37635240096277356221608661183399466587436218286623447958515951271084690505729
37635240096277356221608661183399466587436218286623447958515951279880783527937
37635240096277356221608661183399466587436218286623447958515951282079806783489
37635240096277356221608661183399466587436218286623447958515951284278830039041
37635240096277356221608661183399466587436218286623447958515951293074923061249
37635240096277356221608661183399466587436218286623447958515951295273946316801
37635240096277356221608661183399466587436218286623447958515951297472969572353
37635240096277356221608661183399466587436218286623447958515951306269062594561
37635240096277356221608661183399466587436218286623447958515951308468085850113
37635240096277356221608661183399466587436218286623447958515951310667109105665
37635240096277356221608661183399466587436218286623447958515951319463202127873
37635240096277356221608661183399466587436218286623447958515951321662225383425
37635240096277356221608661183399466587436218286623447958515951323861248638977
37635240096277356221608661183399466587436218286623447958515951332657341661185
37635240096277356221608661183399466587436218286623447958515951334856364916737
37635240096277356221608661183399466587436218286623447958515951337055388172289
37635240096277356221608661183399466587436218286623447958515951345851481194497
37635240096277356221608661183399466587436218286623447958515951348050504450049
37635240096277356221608661183399466587436218286623447958515951350249527705601
37635240096277356221608661183399466587436218286623447958515951359045620727809
37635240096277356221608661183399466587436218286623447958515951361244643983361
37635240096277356221608661183399466587436218286623447958515951363443667238913
37635240096277356221608661183399466587436218286623447958515951372239760261121
37635240096277356221608661183399466587436218286623447958515951374438783516673
37635240096277356221608661183399466587436218286623447958515951376637806772225
37635240096277356221608661183399466587436218286623447958515951387632923049985
37635240096277356221608661183399466587436218286623447958515951389831946305537
37635240096277356221608661183399466587436218286623447958515951392030969561089
37635240096277356221608661183399466587436218286623447958515951400827062583297
37635240096277356221608661183399466587436218286623447958515951403026085838849
37635240096277356221608661183399466587436218286623447958515951405225109094401
37635240096277356221608661183399466587436218286623447958515951414021202116609
37635240096277356221608661183399466587436218286623447958515951416220225372161
37635240096277356221608661183399466587436218286623447958515951418419248627713
37635240096277356221608661183399466587436218286623447958515951427215341649921
37635240096277356221608661183399466587436218286623447958515951429414364905473
37635240096277356221608661183399466587436218286623447958515951431613388161025
37635240096277356221608661183399466587436218286623447958515951440409481183233
37635240096277356221608661183399466587436218286623447958515951442608504438785
37635240096277356221608661183399466587436218286623447958515951444807527694337
37635240096277356221608661183399466587436218286623447958515951453603620716545
37635240096277356221608661183399466587436218286623447958515951455802643972097
37635240096277356221608661183399466587436218286623447958515951458001667227649
37635240096277356221608661183399466587436218286623447958515951466797760249857
37635240096277356221608661183399466587436218286623447958515951468996783505409
37635240096277356221608661183399466587436218286623447958515951471195806760961
37635240096277356221608661183399466587436218286623447958515951479991899783169
37635240096277356221608661183399466587436218286623447958515951482190923038721
37635240096277356221608661183399466587436218286623447958515951484389946294273
37635240096277356221608661183399466587436218286623447958515951493186039316481
37635240096277356221608661183399466587436218286623447958515951495385062572033
37635240096277356221608661183399466587436218286623447958515951497584085827585
37635240096277356221608661183399466587436218286623447958515951506380178849793
37635240096277356221608661183399466587436218286623447958515951508579202105345
37635240096277356221608661183399466587436218286623447958515951510778225360897
37635240096277356221608661183399466587436218286623447958515951519574318383105
37635240096277356221608661183399466587436218286623447958515951521773341638657
37635240096277356221608661183399466587436218286623447958515951523972364894209
37635240096277356221608661183399466587436218286623447958515951532768457916417
37635240096277356221608661183399466587436218286623447958515951534967481171969
37635240096277356221608661183399466587436218286623447958515951537166504427521
37635240096277356221608661183399466587436218286623447958515951545962597449729
37635240096277356221608661183399466587436218286623447958515951548161620705281
37635240096277356221608661183399466587436218286623447958515951550360643960833
37635240096277356221608661183399466587436218286623447958515951559156736983041
37635240096277356221608661183399466587436218286623447958515951561355760238593
37635240096277356221608661183399466587436218286623447958515951563554783494145
37635240096277356221608661183399466587436218286623447958515951572350876516353
37635240096277356221608661183399466587436218286623447958515951574549899771905
37635240096277356221608661183399466587436218286623447958515951576748923027457
37635240096277356221608661183399466587436218286623447958515951585545016049665
37635240096277356221608661183399466587436218286623447958515951587744039305217
37635240096277356221608661183399466587436218286623447958515951589943062560769
37635240096277356221608661183399466587436218286623447958515951598739155582977
37635240096277356221608661183399466587436218286623447958515951600938178838529
37635240096277356221608661183399466587436218286623447958515951603137202094081
37635240096277356221608661183399466587436218286623447958515951611933295116289
37635240096277356221608661183399466587436218286623447958515951614132318371841
37635240096277356221608661183399466587436218286623447958515951616331341627393
37635240096277356221608661183399466587436218286623447958515951625127434649601
37635240096277356221608661183399466587436218286623447958515951627326457905153
37635240096277356221608661183399466587436218286623447958515951629525481160705
37635240096277356221608661183399466587436218286623447958515951638321574182913
37635240096277356221608661183399466587436218286623447958515951640520597438465
37635240096277356221608661183399466587436218286623447958515951642719620694017
37635240096277356221608661183399466587436218286623447958515951651515713716225
37635240096277356221608661183399466587436218286623447958515951653714736971777
37635240096277356221608661183399466587436218286623447958515951655913760227329
37635240096277356221608661183399466587436218286623447958515951664709853249537
37635240096277356221608661183399466587436218286623447958515951666908876505089
37635240096277356221608661183399466587436218286623447958515951669107899760641
37635240096277356221608661183399466587436218286623447958515951677903992782849
37635240096277356221608661183399466587436218286623447958515951680103016038401
37635240096277356221608661183399466587436218286623447958515951682302039293953
37635240096277356221608661183399466587436218286623447958515951691098132316161
37635240096277356221608661183399466587436218286623447958515951693297155571713
37635240096277356221608661183399466587436218286623447958515951695496178827265
37635240096277356221608661183399466587436218286623447958515951705391783477249
37635240096277356221608661183399466587436218286623447958515951707590806732801
37635240096277356221608661183399466587436218286623447958515951709789829988353
37635240096277356221608661183399466587436218286623447958515951718585923010561
37635240096277356221608661183399466587436218286623447958515951720784946266113
37635240096277356221608661183399466587436218286623447958515951722983969521665
37635240096277356221608661183399466587436218286623447958515951731780062543873
37635240096277356221608661183399466587436218286623447958515951733979085799425
37635240096277356221608661183399466587436218286623447958515951736178109054977
37635240096277356221608661183399466587436218286623447958515951744974202077185
37635240096277356221608661183399466587436218286623447958515951747173225332737
37635240096277356221608661183399466587436218286623447958515951749372248588289
37635240096277356221608661183399466587436218286623447958515951758168341610497
37635240096277356221608661183399466587436218286623447958515951760367364866049
37635240096277356221608661183399466587436218286623447958515951762566388121601
37635240096277356221608661183399466587436218286623447958515951771362481143809
37635240096277356221608661183399466587436218286623447958515951773561504399361
37635240096277356221608661183399466587436218286623447958515951775760527654913
37635240096277356221608661183399466587436218286623447958515951784556620677121
37635240096277356221608661183399466587436218286623447958515951786755643932673
37635240096277356221608661183399466587436218286623447958515951788954667188225
37635240096277356221608661183399466587436218286623447958515951797750760210433
37635240096277356221608661183399466587436218286623447958515951799949783465985
37635240096277356221608661183399466587436218286623447958515951802148806721537
37635240096277356221608661183399466587436218286623447958515951810944899743745
37635240096277356221608661183399466587436218286623447958515951813143922999297
37635240096277356221608661183399466587436218286623447958515951815342946254849
37635240096277356221608661183399466587436218286623447958515951824139039277057
37635240096277356221608661183399466587436218286623447958515951826338062532609
37635240096277356221608661183399466587436218286623447958515951828537085788161
37635240096277356221608661183399466587436218286623447958515951837333178810369
37635240096277356221608661183399466587436218286623447958515951839532202065921
37635240096277356221608661183399466587436218286623447958515951841731225321473
37635240096277356221608661183399466587436218286623447958515951850527318343681
37635240096277356221608661183399466587436218286623447958515951852726341599233
37635240096277356221608661183399466587436218286623447958515951854925364854785
37635240096277356221608661183399466587436218286623447958515951863721457876993
37635240096277356221608661183399466587436218286623447958515951865920481132545
37635240096277356221608661183399466587436218286623447958515951868119504388097
37635240096277356221608661183399466587436218286623447958515951876915597410305
37635240096277356221608661183399466587436218286623447958515951879114620665857
37635240096277356221608661183399466587436218286623447958515951881313643921409
37635240096277356221608661183399466587436218286623447958515951890109736943617
37635240096277356221608661183399466587436218286623447958515951892308760199169
37635240096277356221608661183399466587436218286623447958515951894507783454721
37635240096277356221608661183399466587436218286623447958515951903303876476929
37635240096277356221608661183399466587436218286623447958515951905502899732481
37635240096277356221608661183399466587436218286623447958515951907701922988033
37635240096277356221608661183399466587436218286623447958515951916498016010241
37635240096277356221608661183399466587436218286623447958515951918697039265793
37635240096277356221608661183399466587436218286623447958515951920896062521345
37635240096277356221608661183399466587436218286623447958515951929692155543553
37635240096277356221608661183399466587436218286623447958515951931891178799105
37635240096277356221608661183399466587436218286623447958515951934090202054657
37635240096277356221608661183399466587436218286623447958515951942886295076865
37635240096277356221608661183399466587436218286623447958515951945085318332417
37635240096277356221608661183399466587436218286623447958515951947284341587969
37635240096277356221608661183399466587436218286623447958515951956080434610177
37635240096277356221608661183399466587436218286623447958515951958279457865729
37635240096277356221608661183399466587436218286623447958515951960478481121281
37635240096277356221608661183399466587436218286623447958515951969274574143489
37635240096277356221608661183399466587436218286623447958515951971473597399041
37635240096277356221608661183399466587436218286623447958515951973672620654593
37635240096277356221608661183399466587436218286623447958515951982468713676801
37635240096277356221608661183399466587436218286623447958515951984667736932353
37635240096277356221608661183399466587436218286623447958515951986866760187905
37635240096277356221608661183399466587436218286623447958515951995662853210113
37635240096277356221608661183399466587436218286623447958515951997861876465665
37635240096277356221608661183399466587436218286623447958515952000060899721217
37635240096277356221608661183399466587436218286623447958515952008856992743425
37635240096277356221608661183399466587436218286623447958515952011056015998977
37635240096277356221608661183399466587436218286623447958515952013255039254529
37635240096277356221608661183399466587436218286623447958515952022051132276737
37635240096277356221608661183399466587436218286623447958515952024250155532289
37635240096277356221608661183399466587436218286623447958515952026449178787841
37635240096277356221608661183399466587436218286623447958515952035245271810049
37635240096277356221608661183399466587436218286623447958515952037444295065601
37635240096277356221608661183399466587436218286623447958515952039643318321153
37635240096277356221608661183399466587436218286623447958515952048439411343361
37635240096277356221608661183399466587436218286623447958515952050638434598913
37635240096277356221608661183399466587436218286623447958515952052837457854465
37635240096277356221608661183399466587436218286623447958515952061633550876673
37635240096277356221608661183399466587436218286623447958515952063832574132225
37635240096277356221608661183399466587436218286623447958515952066031597387777
37635240096277356221608661183399466587436218286623447958515952074827690409985
37635240096277356221608661183399466587436218286623447958515952077026713665537
37635240096277356221608661183399466587436218286623447958515952079225736921089
37635240096277356221608661183399466587436218286623447958515952088021829943297
37635240096277356221608661183399466587436218286623447958515952090220853198849
37635240096277356221608661183399466587436218286623447958515952092419876454401
37635240096277356221608661183399466587436218286623447958515952101215969476609
37635240096277356221608661183399466587436218286623447958515952103414992732161
37635240096277356221608661183399466587436218286623447958515952105614015987713
37635240096277356221608661183399466587436218286623447958515952114410109009921
37635240096277356221608661183399466587436218286623447958515952116609132265473
37635240096277356221608661183399466587436218286623447958515952118808155521025
37635240096277356221608661183399466587436218286623447958515952128703760171009
37635240096277356221608661183399466587436218286623447958515952130902783426561
37635240096277356221608661183399466587436218286623447958515952133101806682113
37635240096277356221608661183399466587436218286623447958515952141897899704321
37635240096277356221608661183399466587436218286623447958515952144096922959873
37635240096277356221608661183399466587436218286623447958515952146295946215425
37635240096277356221608661183399466587436218286623447958515952155092039237633
37635240096277356221608661183399466587436218286623447958515952157291062493185
37635240096277356221608661183399466587436218286623447958515952159490085748737
37635240096277356221608661183399466587436218286623447958515952168286178770945
37635240096277356221608661183399466587436218286623447958515952170485202026497
37635240096277356221608661183399466587436218286623447958515952172684225282049
37635240096277356221608661183399466587436218286623447958515952181480318304257
37635240096277356221608661183399466587436218286623447958515952183679341559809
37635240096277356221608661183399466587436218286623447958515952185878364815361
37635240096277356221608661183399466587436218286623447958515952194674457837569
37635240096277356221608661183399466587436218286623447958515952196873481093121
37635240096277356221608661183399466587436218286623447958515952199072504348673
37635240096277356221608661183399466587436218286623447958515952207868597370881
37635240096277356221608661183399466587436218286623447958515952210067620626433
37635240096277356221608661183399466587436218286623447958515952212266643881985
37635240096277356221608661183399466587436218286623447958515952221062736904193
37635240096277356221608661183399466587436218286623447958515952223261760159745
37635240096277356221608661183399466587436218286623447958515952225460783415297
37635240096277356221608661183399466587436218286623447958515952234256876437505
37635240096277356221608661183399466587436218286623447958515952236455899693057
37635240096277356221608661183399466587436218286623447958515952238654922948609
37635240096277356221608661183399466587436218286623447958515952247451015970817
37635240096277356221608661183399466587436218286623447958515952249650039226369
37635240096277356221608661183399466587436218286623447958515952251849062481921
37635240096277356221608661183399466587436218286623447958515952260645155504129
37635240096277356221608661183399466587436218286623447958515952262844178759681
37635240096277356221608661183399466587436218286623447958515952265043202015233
37635240096277356221608661183399466587436218286623447958515952273839295037441
37635240096277356221608661183399466587436218286623447958515952276038318292993
37635240096277356221608661183399466587436218286623447958515952278237341548545
37635240096277356221608661183399466587436218286623447958515952287033434570753
37635240096277356221608661183399466587436218286623447958515952289232457826305
37635240096277356221608661183399466587436218286623447958515952291431481081857
37635240096277356221608661183399466587436218286623447958515952300227574104065
37635240096277356221608661183399466587436218286623447958515952302426597359617
37635240096277356221608661183399466587436218286623447958515952304625620615169
37635240096277356221608661183399466587436218286623447958515952313421713637377
37635240096277356221608661183399466587436218286623447958515952315620736892929
37635240096277356221608661183399466587436218286623447958515952317819760148481
37635240096277356221608661183399466587436218286623447958515952326615853170689
37635240096277356221608661183399466587436218286623447958515952328814876426241
37635240096277356221608661183399466587436218286623447958515952331013899681793
37635240096277356221608661183399466587436218286623447958515952339809992704001
37635240096277356221608661183399466587436218286623447958515952342009015959553
37635240096277356221608661183399466587436218286623447958515952344208039215105
37635240096277356221608661183399466587436218286623447958515952353004132237313
37635240096277356221608661183399466587436218286623447958515952355203155492865
37635240096277356221608661183399466587436218286623447958515952357402178748417
37635240096277356221608661183399466587436218286623447958515952366198271770625
37635240096277356221608661183399466587436218286623447958515952368397295026177
37635240096277356221608661183399466587436218286623447958515952370596318281729
37635240096277356221608661183399466587436218286623447958515952379392411303937
37635240096277356221608661183399466587436218286623447958515952381591434559489
37635240096277356221608661183399466587436218286623447958515952383790457815041
37635240096277356221608661183399466587436218286623447958515952392586550837249
37635240096277356221608661183399466587436218286623447958515952394785574092801
37635240096277356221608661183399466587436218286623447958515952396984597348353
37635240096277356221608661183399466587436218286623447958515952405780690370561
37635240096277356221608661183399466587436218286623447958515952407979713626113
37635240096277356221608661183399466587436218286623447958515952410178736881665
37635240096277356221608661183399466587436218286623447958515952418974829903873
37635240096277356221608661183399466587436218286623447958515952421173853159425
37635240096277356221608661183399466587436218286623447958515952423372876414977
37635240096277356221608661183399466587436218286623447958515952432168969437185
37635240096277356221608661183399466587436218286623447958515952434367992692737
37635240096277356221608661183399466587436218286623447958515952436567015948289
37635240096277356221608661183399466587436218286623447958515952445363108970497
37635240096277356221608661183399466587436218286623447958515952447562132226049
37635240096277356221608661183399466587436218286623447958515952449761155481601
37635240096277356221608661183399466587436218286623447958515952458557248503809
37635240096277356221608661183399466587436218286623447958515952460756271759361
37635240096277356221608661183399466587436218286623447958515952462955295014913
37635240096277356221608661183399466587436218286623447958515952471751388037121
37635240096277356221608661183399466587436218286623447958515952473950411292673
37635240096277356221608661183399466587436218286623447958515952476149434548225
37635240096277356221608661183399466587436218286623447958515952484945527570433
37635240096277356221608661183399466587436218286623447958515952487144550825985
37635240096277356221608661183399466587436218286623447958515952489343574081537
37635240096277356221608661183399466587436218286623447958515952498139667103745
37635240096277356221608661183399466587436218286623447958515952500338690359297
37635240096277356221608661183399466587436218286623447958515952502537713614849
37635240096277356221608661183399466587436218286623447958515952511333806637057
37635240096277356221608661183399466587436218286623447958515952513532829892609
37635240096277356221608661183399466587436218286623447958515952515731853148161
37635240096277356221608661183399466587436218286623447958515952524527946170369
37635240096277356221608661183399466587436218286623447958515952526726969425921
37635240096277356221608661183399466587436218286623447958515952528925992681473
37635240096277356221608661183399466587436218286623447958515952537722085703681
37635240096277356221608661183399466587436218286623447958515952539921108959233
37635240096277356221608661183399466587436218286623447958515952542120132214785
37635240096277356221608661183399466587436218286623447958515952550916225236993
37635240096277356221608661183399466587436218286623447958515952553115248492545
37635240096277356221608661183399466587436218286623447958515952555314271748097
37635240096277356221608661183399466587436218286623447958515952564110364770305
37635240096277356221608661183399466587436218286623447958515952566309388025857
37635240096277356221608661183399466587436218286623447958515952568508411281409
37635240096277356221608661183399466587436218286623447958515952577304504303617
37635240096277356221608661183399466587436218286623447958515952579503527559169
37635240096277356221608661183399466587436218286623447958515952581702550814721
37635240096277356221608661183399466587436218286623447958515952590498643836929
37635240096277356221608661183399466587436218286623447958515952592697667092481
37635240096277356221608661183399466587436218286623447958515952594896690348033
37635240096277356221608661183399466587436218286623447958515952603692783370241
37635240096277356221608661183399466587436218286623447958515952605891806625793
37635240096277356221608661183399466587436218286623447958515952608090829881345
37635240096277356221608661183399466587436218286623447958515952616886922903553
37635240096277356221608661183399466587436218286623447958515952619085946159105
37635240096277356221608661183399466587436218286623447958515952621284969414657
37635240096277356221608661183399466587436218286623447958515952630081062436865
37635240096277356221608661183399466587436218286623447958515952632280085692417
37635240096277356221608661183399466587436218286623447958515952634479108947969
37635240096277356221608661183399466587436218286623447958515952643275201970177
37635240096277356221608661183399466587436218286623447958515952645474225225729
37635240096277356221608661183399466587436218286623447958515952647673248481281
37635240096277356221608661183399466587436218286623447958515952656469341503489
37635240096277356221608661183399466587436218286623447958515952658668364759041
37635240096277356221608661183399466587436218286623447958515952660867388014593
37635240096277356221608661183399466587436218286623447958515952669663481036801
37635240096277356221608661183399466587436218286623447958515952671862504292353
37635240096277356221608661183399466587436218286623447958515952674061527547905
37635240096277356221608661183399466587436218286623447958515952682857620570113
37635240096277356221608661183399466587436218286623447958515952685056643825665
37635240096277356221608661183399466587436218286623447958515952687255667081217
37635240096277356221608661183399466587436218286623447958515952696051760103425
37635240096277356221608661183399466587436218286623447958515952698250783358977
37635240096277356221608661183399466587436218286623447958515952700449806614529
37635240096277356221608661183399466587436218286623447958515952709245899636737
37635240096277356221608661183399466587436218286623447958515952711444922892289
37635240096277356221608661183399466587436218286623447958515952713643946147841
37635240096277356221608661183399466587436218286623447958515952722440039170049
37635240096277356221608661183399466587436218286623447958515952724639062425601
37635240096277356221608661183399466587436218286623447958515952726838085681153
37635240096277356221608661183399466587436218286623447958515952735634178703361
37635240096277356221608661183399466587436218286623447958515952737833201958913
37635240096277356221608661183399466587436218286623447958515952740032225214465
37635240096277356221608661183399466587436218286623447958515952749927829864449
37635240096277356221608661183399466587436218286623447958515952752126853120001
37635240096277356221608661183399466587436218286623447958515952754325876375553
37635240096277356221608661183399466587436218286623447958515952763121969397761
37635240096277356221608661183399466587436218286623447958515952765320992653313
37635240096277356221608661183399466587436218286623447958515952767520015908865
37635240096277356221608661183399466587436218286623447958515952776316108931073
37635240096277356221608661183399466587436218286623447958515952778515132186625
37635240096277356221608661183399466587436218286623447958515952780714155442177
37635240096277356221608661183399466587436218286623447958515952788410736836609
37635240096277356221608661183399466587436218286623447958515952789510248464385
37635240096277356221608661183399466587436218286623447958515952791709271719937
37635240096277356221608661183399466587436218286623447958515952800505364742145
37635240096277356221608661183399466587436218286623447958515952802704387997697
37635240096277356221608661183399466587436218286623447958515952804903411253249
37635240096277356221608661183399466587436218286623447958515952813699504275457
37635240096277356221608661183399466587436218286623447958515952815898527531009
37635240096277356221608661183399466587436218286623447958515952818097550786561
37635240096277356221608661183399466587436218286623447958515952826893643808769
37635240096277356221608661183399466587436218286623447958515952829092667064321
37635240096277356221608661183399466587436218286623447958515952831291690319873
37635240096277356221608661183399466587436218286623447958515952840087783342081
37635240096277356221608661183399466587436218286623447958515952842286806597633
37635240096277356221608661183399466587436218286623447958515952844485829853185
37635240096277356221608661183399466587436218286623447958515952853281922875393
37635240096277356221608661183399466587436218286623447958515952855480946130945
37635240096277356221608661183399466587436218286623447958515952857679969386497
37635240096277356221608661183399466587436218286623447958515952866476062408705
37635240096277356221608661183399466587436218286623447958515952868675085664257
37635240096277356221608661183399466587436218286623447958515952870874108919809
37635240096277356221608661183399466587436218286623447958515952879670201942017
37635240096277356221608661183399466587436218286623447958515952884068248453121
37635240096277356221608661183399466587436218286623447958515952886267271708673
37635240096277356221608661183399466587436218286623447958515952895063364730881
37635240096277356221608661183399466587436218286623447958515952897262387986433
37635240096277356221608661183399466587436218286623447958515952899461411241985
37635240096277356221608661183399466587436218286623447958515952908257504264193
37635240096277356221608661183399466587436218286623447958515952910456527519745
37635240096277356221608661183399466587436218286623447958515952912655550775297
37635240096277356221608661183399466587436218286623447958515952921451643797505
37635240096277356221608661183399466587436218286623447958515952923650667053057
37635240096277356221608661183399466587436218286623447958515952925849690308609
37635240096277356221608661183399466587436218286623447958515952934645783330817
37635240096277356221608661183399466587436218286623447958515952936844806586369
37635240096277356221608661183399466587436218286623447958515952939043829841921
37635240096277356221608661183399466587436218286623447958515952947839922864129
37635240096277356221608661183399466587436218286623447958515952950038946119681
37635240096277356221608661183399466587436218286623447958515952952237969375233
37635240096277356221608661183399466587436218286623447958515952961034062397441
37635240096277356221608661183399466587436218286623447958515952963233085652993
37635240096277356221608661183399466587436218286623447958515952965432108908545
37635240096277356221608661183399466587436218286623447958515952976427225186305
37635240096277356221608661183399466587436218286623447958515952978626248441857
37635240096277356221608661183399466587436218286623447958515952980825271697409
37635240096277356221608661183399466587436218286623447958515952989621364719617
37635240096277356221608661183399466587436218286623447958515952991820387975169
37635240096277356221608661183399466587436218286623447958515952994019411230721
37635240096277356221608661183399466587436218286623447958515953002815504252929
37635240096277356221608661183399466587436218286623447958515953005014527508481
37635240096277356221608661183399466587436218286623447958515953007213550764033
37635240096277356221608661183399466587436218286623447958515953016009643786241
37635240096277356221608661183399466587436218286623447958515953018208667041793
37635240096277356221608661183399466587436218286623447958515953020407690297345
37635240096277356221608661183399466587436218286623447958515953029203783319553
37635240096277356221608661183399466587436218286623447958515953031402806575105
37635240096277356221608661183399466587436218286623447958515953033601829830657
37635240096277356221608661183399466587436218286623447958515953045696457736193
37635240096277356221608661183399466587436218286623447958515953047895480991745
37635240096277356221608661183399466587436218286623447958515953050094504247297
37635240096277356221608661183399466587436218286623447958515953058890597269505
37635240096277356221608661183399466587436218286623447958515953061089620525057
37635240096277356221608661183399466587436218286623447958515953063288643780609
37635240096277356221608661183399466587436218286623447958515953072084736802817
37635240096277356221608661183399466587436218286623447958515953074283760058369
37635240096277356221608661183399466587436218286623447958515953076482783313921
37635240096277356221608661183399466587436218286623447958515953085278876336129
37635240096277356221608661183399466587436218286623447958515953087477899591681
37635240096277356221608661183399466587436218286623447958515953089676922847233
37635240096277356221608661183399466587436218286623447958515953098473015869441
37635240096277356221608661183399466587436218286623447958515953100672039124993
37635240096277356221608661183399466587436218286623447958515953102871062380545
37635240096277356221608661183399466587436218286623447958515953111667155402753
37635240096277356221608661183399466587436218286623447958515953113866178658305
37635240096277356221608661183399466587436218286623447958515953116065201913857
37635240096277356221608661183399466587436218286623447958515953124861294936065
37635240096277356221608661183399466587436218286623447958515953127060318191617
37635240096277356221608661183399466587436218286623447958515953129259341447169
37635240096277356221608661183399466587436218286623447958515953138055434469377
37635240096277356221608661183399466587436218286623447958515953140254457724929
37635240096277356221608661183399466587436218286623447958515953142453480980481
37635240096277356221608661183399466587436218286623447958515953151249574002689
37635240096277356221608661183399466587436218286623447958515953153448597258241
37635240096277356221608661183399466587436218286623447958515953155647620513793
37635240096277356221608661183399466587436218286623447958515953164443713536001
37635240096277356221608661183399466587436218286623447958515953166642736791553
37635240096277356221608661183399466587436218286623447958515953168841760047105
37635240096277356221608661183399466587436218286623447958515953177637853069313
37635240096277356221608661183399466587436218286623447958515953179836876324865
37635240096277356221608661183399466587436218286623447958515953182035899580417
37635240096277356221608661183399466587436218286623447958515953190831992602625
37635240096277356221608661183399466587436218286623447958515953193031015858177
37635240096277356221608661183399466587436218286623447958515953195230039113729
37635240096277356221608661183399466587436218286623447958515953204026132135937
37635240096277356221608661183399466587436218286623447958515953206225155391489
37635240096277356221608661183399466587436218286623447958515953208424178647041
37635240096277356221608661183399466587436218286623447958515953217220271669249
37635240096277356221608661183399466587436218286623447958515953219419294924801
37635240096277356221608661183399466587436218286623447958515953221618318180353
37635240096277356221608661183399466587436218286623447958515953230414411202561
37635240096277356221608661183399466587436218286623447958515953232613434458113
37635240096277356221608661183399466587436218286623447958515953234812457713665
37635240096277356221608661183399466587436218286623447958515953243608550735873
37635240096277356221608661183399466587436218286623447958515953245807573991425
37635240096277356221608661183399466587436218286623447958515953248006597246977
37635240096277356221608661183399466587436218286623447958515953256802690269185
37635240096277356221608661183399466587436218286623447958515953259001713524737
37635240096277356221608661183399466587436218286623447958515953261200736780289
37635240096277356221608661183399466587436218286623447958515953269996829802497
37635240096277356221608661183399466587436218286623447958515953272195853058049
37635240096277356221608661183399466587436218286623447958515953274394876313601
37635240096277356221608661183399466587436218286623447958515953283190969335809
37635240096277356221608661183399466587436218286623447958515953285389992591361
37635240096277356221608661183399466587436218286623447958515953287589015846913
37635240096277356221608661183399466587436218286623447958515953293086573985793
37635240096277356221608661183399466587436218286623447958515953295285597241345
37635240096277356221608661183399466587436218286623447958515953297484620496897
37635240096277356221608661183399466587436218286623447958515953306280713519105
37635240096277356221608661183399466587436218286623447958515953308479736774657
37635240096277356221608661183399466587436218286623447958515953310678760030209
37635240096277356221608661183399466587436218286623447958515953319474853052417
37635240096277356221608661183399466587436218286623447958515953321673876307969
37635240096277356221608661183399466587436218286623447958515953323872899563521
37635240096277356221608661183399466587436218286623447958515953332668992585729
37635240096277356221608661183399466587436218286623447958515953334868015841281
37635240096277356221608661183399466587436218286623447958515953337067039096833
37635240096277356221608661183399466587436218286623447958515953344763620491265
37635240096277356221608661183399466587436218286623447958515953346962643746817
37635240096277356221608661183399466587436218286623447958515953349161667002369
37635240096277356221608661183399466587436218286623447958515953357957760024577
37635240096277356221608661183399466587436218286623447958515953360156783280129
37635240096277356221608661183399466587436218286623447958515953362355806535681
37635240096277356221608661183399466587436218286623447958515953371151899557889
37635240096277356221608661183399466587436218286623447958515953373350922813441
37635240096277356221608661183399466587436218286623447958515953375549946068993
37635240096277356221608661183399466587436218286623447958515953384346039091201
37635240096277356221608661183399466587436218286623447958515953386545062346753
37635240096277356221608661183399466587436218286623447958515953388744085602305
37635240096277356221608661183399466587436218286623447958515953397540178624513
37635240096277356221608661183399466587436218286623447958515953399739201880065
37635240096277356221608661183399466587436218286623447958515953401938225135617
37635240096277356221608661183399466587436218286623447958515953410734318157825
37635240096277356221608661183399466587436218286623447958515953412933341413377
37635240096277356221608661183399466587436218286623447958515953415132364668929
37635240096277356221608661183399466587436218286623447958515953423928457691137
37635240096277356221608661183399466587436218286623447958515953426127480946689
37635240096277356221608661183399466587436218286623447958515953430525527457793
37635240096277356221608661183399466587436218286623447958515953439321620480001
37635240096277356221608661183399466587436218286623447958515953441520643735553
37635240096277356221608661183399466587436218286623447958515953443719666991105
37635240096277356221608661183399466587436218286623447958515953452515760013313
37635240096277356221608661183399466587436218286623447958515953454714783268865
37635240096277356221608661183399466587436218286623447958515953456913806524417
37635240096277356221608661183399466587436218286623447958515953465709899546625
37635240096277356221608661183399466587436218286623447958515953467908922802177
37635240096277356221608661183399466587436218286623447958515953470107946057729
37635240096277356221608661183399466587436218286623447958515953478904039079937
37635240096277356221608661183399466587436218286623447958515953481103062335489
37635240096277356221608661183399466587436218286623447958515953483302085591041
37635240096277356221608661183399466587436218286623447958515953492098178613249
37635240096277356221608661183399466587436218286623447958515953494297201868801
37635240096277356221608661183399466587436218286623447958515953496496225124353
37635240096277356221608661183399466587436218286623447958515953505292318146561
37635240096277356221608661183399466587436218286623447958515953507491341402113
37635240096277356221608661183399466587436218286623447958515953509690364657665
37635240096277356221608661183399466587436218286623447958515953518486457679873
37635240096277356221608661183399466587436218286623447958515953520685480935425
37635240096277356221608661183399466587436218286623447958515953522884504190977
37635240096277356221608661183399466587436218286623447958515953530581085585409
37635240096277356221608661183399466587436218286623447958515953531680597213185
37635240096277356221608661183399466587436218286623447958515953532780108840961
37635240096277356221608661183399466587436218286623447958515953541576201863169
37635240096277356221608661183399466587436218286623447958515953543775225118721
37635240096277356221608661183399466587436218286623447958515953545974248374273
37635240096277356221608661183399466587436218286623447958515953554770341396481
37635240096277356221608661183399466587436218286623447958515953556969364652033
37635240096277356221608661183399466587436218286623447958515953559168387907585
37635240096277356221608661183399466587436218286623447958515953567964480929793
37635240096277356221608661183399466587436218286623447958515953570163504185345
37635240096277356221608661183399466587436218286623447958515953572362527440897
37635240096277356221608661183399466587436218286623447958515953581158620463105
37635240096277356221608661183399466587436218286623447958515953585556666974209
37635240096277356221608661183399466587436218286623447958515953587755690229761
37635240096277356221608661183399466587436218286623447958515953596551783251969
37635240096277356221608661183399466587436218286623447958515953598750806507521
37635240096277356221608661183399466587436218286623447958515953600949829763073
37635240096277356221608661183399466587436218286623447958515953609745922785281
37635240096277356221608661183399466587436218286623447958515953611944946040833
37635240096277356221608661183399466587436218286623447958515953614143969296385
37635240096277356221608661183399466587436218286623447958515953622940062318593
37635240096277356221608661183399466587436218286623447958515953625139085574145
37635240096277356221608661183399466587436218286623447958515953627338108829697
37635240096277356221608661183399466587436218286623447958515953636134201851905
37635240096277356221608661183399466587436218286623447958515953638333225107457
37635240096277356221608661183399466587436218286623447958515953640532248363009
37635240096277356221608661183399466587436218286623447958515953649328341385217
37635240096277356221608661183399466587436218286623447958515953651527364640769
37635240096277356221608661183399466587436218286623447958515953653726387896321
37635240096277356221608661183399466587436218286623447958515953662522480918529
37635240096277356221608661183399466587436218286623447958515953664721504174081
37635240096277356221608661183399466587436218286623447958515953666920527429633
37635240096277356221608661183399466587436218286623447958515953675716620451841
37635240096277356221608661183399466587436218286623447958515953677915643707393
37635240096277356221608661183399466587436218286623447958515953680114666962945
37635240096277356221608661183399466587436218286623447958515953688910759985153
37635240096277356221608661183399466587436218286623447958515953691109783240705
37635240096277356221608661183399466587436218286623447958515953693308806496257
37635240096277356221608661183399466587436218286623447958515953702104899518465
37635240096277356221608661183399466587436218286623447958515953703204411146241
37635240096277356221608661183399466587436218286623447958515953704303922774017
37635240096277356221608661183399466587436218286623447958515953713100015796225
37635240096277356221608661183399466587436218286623447958515953715299039051777
37635240096277356221608661183399466587436218286623447958515953717498062307329
37635240096277356221608661183399466587436218286623447958515953726294155329537
37635240096277356221608661183399466587436218286623447958515953728493178585089
37635240096277356221608661183399466587436218286623447958515953730692201840641
37635240096277356221608661183399466587436218286623447958515953739488294862849
37635240096277356221608661183399466587436218286623447958515953741687318118401
37635240096277356221608661183399466587436218286623447958515953743886341373953
37635240096277356221608661183399466587436218286623447958515953752682434396161
37635240096277356221608661183399466587436218286623447958515953754881457651713
37635240096277356221608661183399466587436218286623447958515953757080480907265
37635240096277356221608661183399466587436218286623447958515953765876573929473
37635240096277356221608661183399466587436218286623447958515953768075597185025
37635240096277356221608661183399466587436218286623447958515953770274620440577
37635240096277356221608661183399466587436218286623447958515953779070713462785
37635240096277356221608661183399466587436218286623447958515953781269736718337
37635240096277356221608661183399466587436218286623447958515953783468759973889
37635240096277356221608661183399466587436218286623447958515953792264852996097
37635240096277356221608661183399466587436218286623447958515953794463876251649
37635240096277356221608661183399466587436218286623447958515953796662899507201
37635240096277356221608661183399466587436218286623447958515953805458992529409
37635240096277356221608661183399466587436218286623447958515953807658015784961
37635240096277356221608661183399466587436218286623447958515953809857039040513
37635240096277356221608661183399466587436218286623447958515953818653132062721
37635240096277356221608661183399466587436218286623447958515953820852155318273
37635240096277356221608661183399466587436218286623447958515953823051178573825
37635240096277356221608661183399466587436218286623447958515953831847271596033
37635240096277356221608661183399466587436218286623447958515953834046294851585
37635240096277356221608661183399466587436218286623447958515953836245318107137
37635240096277356221608661183399466587436218286623447958515953845041411129345
37635240096277356221608661183399466587436218286623447958515953847240434384897
37635240096277356221608661183399466587436218286623447958515953849439457640449
37635240096277356221608661183399466587436218286623447958515953858235550662657
37635240096277356221608661183399466587436218286623447958515953860434573918209
37635240096277356221608661183399466587436218286623447958515953862633597173761
37635240096277356221608661183399466587436218286623447958515953871429690195969
37635240096277356221608661183399466587436218286623447958515953873628713451521
37635240096277356221608661183399466587436218286623447958515953875827736707073
37635240096277356221608661183399466587436218286623447958515953881325294845953
37635240096277356221608661183399466587436218286623447958515953883524318101505
37635240096277356221608661183399466587436218286623447958515953885723341357057
37635240096277356221608661183399466587436218286623447958515953894519434379265
37635240096277356221608661183399466587436218286623447958515953896718457634817
37635240096277356221608661183399466587436218286623447958515953898917480890369
37635240096277356221608661183399466587436218286623447958515953907713573912577
37635240096277356221608661183399466587436218286623447958515953909912597168129
37635240096277356221608661183399466587436218286623447958515953912111620423681
37635240096277356221608661183399466587436218286623447958515953920907713445889
37635240096277356221608661183399466587436218286623447958515953923106736701441
37635240096277356221608661183399466587436218286623447958515953925305759956993
37635240096277356221608661183399466587436218286623447958515953934101852979201
37635240096277356221608661183399466587436218286623447958515953936300876234753
37635240096277356221608661183399466587436218286623447958515953938499899490305
37635240096277356221608661183399466587436218286623447958515953947295992512513
37635240096277356221608661183399466587436218286623447958515953949495015768065
37635240096277356221608661183399466587436218286623447958515953951694039023617
37635240096277356221608661183399466587436218286623447958515953960490132045825
37635240096277356221608661183399466587436218286623447958515953962689155301377
37635240096277356221608661183399466587436218286623447958515953964888178556929
37635240096277356221608661183399466587436218286623447958515953973684271579137
37635240096277356221608661183399466587436218286623447958515953975883294834689
37635240096277356221608661183399466587436218286623447958515953978082318090241
37635240096277356221608661183399466587436218286623447958515953986878411112449
37635240096277356221608661183399466587436218286623447958515953989077434368001
37635240096277356221608661183399466587436218286623447958515953993475480879105
37635240096277356221608661183399466587436218286623447958515954002271573901313
37635240096277356221608661183399466587436218286623447958515954004470597156865
37635240096277356221608661183399466587436218286623447958515954006669620412417
37635240096277356221608661183399466587436218286623447958515954015465713434625
37635240096277356221608661183399466587436218286623447958515954017664736690177
37635240096277356221608661183399466587436218286623447958515954019863759945729
37635240096277356221608661183399466587436218286623447958515954028659852967937
37635240096277356221608661183399466587436218286623447958515954030858876223489
37635240096277356221608661183399466587436218286623447958515954033057899479041
37635240096277356221608661183399466587436218286623447958515954041853992501249
37635240096277356221608661183399466587436218286623447958515954044053015756801
37635240096277356221608661183399466587436218286623447958515954046252039012353
37635240096277356221608661183399466587436218286623447958515954055048132034561
37635240096277356221608661183399466587436218286623447958515954057247155290113
37635240096277356221608661183399466587436218286623447958515954059446178545665
37635240096277356221608661183399466587436218286623447958515954070441294823425
37635240096277356221608661183399466587436218286623447958515954072640318078977
37635240096277356221608661183399466587436218286623447958515954074839341334529
37635240096277356221608661183399466587436218286623447958515954083635434356737
37635240096277356221608661183399466587436218286623447958515954085834457612289
37635240096277356221608661183399466587436218286623447958515954088033480867841
37635240096277356221608661183399466587436218286623447958515954096829573890049
37635240096277356221608661183399466587436218286623447958515954099028597145601
37635240096277356221608661183399466587436218286623447958515954101227620401153
37635240096277356221608661183399466587436218286623447958515954110023713423361
37635240096277356221608661183399466587436218286623447958515954112222736678913
37635240096277356221608661183399466587436218286623447958515954114421759934465
37635240096277356221608661183399466587436218286623447958515954123217852956673
37635240096277356221608661183399466587436218286623447958515954125416876212225
37635240096277356221608661183399466587436218286623447958515954127615899467777
37635240096277356221608661183399466587436218286623447958515954136411992489985
37635240096277356221608661183399466587436218286623447958515954138611015745537
37635240096277356221608661183399466587436218286623447958515954140810039001089
37635240096277356221608661183399466587436218286623447958515954150705643651073
37635240096277356221608661183399466587436218286623447958515954151805155278849
37635240096277356221608661183399466587436218286623447958515954154004178534401
37635240096277356221608661183399466587436218286623447958515954162800271556609
37635240096277356221608661183399466587436218286623447958515954168297829695489
37635240096277356221608661183399466587436218286623447958515954170496852951041
37635240096277356221608661183399466587436218286623447958515954179292945973249
37635240096277356221608661183399466587436218286623447958515954181491969228801
37635240096277356221608661183399466587436218286623447958515954183690992484353
37635240096277356221608661183399466587436218286623447958515954192487085506561
37635240096277356221608661183399466587436218286623447958515954194686108762113
37635240096277356221608661183399466587436218286623447958515954196885132017665
37635240096277356221608661183399466587436218286623447958515954205681225039873
37635240096277356221608661183399466587436218286623447958515954207880248295425
37635240096277356221608661183399466587436218286623447958515954210079271550977
37635240096277356221608661183399466587436218286623447958515954218875364573185
37635240096277356221608661183399466587436218286623447958515954221074387828737
37635240096277356221608661183399466587436218286623447958515954223273411084289
37635240096277356221608661183399466587436218286623447958515954232069504106497
37635240096277356221608661183399466587436218286623447958515954234268527362049
37635240096277356221608661183399466587436218286623447958515954236467550617601
37635240096277356221608661183399466587436218286623447958515954245263643639809
37635240096277356221608661183399466587436218286623447958515954247462666895361
37635240096277356221608661183399466587436218286623447958515954249661690150913
37635240096277356221608661183399466587436218286623447958515954258457783173121
37635240096277356221608661183399466587436218286623447958515954260656806428673
37635240096277356221608661183399466587436218286623447958515954262855829684225
37635240096277356221608661183399466587436218286623447958515954271651922706433
37635240096277356221608661183399466587436218286623447958515954273850945961985
37635240096277356221608661183399466587436218286623447958515954276049969217537
37635240096277356221608661183399466587436218286623447958515954284846062239745
37635240096277356221608661183399466587436218286623447958515954287045085495297
37635240096277356221608661183399466587436218286623447958515954289244108750849
37635240096277356221608661183399466587436218286623447958515954298040201773057
37635240096277356221608661183399466587436218286623447958515954300239225028609
37635240096277356221608661183399466587436218286623447958515954304637271539713
37635240096277356221608661183399466587436218286623447958515954314532876189697
37635240096277356221608661183399466587436218286623447958515954316731899445249
37635240096277356221608661183399466587436218286623447958515954318930922700801
37635240096277356221608661183399466587436218286623447958515954327727015723009
37635240096277356221608661183399466587436218286623447958515954329926038978561
37635240096277356221608661183399466587436218286623447958515954332125062234113
37635240096277356221608661183399466587436218286623447958515954344219690139649
37635240096277356221608661183399466587436218286623447958515954346418713395201
37635240096277356221608661183399466587436218286623447958515954348617736650753
37635240096277356221608661183399466587436218286623447958515954357413829672961
37635240096277356221608661183399466587436218286623447958515954359612852928513
37635240096277356221608661183399466587436218286623447958515954361811876184065
37635240096277356221608661183399466587436218286623447958515954370607969206273
37635240096277356221608661183399466587436218286623447958515954372806992461825
37635240096277356221608661183399466587436218286623447958515954375006015717377
37635240096277356221608661183399466587436218286623447958515954383802108739585
37635240096277356221608661183399466587436218286623447958515954386001131995137
37635240096277356221608661183399466587436218286623447958515954388200155250689
37635240096277356221608661183399466587436218286623447958515954396996248272897
37635240096277356221608661183399466587436218286623447958515954399195271528449
37635240096277356221608661183399466587436218286623447958515954401394294784001
37635240096277356221608661183399466587436218286623447958515954410190387806209
37635240096277356221608661183399466587436218286623447958515954412389411061761
37635240096277356221608661183399466587436218286623447958515954414588434317313
37635240096277356221608661183399466587436218286623447958515954423384527339521
37635240096277356221608661183399466587436218286623447958515954425583550595073
37635240096277356221608661183399466587436218286623447958515954427782573850625
37635240096277356221608661183399466587436218286623447958515954436578666872833
37635240096277356221608661183399466587436218286623447958515954438777690128385
37635240096277356221608661183399466587436218286623447958515954440976713383937
37635240096277356221608661183399466587436218286623447958515954450872318033921
37635240096277356221608661183399466587436218286623447958515954453071341289473
37635240096277356221608661183399466587436218286623447958515954455270364545025
37635240096277356221608661183399466587436218286623447958515954464066457567233
37635240096277356221608661183399466587436218286623447958515954466265480822785
37635240096277356221608661183399466587436218286623447958515954468464504078337
37635240096277356221608661183399466587436218286623447958515954477260597100545
37635240096277356221608661183399466587436218286623447958515954479459620356097
37635240096277356221608661183399466587436218286623447958515954481658643611649
37635240096277356221608661183399466587436218286623447958515954490454736633857
37635240096277356221608661183399466587436218286623447958515954491554248261633
37635240096277356221608661183399466587436218286623447958515954492653759889409
37635240096277356221608661183399466587436218286623447958515954501449852911617
37635240096277356221608661183399466587436218286623447958515954503648876167169
37635240096277356221608661183399466587436218286623447958515954505847899422721
37635240096277356221608661183399466587436218286623447958515954514643992444929
37635240096277356221608661183399466587436218286623447958515954516843015700481
37635240096277356221608661183399466587436218286623447958515954519042038956033
37635240096277356221608661183399466587436218286623447958515954527838131978241
37635240096277356221608661183399466587436218286623447958515954530037155233793
37635240096277356221608661183399466587436218286623447958515954532236178489345
37635240096277356221608661183399466587436218286623447958515954541032271511553
37635240096277356221608661183399466587436218286623447958515954543231294767105
37635240096277356221608661183399466587436218286623447958515954545430318022657
37635240096277356221608661183399466587436218286623447958515954554226411044865
37635240096277356221608661183399466587436218286623447958515954556425434300417
37635240096277356221608661183399466587436218286623447958515954558624457555969
37635240096277356221608661183399466587436218286623447958515954567420550578177
37635240096277356221608661183399466587436218286623447958515954569619573833729
37635240096277356221608661183399466587436218286623447958515954571818597089281
37635240096277356221608661183399466587436218286623447958515954578415666855937
37635240096277356221608661183399466587436218286623447958515954580614690111489
37635240096277356221608661183399466587436218286623447958515954582813713367041
37635240096277356221608661183399466587436218286623447958515954593808829644801
37635240096277356221608661183399466587436218286623447958515954596007852900353
37635240096277356221608661183399466587436218286623447958515954598206876155905
37635240096277356221608661183399466587436218286623447958515954607002969178113
37635240096277356221608661183399466587436218286623447958515954609201992433665
37635240096277356221608661183399466587436218286623447958515954611401015689217
37635240096277356221608661183399466587436218286623447958515954620197108711425
37635240096277356221608661183399466587436218286623447958515954622396131966977
37635240096277356221608661183399466587436218286623447958515954624595155222529
37635240096277356221608661183399466587436218286623447958515954633391248244737
37635240096277356221608661183399466587436218286623447958515954635590271500289
37635240096277356221608661183399466587436218286623447958515954637789294755841
37635240096277356221608661183399466587436218286623447958515954646585387778049
37635240096277356221608661183399466587436218286623447958515954648784411033601
37635240096277356221608661183399466587436218286623447958515954650983434289153
37635240096277356221608661183399466587436218286623447958515954659779527311361
37635240096277356221608661183399466587436218286623447958515954661978550566913
37635240096277356221608661183399466587436218286623447958515954664177573822465
37635240096277356221608661183399466587436218286623447958515954672973666844673
37635240096277356221608661183399466587436218286623447958515954675172690100225
37635240096277356221608661183399466587436218286623447958515954677371713355777
37635240096277356221608661183399466587436218286623447958515954686167806377985
37635240096277356221608661183399466587436218286623447958515954688366829633537
37635240096277356221608661183399466587436218286623447958515954690565852889089
37635240096277356221608661183399466587436218286623447958515954699361945911297
37635240096277356221608661183399466587436218286623447958515954701560969166849
37635240096277356221608661183399466587436218286623447958515954703759992422401
37635240096277356221608661183399466587436218286623447958515954712556085444609
37635240096277356221608661183399466587436218286623447958515954714755108700161
37635240096277356221608661183399466587436218286623447958515954716954131955713
37635240096277356221608661183399466587436218286623447958515954725750224977921
37635240096277356221608661183399466587436218286623447958515954727949248233473
37635240096277356221608661183399466587436218286623447958515954730148271489025
37635240096277356221608661183399466587436218286623447958515954738944364511233
37635240096277356221608661183399466587436218286623447958515954741143387766785
37635240096277356221608661183399466587436218286623447958515954743342411022337
37635240096277356221608661183399466587436218286623447958515954752138504044545
37635240096277356221608661183399466587436218286623447958515954754337527300097
37635240096277356221608661183399466587436218286623447958515954756536550555649
37635240096277356221608661183399466587436218286623447958515954765332643577857
37635240096277356221608661183399466587436218286623447958515954767531666833409
37635240096277356221608661183399466587436218286623447958515954769730690088961
37635240096277356221608661183399466587436218286623447958515954778526783111169
37635240096277356221608661183399466587436218286623447958515954779626294738945
37635240096277356221608661183399466587436218286623447958515954780725806366721
37635240096277356221608661183399466587436218286623447958515954788422387761153
37635240096277356221608661183399466587436218286623447958515954790621411016705
37635240096277356221608661183399466587436218286623447958515954792820434272257
37635240096277356221608661183399466587436218286623447958515954801616527294465
37635240096277356221608661183399466587436218286623447958515954803815550550017
37635240096277356221608661183399466587436218286623447958515954806014573805569
37635240096277356221608661183399466587436218286623447958515954811512131944449
37635240096277356221608661183399466587436218286623447958515954813711155200001
37635240096277356221608661183399466587436218286623447958515954815910178455553
37635240096277356221608661183399466587436218286623447958515954824706271477761
37635240096277356221608661183399466587436218286623447958515954826905294733313
37635240096277356221608661183399466587436218286623447958515954829104317988865
37635240096277356221608661183399466587436218286623447958515954837900411011073
37635240096277356221608661183399466587436218286623447958515954840099434266625
37635240096277356221608661183399466587436218286623447958515954842298457522177
37635240096277356221608661183399466587436218286623447958515954851094550544385
37635240096277356221608661183399466587436218286623447958515954853293573799937
37635240096277356221608661183399466587436218286623447958515954855492597055489
37635240096277356221608661183399466587436218286623447958515954864288690077697
37635240096277356221608661183399466587436218286623447958515954866487713333249
37635240096277356221608661183399466587436218286623447958515954868686736588801
37635240096277356221608661183399466587436218286623447958515954877482829611009
37635240096277356221608661183399466587436218286623447958515954879681852866561
37635240096277356221608661183399466587436218286623447958515954881880876122113
37635240096277356221608661183399466587436218286623447958515954890676969144321
37635240096277356221608661183399466587436218286623447958515954892875992399873
37635240096277356221608661183399466587436218286623447958515954895075015655425
37635240096277356221608661183399466587436218286623447958515954903871108677633
37635240096277356221608661183399466587436218286623447958515954906070131933185
37635240096277356221608661183399466587436218286623447958515954908269155188737
37635240096277356221608661183399466587436218286623447958515954917065248210945
37635240096277356221608661183399466587436218286623447958515954919264271466497
37635240096277356221608661183399466587436218286623447958515954921463294722049
37635240096277356221608661183399466587436218286623447958515954930259387744257
37635240096277356221608661183399466587436218286623447958515954932458410999809
37635240096277356221608661183399466587436218286623447958515954934657434255361
37635240096277356221608661183399466587436218286623447958515954943453527277569
37635240096277356221608661183399466587436218286623447958515954945652550533121
37635240096277356221608661183399466587436218286623447958515954947851573788673
37635240096277356221608661183399466587436218286623447958515954956647666810881
37635240096277356221608661183399466587436218286623447958515954958846690066433
37635240096277356221608661183399466587436218286623447958515954961045713321985
37635240096277356221608661183399466587436218286623447958515954969841806344193
37635240096277356221608661183399466587436218286623447958515954972040829599745
37635240096277356221608661183399466587436218286623447958515954974239852855297
37635240096277356221608661183399466587436218286623447958515954983035945877505
37635240096277356221608661183399466587436218286623447958515954985234969133057
37635240096277356221608661183399466587436218286623447958515954987433992388609
37635240096277356221608661183399466587436218286623447958515954996230085410817
37635240096277356221608661183399466587436218286623447958515954998429108666369
37635240096277356221608661183399466587436218286623447958515955000628131921921
37635240096277356221608661183399466587436218286623447958515955009424224944129
37635240096277356221608661183399466587436218286623447958515955011623248199681
37635240096277356221608661183399466587436218286623447958515955013822271455233
37635240096277356221608661183399466587436218286623447958515955022618364477441
37635240096277356221608661183399466587436218286623447958515955024817387732993
37635240096277356221608661183399466587436218286623447958515955027016410988545
37635240096277356221608661183399466587436218286623447958515955035812504010753
37635240096277356221608661183399466587436218286623447958515955038011527266305
37635240096277356221608661183399466587436218286623447958515955040210550521857
37635240096277356221608661183399466587436218286623447958515955049006643544065
37635240096277356221608661183399466587436218286623447958515955051205666799617
37635240096277356221608661183399466587436218286623447958515955053404690055169
37635240096277356221608661183399466587436218286623447958515955062200783077377
37635240096277356221608661183399466587436218286623447958515955064399806332929
37635240096277356221608661183399466587436218286623447958515955066598829588481
37635240096277356221608661183399466587436218286623447958515955075394922610689
37635240096277356221608661183399466587436218286623447958515955077593945866241
37635240096277356221608661183399466587436218286623447958515955079792969121793
37635240096277356221608661183399466587436218286623447958515955091887597027329
37635240096277356221608661183399466587436218286623447958515955092987108655105
37635240096277356221608661183399466587436218286623447958515955094086620282881
37635240096277356221608661183399466587436218286623447958515955101783201677313
37635240096277356221608661183399466587436218286623447958515955103982224932865
37635240096277356221608661183399466587436218286623447958515955106181248188417
37635240096277356221608661183399466587436218286623447958515955114977341210625
37635240096277356221608661183399466587436218286623447958515955117176364466177
37635240096277356221608661183399466587436218286623447958515955119375387721729
37635240096277356221608661183399466587436218286623447958515955128171480743937
37635240096277356221608661183399466587436218286623447958515955130370503999489
37635240096277356221608661183399466587436218286623447958515955132569527255041
37635240096277356221608661183399466587436218286623447958515955141365620277249
37635240096277356221608661183399466587436218286623447958515955143564643532801
37635240096277356221608661183399466587436218286623447958515955145763666788353
37635240096277356221608661183399466587436218286623447958515955154559759810561
37635240096277356221608661183399466587436218286623447958515955156758783066113
37635240096277356221608661183399466587436218286623447958515955158957806321665
37635240096277356221608661183399466587436218286623447958515955167753899343873
37635240096277356221608661183399466587436218286623447958515955169952922599425
37635240096277356221608661183399466587436218286623447958515955172151945854977
37635240096277356221608661183399466587436218286623447958515955180948038877185
37635240096277356221608661183399466587436218286623447958515955185346085388289
37635240096277356221608661183399466587436218286623447958515955187545108643841
37635240096277356221608661183399466587436218286623447958515955196341201666049
37635240096277356221608661183399466587436218286623447958515955198540224921601
37635240096277356221608661183399466587436218286623447958515955200739248177153
37635240096277356221608661183399466587436218286623447958515955209535341199361
37635240096277356221608661183399466587436218286623447958515955211734364454913
37635240096277356221608661183399466587436218286623447958515955213933387710465
37635240096277356221608661183399466587436218286623447958515955226028015616001
37635240096277356221608661183399466587436218286623447958515955228227038871553
37635240096277356221608661183399466587436218286623447958515955230426062127105
37635240096277356221608661183399466587436218286623447958515955239222155149313
37635240096277356221608661183399466587436218286623447958515955241421178404865
37635240096277356221608661183399466587436218286623447958515955243620201660417
37635240096277356221608661183399466587436218286623447958515955252416294682625
37635240096277356221608661183399466587436218286623447958515955254615317938177
37635240096277356221608661183399466587436218286623447958515955256814341193729
37635240096277356221608661183399466587436218286623447958515955265610434215937
37635240096277356221608661183399466587436218286623447958515955267809457471489
37635240096277356221608661183399466587436218286623447958515955270008480727041
37635240096277356221608661183399466587436218286623447958515955278804573749249
37635240096277356221608661183399466587436218286623447958515955281003597004801
37635240096277356221608661183399466587436218286623447958515955283202620260353
37635240096277356221608661183399466587436218286623447958515955291998713282561
37635240096277356221608661183399466587436218286623447958515955294197736538113
37635240096277356221608661183399466587436218286623447958515955296396759793665
37635240096277356221608661183399466587436218286623447958515955305192852815873
37635240096277356221608661183399466587436218286623447958515955307391876071425
37635240096277356221608661183399466587436218286623447958515955309590899326977
37635240096277356221608661183399466587436218286623447958515955318386992349185
37635240096277356221608661183399466587436218286623447958515955320586015604737
37635240096277356221608661183399466587436218286623447958515955322785038860289
37635240096277356221608661183399466587436218286623447958515955329382108626945
37635240096277356221608661183399466587436218286623447958515955331581131882497
37635240096277356221608661183399466587436218286623447958515955333780155138049
37635240096277356221608661183399466587436218286623447958515955342576248160257
37635240096277356221608661183399466587436218286623447958515955344775271415809
37635240096277356221608661183399466587436218286623447958515955345874783043585
37635240096277356221608661183399466587436218286623447958515955352471852810241
37635240096277356221608661183399466587436218286623447958515955354670876065793
37635240096277356221608661183399466587436218286623447958515955356869899321345
37635240096277356221608661183399466587436218286623447958515955365665992343553
37635240096277356221608661183399466587436218286623447958515955367865015599105
37635240096277356221608661183399466587436218286623447958515955370064038854657
37635240096277356221608661183399466587436218286623447958515955378860131876865
37635240096277356221608661183399466587436218286623447958515955381059155132417
37635240096277356221608661183399466587436218286623447958515955383258178387969
37635240096277356221608661183399466587436218286623447958515955392054271410177
37635240096277356221608661183399466587436218286623447958515955394253294665729
37635240096277356221608661183399466587436218286623447958515955396452317921281
37635240096277356221608661183399466587436218286623447958515955405248410943489
37635240096277356221608661183399466587436218286623447958515955407447434199041
37635240096277356221608661183399466587436218286623447958515955409646457454593
37635240096277356221608661183399466587436218286623447958515955418442550476801
37635240096277356221608661183399466587436218286623447958515955420641573732353
37635240096277356221608661183399466587436218286623447958515955422840596987905
37635240096277356221608661183399466587436218286623447958515955431636690010113
37635240096277356221608661183399466587436218286623447958515955433835713265665
37635240096277356221608661183399466587436218286623447958515955436034736521217
37635240096277356221608661183399466587436218286623447958515955444830829543425
37635240096277356221608661183399466587436218286623447958515955447029852798977
37635240096277356221608661183399466587436218286623447958515955449228876054529
37635240096277356221608661183399466587436218286623447958515955458024969076737
37635240096277356221608661183399466587436218286623447958515955460223992332289
37635240096277356221608661183399466587436218286623447958515955462423015587841
37635240096277356221608661183399466587436218286623447958515955471219108610049
37635240096277356221608661183399466587436218286623447958515955473418131865601
37635240096277356221608661183399466587436218286623447958515955475617155121153
37635240096277356221608661183399466587436218286623447958515955484413248143361
37635240096277356221608661183399466587436218286623447958515955486612271398913
37635240096277356221608661183399466587436218286623447958515955488811294654465
37635240096277356221608661183399466587436218286623447958515955497607387676673
37635240096277356221608661183399466587436218286623447958515955499806410932225
37635240096277356221608661183399466587436218286623447958515955502005434187777
37635240096277356221608661183399466587436218286623447958515955510801527209985
37635240096277356221608661183399466587436218286623447958515955513000550465537
37635240096277356221608661183399466587436218286623447958515955515199573721089
37635240096277356221608661183399466587436218286623447958515955523995666743297
37635240096277356221608661183399466587436218286623447958515955526194689998849
37635240096277356221608661183399466587436218286623447958515955528393713254401
37635240096277356221608661183399466587436218286623447958515955537189806276609
37635240096277356221608661183399466587436218286623447958515955539388829532161
37635240096277356221608661183399466587436218286623447958515955541587852787713
37635240096277356221608661183399466587436218286623447958515955550383945809921
37635240096277356221608661183399466587436218286623447958515955552582969065473
37635240096277356221608661183399466587436218286623447958515955554781992321025
37635240096277356221608661183399466587436218286623447958515955563578085343233
37635240096277356221608661183399466587436218286623447958515955565777108598785
37635240096277356221608661183399466587436218286623447958515955567976131854337
37635240096277356221608661183399466587436218286623447958515955576772224876545
37635240096277356221608661183399466587436218286623447958515955578971248132097
37635240096277356221608661183399466587436218286623447958515955581170271387649
37635240096277356221608661183399466587436218286623447958515955589966364409857
37635240096277356221608661183399466587436218286623447958515955592165387665409
37635240096277356221608661183399466587436218286623447958515955594364410920961
37635240096277356221608661183399466587436218286623447958515955603160503943169
37635240096277356221608661183399466587436218286623447958515955605359527198721
37635240096277356221608661183399466587436218286623447958515955607558550454273
37635240096277356221608661183399466587436218286623447958515955616354643476481
37635240096277356221608661183399466587436218286623447958515955618553666732033
37635240096277356221608661183399466587436218286623447958515955620752689987585
37635240096277356221608661183399466587436218286623447958515955629548783009793
37635240096277356221608661183399466587436218286623447958515955631747806265345
37635240096277356221608661183399466587436218286623447958515955633946829520897
37635240096277356221608661183399466587436218286623447958515955642742922543105
37635240096277356221608661183399466587436218286623447958515955644941945798657
37635240096277356221608661183399466587436218286623447958515955647140969054209
37635240096277356221608661183399466587436218286623447958515955655937062076417
37635240096277356221608661183399466587436218286623447958515955658136085331969
37635240096277356221608661183399466587436218286623447958515955660335108587521
37635240096277356221608661183399466587436218286623447958515955669131201609729
37635240096277356221608661183399466587436218286623447958515955671330224865281
37635240096277356221608661183399466587436218286623447958515955673529248120833
37635240096277356221608661183399466587436218286623447958515955682325341143041
37635240096277356221608661183399466587436218286623447958515955684524364398593
37635240096277356221608661183399466587436218286623447958515955686723387654145
37635240096277356221608661183399466587436218286623447958515955694419969048577
37635240096277356221608661183399466587436218286623447958515955696618992304129
37635240096277356221608661183399466587436218286623447958515955698818015559681
37635240096277356221608661183399466587436218286623447958515955707614108581889
37635240096277356221608661183399466587436218286623447958515955709813131837441
37635240096277356221608661183399466587436218286623447958515955712012155092993
37635240096277356221608661183399466587436218286623447958515955720808248115201
37635240096277356221608661183399466587436218286623447958515955723007271370753
37635240096277356221608661183399466587436218286623447958515955725206294626305
37635240096277356221608661183399466587436218286623447958515955734002387648513
37635240096277356221608661183399466587436218286623447958515955736201410904065
37635240096277356221608661183399466587436218286623447958515955738400434159617
37635240096277356221608661183399466587436218286623447958515955747196527181825
37635240096277356221608661183399466587436218286623447958515955749395550437377
37635240096277356221608661183399466587436218286623447958515955751594573692929
37635240096277356221608661183399466587436218286623447958515955760390666715137
37635240096277356221608661183399466587436218286623447958515955762589689970689
37635240096277356221608661183399466587436218286623447958515955764788713226241
37635240096277356221608661183399466587436218286623447958515955773584806248449
37635240096277356221608661183399466587436218286623447958515955775783829504001
37635240096277356221608661183399466587436218286623447958515955777982852759553
37635240096277356221608661183399466587436218286623447958515955788977969037313
37635240096277356221608661183399466587436218286623447958515955791176992292865
37635240096277356221608661183399466587436218286623447958515955793376015548417
37635240096277356221608661183399466587436218286623447958515955802172108570625
37635240096277356221608661183399466587436218286623447958515955804371131826177
37635240096277356221608661183399466587436218286623447958515955806570155081729
37635240096277356221608661183399466587436218286623447958515955815366248103937
37635240096277356221608661183399466587436218286623447958515955817565271359489
37635240096277356221608661183399466587436218286623447958515955819764294615041
37635240096277356221608661183399466587436218286623447958515955828560387637249
37635240096277356221608661183399466587436218286623447958515955830759410892801
37635240096277356221608661183399466587436218286623447958515955832958434148353
37635240096277356221608661183399466587436218286623447958515955841754527170561
37635240096277356221608661183399466587436218286623447958515955846152573681665
37635240096277356221608661183399466587436218286623447958515955849451108564993
37635240096277356221608661183399466587436218286623447958515955860446224842753
37635240096277356221608661183399466587436218286623447958515955862645248098305
37635240096277356221608661183399466587436218286623447958515955864844271353857
37635240096277356221608661183399466587436218286623447958515955873640364376065
37635240096277356221608661183399466587436218286623447958515955875839387631617
37635240096277356221608661183399466587436218286623447958515955878038410887169
37635240096277356221608661183399466587436218286623447958515955886834503909377
37635240096277356221608661183399466587436218286623447958515955889033527164929
37635240096277356221608661183399466587436218286623447958515955891232550420481
37635240096277356221608661183399466587436218286623447958515955900028643442689
37635240096277356221608661183399466587436218286623447958515955902227666698241
37635240096277356221608661183399466587436218286623447958515955904426689953793
37635240096277356221608661183399466587436218286623447958515955913222782976001
37635240096277356221608661183399466587436218286623447958515955915421806231553
37635240096277356221608661183399466587436218286623447958515955917620829487105
37635240096277356221608661183399466587436218286623447958515955926416922509313
37635240096277356221608661183399466587436218286623447958515955928615945764865
37635240096277356221608661183399466587436218286623447958515955930814969020417
37635240096277356221608661183399466587436218286623447958515955939611062042625
37635240096277356221608661183399466587436218286623447958515955941810085298177
37635240096277356221608661183399466587436218286623447958515955944009108553729
37635240096277356221608661183399466587436218286623447958515955952805201575937
37635240096277356221608661183399466587436218286623447958515955955004224831489
37635240096277356221608661183399466587436218286623447958515955957203248087041
37635240096277356221608661183399466587436218286623447958515955965999341109249
37635240096277356221608661183399466587436218286623447958515955968198364364801
37635240096277356221608661183399466587436218286623447958515955970397387620353
37635240096277356221608661183399466587436218286623447958515955979193480642561
37635240096277356221608661183399466587436218286623447958515955981392503898113
37635240096277356221608661183399466587436218286623447958515955983591527153665
37635240096277356221608661183399466587436218286623447958515955992387620175873
37635240096277356221608661183399466587436218286623447958515955994586643431425
37635240096277356221608661183399466587436218286623447958515955996785666686977
37635240096277356221608661183399466587436218286623447958515956005581759709185
37635240096277356221608661183399466587436218286623447958515956007780782964737
37635240096277356221608661183399466587436218286623447958515956009979806220289
37635240096277356221608661183399466587436218286623447958515956018775899242497
37635240096277356221608661183399466587436218286623447958515956020974922498049
37635240096277356221608661183399466587436218286623447958515956023173945753601
37635240096277356221608661183399466587436218286623447958515956031970038775809
37635240096277356221608661183399466587436218286623447958515956033069550403585
37635240096277356221608661183399466587436218286623447958515956034169062031361
37635240096277356221608661183399466587436218286623447958515956042965155053569
37635240096277356221608661183399466587436218286623447958515956045164178309121
37635240096277356221608661183399466587436218286623447958515956047363201564673
37635240096277356221608661183399466587436218286623447958515956056159294586881
37635240096277356221608661183399466587436218286623447958515956058358317842433
37635240096277356221608661183399466587436218286623447958515956060557341097985
37635240096277356221608661183399466587436218286623447958515956068253922492417
37635240096277356221608661183399466587436218286623447958515956069353434120193
37635240096277356221608661183399466587436218286623447958515956071552457375745
37635240096277356221608661183399466587436218286623447958515956080348550397953
37635240096277356221608661183399466587436218286623447958515956082547573653505
37635240096277356221608661183399466587436218286623447958515956084746596909057
37635240096277356221608661183399466587436218286623447958515956093542689931265
37635240096277356221608661183399466587436218286623447958515956095741713186817
37635240096277356221608661183399466587436218286623447958515956097940736442369
37635240096277356221608661183399466587436218286623447958515956106736829464577
37635240096277356221608661183399466587436218286623447958515956108935852720129
37635240096277356221608661183399466587436218286623447958515956111134875975681
37635240096277356221608661183399466587436218286623447958515956119930968997889
37635240096277356221608661183399466587436218286623447958515956122129992253441
37635240096277356221608661183399466587436218286623447958515956124329015508993
37635240096277356221608661183399466587436218286623447958515956133125108531201
37635240096277356221608661183399466587436218286623447958515956135324131786753
37635240096277356221608661183399466587436218286623447958515956137523155042305
37635240096277356221608661183399466587436218286623447958515956146319248064513
37635240096277356221608661183399466587436218286623447958515956148518271320065
37635240096277356221608661183399466587436218286623447958515956150717294575617
37635240096277356221608661183399466587436218286623447958515956159513387597825
37635240096277356221608661183399466587436218286623447958515956161712410853377
37635240096277356221608661183399466587436218286623447958515956163911434108929
37635240096277356221608661183399466587436218286623447958515956172707527131137
37635240096277356221608661183399466587436218286623447958515956174906550386689
37635240096277356221608661183399466587436218286623447958515956177105573642241
37635240096277356221608661183399466587436218286623447958515956185901666664449
37635240096277356221608661183399466587436218286623447958515956188100689920001
37635240096277356221608661183399466587436218286623447958515956190299713175553
37635240096277356221608661183399466587436218286623447958515956199095806197761
37635240096277356221608661183399466587436218286623447958515956201294829453313
37635240096277356221608661183399466587436218286623447958515956203493852708865
37635240096277356221608661183399466587436218286623447958515956212289945731073
37635240096277356221608661183399466587436218286623447958515956214488968986625
37635240096277356221608661183399466587436218286623447958515956216687992242177
37635240096277356221608661183399466587436218286623447958515956223285062008833
37635240096277356221608661183399466587436218286623447958515956225484085264385
37635240096277356221608661183399466587436218286623447958515956227683108519937
37635240096277356221608661183399466587436218286623447958515956236479201542145
37635240096277356221608661183399466587436218286623447958515956238678224797697
37635240096277356221608661183399466587436218286623447958515956240877248053249
37635240096277356221608661183399466587436218286623447958515956249673341075457
37635240096277356221608661183399466587436218286623447958515956251872364331009
37635240096277356221608661183399466587436218286623447958515956254071387586561
37635240096277356221608661183399466587436218286623447958515956262867480608769
37635240096277356221608661183399466587436218286623447958515956265066503864321
37635240096277356221608661183399466587436218286623447958515956267265527119873
37635240096277356221608661183399466587436218286623447958515956276061620142081
37635240096277356221608661183399466587436218286623447958515956278260643397633
37635240096277356221608661183399466587436218286623447958515956280459666653185
37635240096277356221608661183399466587436218286623447958515956289255759675393
37635240096277356221608661183399466587436218286623447958515956291454782930945
37635240096277356221608661183399466587436218286623447958515956293653806186497
37635240096277356221608661183399466587436218286623447958515956302449899208705
37635240096277356221608661183399466587436218286623447958515956304648922464257
37635240096277356221608661183399466587436218286623447958515956306847945719809
37635240096277356221608661183399466587436218286623447958515956315644038742017
37635240096277356221608661183399466587436218286623447958515956317843061997569
37635240096277356221608661183399466587436218286623447958515956320042085253121
37635240096277356221608661183399466587436218286623447958515956328838178275329
37635240096277356221608661183399466587436218286623447958515956331037201530881
37635240096277356221608661183399466587436218286623447958515956333236224786433
37635240096277356221608661183399466587436218286623447958515956342032317808641
37635240096277356221608661183399466587436218286623447958515956344231341064193
37635240096277356221608661183399466587436218286623447958515956346430364319745
37635240096277356221608661183399466587436218286623447958515956355226457341953
37635240096277356221608661183399466587436218286623447958515956357425480597505
37635240096277356221608661183399466587436218286623447958515956359624503853057
37635240096277356221608661183399466587436218286623447958515956368420596875265
37635240096277356221608661183399466587436218286623447958515956370619620130817
37635240096277356221608661183399466587436218286623447958515956372818643386369
37635240096277356221608661183399466587436218286623447958515956381614736408577
37635240096277356221608661183399466587436218286623447958515956383813759664129
37635240096277356221608661183399466587436218286623447958515956386012782919681
37635240096277356221608661183399466587436218286623447958515956394808875941889
37635240096277356221608661183399466587436218286623447958515956397007899197441
37635240096277356221608661183399466587436218286623447958515956399206922452993
37635240096277356221608661183399466587436218286623447958515956408003015475201
37635240096277356221608661183399466587436218286623447958515956410202038730753
37635240096277356221608661183399466587436218286623447958515956412401061986305
37635240096277356221608661183399466587436218286623447958515956421197155008513
37635240096277356221608661183399466587436218286623447958515956423396178264065
37635240096277356221608661183399466587436218286623447958515956425595201519617
37635240096277356221608661183399466587436218286623447958515956434391294541825
37635240096277356221608661183399466587436218286623447958515956436590317797377
37635240096277356221608661183399466587436218286623447958515956438789341052929
37635240096277356221608661183399466587436218286623447958515956447585434075137
37635240096277356221608661183399466587436218286623447958515956449784457330689
37635240096277356221608661183399466587436218286623447958515956451983480586241
37635240096277356221608661183399466587436218286623447958515956460779573608449
37635240096277356221608661183399466587436218286623447958515956462978596864001
37635240096277356221608661183399466587436218286623447958515956465177620119553
37635240096277356221608661183399466587436218286623447958515956473973713141761
37635240096277356221608661183399466587436218286623447958515956476172736397313
37635240096277356221608661183399466587436218286623447958515956478371759652865
37635240096277356221608661183399466587436218286623447958515956487167852675073
37635240096277356221608661183399466587436218286623447958515956489366875930625
37635240096277356221608661183399466587436218286623447958515956491565899186177
37635240096277356221608661183399466587436218286623447958515956500361992208385
37635240096277356221608661183399466587436218286623447958515956502561015463937
37635240096277356221608661183399466587436218286623447958515956504760038719489
37635240096277356221608661183399466587436218286623447958515956513556131741697
37635240096277356221608661183399466587436218286623447958515956515755154997249
37635240096277356221608661183399466587436218286623447958515956517954178252801
37635240096277356221608661183399466587436218286623447958515956526750271275009
37635240096277356221608661183399466587436218286623447958515956528949294530561
37635240096277356221608661183399466587436218286623447958515956531148317786113
37635240096277356221608661183399466587436218286623447958515956539944410808321
37635240096277356221608661183399466587436218286623447958515956542143434063873
37635240096277356221608661183399466587436218286623447958515956544342457319425
37635240096277356221608661183399466587436218286623447958515956553138550341633
37635240096277356221608661183399466587436218286623447958515956555337573597185
37635240096277356221608661183399466587436218286623447958515956557536596852737
37635240096277356221608661183399466587436218286623447958515956566332689874945
37635240096277356221608661183399466587436218286623447958515956568531713130497
37635240096277356221608661183399466587436218286623447958515956570730736386049
37635240096277356221608661183399466587436218286623447958515956579526829408257
37635240096277356221608661183399466587436218286623447958515956581725852663809
37635240096277356221608661183399466587436218286623447958515956583924875919361
37635240096277356221608661183399466587436218286623447958515956592720968941569
37635240096277356221608661183399466587436218286623447958515956594919992197121
37635240096277356221608661183399466587436218286623447958515956597119015452673
37635240096277356221608661183399466587436218286623447958515956605915108474881
37635240096277356221608661183399466587436218286623447958515956608114131730433
37635240096277356221608661183399466587436218286623447958515956610313154985985
37635240096277356221608661183399466587436218286623447958515956619109248008193
37635240096277356221608661183399466587436218286623447958515956621308271263745
37635240096277356221608661183399466587436218286623447958515956623507294519297
37635240096277356221608661183399466587436218286623447958515956632303387541505
37635240096277356221608661183399466587436218286623447958515956634502410797057
37635240096277356221608661183399466587436218286623447958515956636701434052609
37635240096277356221608661183399466587436218286623447958515956645497527074817
37635240096277356221608661183399466587436218286623447958515956647696550330369
37635240096277356221608661183399466587436218286623447958515956649895573585921
37635240096277356221608661183399466587436218286623447958515956658691666608129
37635240096277356221608661183399466587436218286623447958515956660890689863681
37635240096277356221608661183399466587436218286623447958515956663089713119233
37635240096277356221608661183399466587436218286623447958515956671885806141441
37635240096277356221608661183399466587436218286623447958515956674084829396993
37635240096277356221608661183399466587436218286623447958515956676283852652545
37635240096277356221608661183399466587436218286623447958515956685079945674753
37635240096277356221608661183399466587436218286623447958515956687278968930305
37635240096277356221608661183399466587436218286623447958515956689477992185857
37635240096277356221608661183399466587436218286623447958515956698274085208065
37635240096277356221608661183399466587436218286623447958515956699373596835841
37635240096277356221608661183399466587436218286623447958515956701572620091393
37635240096277356221608661183399466587436218286623447958515956710368713113601
37635240096277356221608661183399466587436218286623447958515956712567736369153
37635240096277356221608661183399466587436218286623447958515956714766759624705
37635240096277356221608661183399466587436218286623447958515956723562852646913
37635240096277356221608661183399466587436218286623447958515956725761875902465
37635240096277356221608661183399466587436218286623447958515956727960899158017
37635240096277356221608661183399466587436218286623447958515956736756992180225
37635240096277356221608661183399466587436218286623447958515956738956015435777
37635240096277356221608661183399466587436218286623447958515956741155038691329
37635240096277356221608661183399466587436218286623447958515956749951131713537
37635240096277356221608661183399466587436218286623447958515956752150154969089
37635240096277356221608661183399466587436218286623447958515956754349178224641
37635240096277356221608661183399466587436218286623447958515956763145271246849
37635240096277356221608661183399466587436218286623447958515956765344294502401
37635240096277356221608661183399466587436218286623447958515956767543317757953
37635240096277356221608661183399466587436218286623447958515956776339410780161
37635240096277356221608661183399466587436218286623447958515956778538434035713
37635240096277356221608661183399466587436218286623447958515956780737457291265
37635240096277356221608661183399466587436218286623447958515956789533550313473
37635240096277356221608661183399466587436218286623447958515956791732573569025
37635240096277356221608661183399466587436218286623447958515956793931596824577
37635240096277356221608661183399466587436218286623447958515956802727689846785
37635240096277356221608661183399466587436218286623447958515956804926713102337
37635240096277356221608661183399466587436218286623447958515956807125736357889
37635240096277356221608661183399466587436218286623447958515956815921829380097
37635240096277356221608661183399466587436218286623447958515956818120852635649
37635240096277356221608661183399466587436218286623447958515956820319875891201
37635240096277356221608661183399466587436218286623447958515956829115968913409
37635240096277356221608661183399466587436218286623447958515956831314992168961
37635240096277356221608661183399466587436218286623447958515956833514015424513
37635240096277356221608661183399466587436218286623447958515956842310108446721
37635240096277356221608661183399466587436218286623447958515956844509131702273
37635240096277356221608661183399466587436218286623447958515956846708154957825
37635240096277356221608661183399466587436218286623447958515956855504247980033
37635240096277356221608661183399466587436218286623447958515956857703271235585
37635240096277356221608661183399466587436218286623447958515956859902294491137
37635240096277356221608661183399466587436218286623447958515956868698387513345
37635240096277356221608661183399466587436218286623447958515956870897410768897
37635240096277356221608661183399466587436218286623447958515956873096434024449
37635240096277356221608661183399466587436218286623447958515956881892527046657
37635240096277356221608661183399466587436218286623447958515956884091550302209
37635240096277356221608661183399466587436218286623447958515956886290573557761
37635240096277356221608661183399466587436218286623447958515956895086666579969
37635240096277356221608661183399466587436218286623447958515956897285689835521
37635240096277356221608661183399466587436218286623447958515956899484713091073
37635240096277356221608661183399466587436218286623447958515956908280806113281
37635240096277356221608661183399466587436218286623447958515956910479829368833
37635240096277356221608661183399466587436218286623447958515956912678852624385
37635240096277356221608661183399466587436218286623447958515956921474945646593
37635240096277356221608661183399466587436218286623447958515956923673968902145
37635240096277356221608661183399466587436218286623447958515956925872992157697
37635240096277356221608661183399466587436218286623447958515956934669085179905
37635240096277356221608661183399466587436218286623447958515956936868108435457
37635240096277356221608661183399466587436218286623447958515956939067131691009
37635240096277356221608661183399466587436218286623447958515956947863224713217
37635240096277356221608661183399466587436218286623447958515956948962736340993
37635240096277356221608661183399466587436218286623447958515956950062247968769
37635240096277356221608661183399466587436218286623447958515956957758829363201
37635240096277356221608661183399466587436218286623447958515956959957852618753
37635240096277356221608661183399466587436218286623447958515956962156875874305
37635240096277356221608661183399466587436218286623447958515956970952968896513
37635240096277356221608661183399466587436218286623447958515956973151992152065
37635240096277356221608661183399466587436218286623447958515956975351015407617
37635240096277356221608661183399466587436218286623447958515956984147108429825
37635240096277356221608661183399466587436218286623447958515956986346131685377
37635240096277356221608661183399466587436218286623447958515956988545154940929
37635240096277356221608661183399466587436218286623447958515956997341247963137
37635240096277356221608661183399466587436218286623447958515956999540271218689
37635240096277356221608661183399466587436218286623447958515957001739294474241
37635240096277356221608661183399466587436218286623447958515957010535387496449
37635240096277356221608661183399466587436218286623447958515957012734410752001
37635240096277356221608661183399466587436218286623447958515957014933434007553
37635240096277356221608661183399466587436218286623447958515957023729527029761
37635240096277356221608661183399466587436218286623447958515957025928550285313
37635240096277356221608661183399466587436218286623447958515957028127573540865
37635240096277356221608661183399466587436218286623447958515957036923666563073
37635240096277356221608661183399466587436218286623447958515957039122689818625
37635240096277356221608661183399466587436218286623447958515957041321713074177
37635240096277356221608661183399466587436218286623447958515957050117806096385
37635240096277356221608661183399466587436218286623447958515957052316829351937
37635240096277356221608661183399466587436218286623447958515957054515852607489
37635240096277356221608661183399466587436218286623447958515957063311945629697
37635240096277356221608661183399466587436218286623447958515957065510968885249
37635240096277356221608661183399466587436218286623447958515957067709992140801
37635240096277356221608661183399466587436218286623447958515957076506085163009
37635240096277356221608661183399466587436218286623447958515957078705108418561
37635240096277356221608661183399466587436218286623447958515957080904131674113
37635240096277356221608661183399466587436218286623447958515957089700224696321
37635240096277356221608661183399466587436218286623447958515957091899247951873
37635240096277356221608661183399466587436218286623447958515957094098271207425
37635240096277356221608661183399466587436218286623447958515957102894364229633
37635240096277356221608661183399466587436218286623447958515957105093387485185
37635240096277356221608661183399466587436218286623447958515957107292410740737
37635240096277356221608661183399466587436218286623447958515957116088503762945
37635240096277356221608661183399466587436218286623447958515957118287527018497
37635240096277356221608661183399466587436218286623447958515957120486550274049
37635240096277356221608661183399466587436218286623447958515957129282643296257
37635240096277356221608661183399466587436218286623447958515957131481666551809
37635240096277356221608661183399466587436218286623447958515957133680689807361
37635240096277356221608661183399466587436218286623447958515957142476782829569
37635240096277356221608661183399466587436218286623447958515957144675806085121
37635240096277356221608661183399466587436218286623447958515957146874829340673
37635240096277356221608661183399466587436218286623447958515957155670922362881
37635240096277356221608661183399466587436218286623447958515957157869945618433
37635240096277356221608661183399466587436218286623447958515957160068968873985
37635240096277356221608661183399466587436218286623447958515957168865061896193
37635240096277356221608661183399466587436218286623447958515957171064085151745
37635240096277356221608661183399466587436218286623447958515957173263108407297
37635240096277356221608661183399466587436218286623447958515957182059201429505
37635240096277356221608661183399466587436218286623447958515957184258224685057
37635240096277356221608661183399466587436218286623447958515957186457247940609
37635240096277356221608661183399466587436218286623447958515957195253340962817
37635240096277356221608661183399466587436218286623447958515957197452364218369
37635240096277356221608661183399466587436218286623447958515957199651387473921
37635240096277356221608661183399466587436218286623447958515957208447480496129
37635240096277356221608661183399466587436218286623447958515957210646503751681
37635240096277356221608661183399466587436218286623447958515957212845527007233
37635240096277356221608661183399466587436218286623447958515957221641620029441
37635240096277356221608661183399466587436218286623447958515957223840643284993
37635240096277356221608661183399466587436218286623447958515957226039666540545
37635240096277356221608661183399466587436218286623447958515957237034782818305
37635240096277356221608661183399466587436218286623447958515957239233806073857
37635240096277356221608661183399466587436218286623447958515957241432829329409
37635240096277356221608661183399466587436218286623447958515957250228922351617
37635240096277356221608661183399466587436218286623447958515957252427945607169
37635240096277356221608661183399466587436218286623447958515957254626968862721
37635240096277356221608661183399466587436218286623447958515957263423061884929
37635240096277356221608661183399466587436218286623447958515957265622085140481
37635240096277356221608661183399466587436218286623447958515957267821108396033
37635240096277356221608661183399466587436218286623447958515957276617201418241
37635240096277356221608661183399466587436218286623447958515957278816224673793
37635240096277356221608661183399466587436218286623447958515957281015247929345
37635240096277356221608661183399466587436218286623447958515957289811340951553
37635240096277356221608661183399466587436218286623447958515957292010364207105
37635240096277356221608661183399466587436218286623447958515957294209387462657
37635240096277356221608661183399466587436218286623447958515957303005480484865
37635240096277356221608661183399466587436218286623447958515957305204503740417
37635240096277356221608661183399466587436218286623447958515957307403526995969
37635240096277356221608661183399466587436218286623447958515957316199620018177
37635240096277356221608661183399466587436218286623447958515957318398643273729
37635240096277356221608661183399466587436218286623447958515957320597666529281
37635240096277356221608661183399466587436218286623447958515957329393759551489
37635240096277356221608661183399466587436218286623447958515957331592782807041
37635240096277356221608661183399466587436218286623447958515957333791806062593
37635240096277356221608661183399466587436218286623447958515957342587899084801
37635240096277356221608661183399466587436218286623447958515957344786922340353
37635240096277356221608661183399466587436218286623447958515957346985945595905
37635240096277356221608661183399466587436218286623447958515957355782038618113
37635240096277356221608661183399466587436218286623447958515957357981061873665
37635240096277356221608661183399466587436218286623447958515957360180085129217
37635240096277356221608661183399466587436218286623447958515957368976178151425
37635240096277356221608661183399466587436218286623447958515957371175201406977
37635240096277356221608661183399466587436218286623447958515957376672759545857
37635240096277356221608661183399466587436218286623447958515957385468852568065
37635240096277356221608661183399466587436218286623447958515957387667875823617
37635240096277356221608661183399466587436218286623447958515957389866899079169
37635240096277356221608661183399466587436218286623447958515957398662992101377
37635240096277356221608661183399466587436218286623447958515957400862015356929
37635240096277356221608661183399466587436218286623447958515957403061038612481
37635240096277356221608661183399466587436218286623447958515957415155666518017
37635240096277356221608661183399466587436218286623447958515957417354689773569
37635240096277356221608661183399466587436218286623447958515957419553713029121
37635240096277356221608661183399466587436218286623447958515957428349806051329
37635240096277356221608661183399466587436218286623447958515957430548829306881
37635240096277356221608661183399466587436218286623447958515957432747852562433
37635240096277356221608661183399466587436218286623447958515957441543945584641
37635240096277356221608661183399466587436218286623447958515957443742968840193
37635240096277356221608661183399466587436218286623447958515957445941992095745
37635240096277356221608661183399466587436218286623447958515957454738085117953
37635240096277356221608661183399466587436218286623447958515957456937108373505
37635240096277356221608661183399466587436218286623447958515957459136131629057
37635240096277356221608661183399466587436218286623447958515957467932224651265
37635240096277356221608661183399466587436218286623447958515957470131247906817
37635240096277356221608661183399466587436218286623447958515957472330271162369
37635240096277356221608661183399466587436218286623447958515957481126364184577
37635240096277356221608661183399466587436218286623447958515957483325387440129
37635240096277356221608661183399466587436218286623447958515957485524410695681
37635240096277356221608661183399466587436218286623447958515957494320503717889
37635240096277356221608661183399466587436218286623447958515957496519526973441
37635240096277356221608661183399466587436218286623447958515957498718550228993
37635240096277356221608661183399466587436218286623447958515957507514643251201
37635240096277356221608661183399466587436218286623447958515957509713666506753
37635240096277356221608661183399466587436218286623447958515957511912689762305
37635240096277356221608661183399466587436218286623447958515957520708782784513
37635240096277356221608661183399466587436218286623447958515957522907806040065
37635240096277356221608661183399466587436218286623447958515957525106829295617
37635240096277356221608661183399466587436218286623447958515957533902922317825
37635240096277356221608661183399466587436218286623447958515957536101945573377
37635240096277356221608661183399466587436218286623447958515957538300968828929
37635240096277356221608661183399466587436218286623447958515957550395596734465
37635240096277356221608661183399466587436218286623447958515957552594619990017
37635240096277356221608661183399466587436218286623447958515957554793643245569
37635240096277356221608661183399466587436218286623447958515957563589736267777
37635240096277356221608661183399466587436218286623447958515957565788759523329
37635240096277356221608661183399466587436218286623447958515957567987782778881
37635240096277356221608661183399466587436218286623447958515957576783875801089
37635240096277356221608661183399466587436218286623447958515957578982899056641
37635240096277356221608661183399466587436218286623447958515957581181922312193
37635240096277356221608661183399466587436218286623447958515957589978015334401
37635240096277356221608661183399466587436218286623447958515957592177038589953
37635240096277356221608661183399466587436218286623447958515957594376061845505
37635240096277356221608661183399466587436218286623447958515957603172154867713
37635240096277356221608661183399466587436218286623447958515957605371178123265
37635240096277356221608661183399466587436218286623447958515957606470689751041
37635240096277356221608661183399466587436218286623447958515957614167271145473
37635240096277356221608661183399466587436218286623447958515957616366294401025
37635240096277356221608661183399466587436218286623447958515957618565317656577
37635240096277356221608661183399466587436218286623447958515957627361410678785
37635240096277356221608661183399466587436218286623447958515957629560433934337
37635240096277356221608661183399466587436218286623447958515957631759457189889
37635240096277356221608661183399466587436218286623447958515957640555550212097
37635240096277356221608661183399466587436218286623447958515957642754573467649
37635240096277356221608661183399466587436218286623447958515957644953596723201
37635240096277356221608661183399466587436218286623447958515957651550666489857
37635240096277356221608661183399466587436218286623447958515957653749689745409
37635240096277356221608661183399466587436218286623447958515957655948713000961
37635240096277356221608661183399466587436218286623447958515957670242364162049
37635240096277356221608661183399466587436218286623447958515957671341875789825
37635240096277356221608661183399466587436218286623447958515957672441387417601
37635240096277356221608661183399466587436218286623447958515957680137968812033
37635240096277356221608661183399466587436218286623447958515957681237480439809
37635240096277356221608661183399466587436218286623447958515957682336992067585
37635240096277356221608661183399466587436218286623447958515957691133085089793
37635240096277356221608661183399466587436218286623447958515957693332108345345
37635240096277356221608661183399466587436218286623447958515957695531131600897
37635240096277356221608661183399466587436218286623447958515957704327224623105
37635240096277356221608661183399466587436218286623447958515957706526247878657
37635240096277356221608661183399466587436218286623447958515957708725271134209
37635240096277356221608661183399466587436218286623447958515957717521364156417
37635240096277356221608661183399466587436218286623447958515957719720387411969
37635240096277356221608661183399466587436218286623447958515957721919410667521
37635240096277356221608661183399466587436218286623447958515957730715503689729
37635240096277356221608661183399466587436218286623447958515957732914526945281
37635240096277356221608661183399466587436218286623447958515957735113550200833
37635240096277356221608661183399466587436218286623447958515957743909643223041
37635240096277356221608661183399466587436218286623447958515957746108666478593
37635240096277356221608661183399466587436218286623447958515957748307689734145
37635240096277356221608661183399466587436218286623447958515957757103782756353
37635240096277356221608661183399466587436218286623447958515957759302806011905
37635240096277356221608661183399466587436218286623447958515957761501829267457
37635240096277356221608661183399466587436218286623447958515957770297922289665
37635240096277356221608661183399466587436218286623447958515957772496945545217
37635240096277356221608661183399466587436218286623447958515957774695968800769
37635240096277356221608661183399466587436218286623447958515957783492061822977
37635240096277356221608661183399466587436218286623447958515957785691085078529
37635240096277356221608661183399466587436218286623447958515957787890108334081
37635240096277356221608661183399466587436218286623447958515957796686201356289
37635240096277356221608661183399466587436218286623447958515957798885224611841
37635240096277356221608661183399466587436218286623447958515957801084247867393
37635240096277356221608661183399466587436218286623447958515957809880340889601
37635240096277356221608661183399466587436218286623447958515957812079364145153
37635240096277356221608661183399466587436218286623447958515957814278387400705
37635240096277356221608661183399466587436218286623447958515957823074480422913
37635240096277356221608661183399466587436218286623447958515957825273503678465
37635240096277356221608661183399466587436218286623447958515957827472526934017
37635240096277356221608661183399466587436218286623447958515957836268619956225
37635240096277356221608661183399466587436218286623447958515957838467643211777
37635240096277356221608661183399466587436218286623447958515957840666666467329
37635240096277356221608661183399466587436218286623447958515957849462759489537
37635240096277356221608661183399466587436218286623447958515957851661782745089
37635240096277356221608661183399466587436218286623447958515957853860806000641
37635240096277356221608661183399466587436218286623447958515957862656899022849
37635240096277356221608661183399466587436218286623447958515957864855922278401
37635240096277356221608661183399466587436218286623447958515957867054945533953
37635240096277356221608661183399466587436218286623447958515957875851038556161
37635240096277356221608661183399466587436218286623447958515957878050061811713
37635240096277356221608661183399466587436218286623447958515957880249085067265
37635240096277356221608661183399466587436218286623447958515957889045178089473
37635240096277356221608661183399466587436218286623447958515957891244201345025
37635240096277356221608661183399466587436218286623447958515957893443224600577
37635240096277356221608661183399466587436218286623447958515957902239317622785
37635240096277356221608661183399466587436218286623447958515957904438340878337
37635240096277356221608661183399466587436218286623447958515957906637364133889
37635240096277356221608661183399466587436218286623447958515957915433457156097
37635240096277356221608661183399466587436218286623447958515957917632480411649
37635240096277356221608661183399466587436218286623447958515957926428573433857
37635240096277356221608661183399466587436218286623447958515957935224666456065
37635240096277356221608661183399466587436218286623447958515957937423689711617
37635240096277356221608661183399466587436218286623447958515957939622712967169
37635240096277356221608661183399466587436218286623447958515957948418805989377
37635240096277356221608661183399466587436218286623447958515957950617829244929
37635240096277356221608661183399466587436218286623447958515957952816852500481
37635240096277356221608661183399466587436218286623447958515957961612945522689
37635240096277356221608661183399466587436218286623447958515957963811968778241
37635240096277356221608661183399466587436218286623447958515957966010992033793
37635240096277356221608661183399466587436218286623447958515957974807085056001
37635240096277356221608661183399466587436218286623447958515957977006108311553
37635240096277356221608661183399466587436218286623447958515957979205131567105
37635240096277356221608661183399466587436218286623447958515957988001224589313
37635240096277356221608661183399466587436218286623447958515957990200247844865
37635240096277356221608661183399466587436218286623447958515957992399271100417
37635240096277356221608661183399466587436218286623447958515958001195364122625
37635240096277356221608661183399466587436218286623447958515958003394387378177
37635240096277356221608661183399466587436218286623447958515958005593410633729
37635240096277356221608661183399466587436218286623447958515958014389503655937
37635240096277356221608661183399466587436218286623447958515958016588526911489
37635240096277356221608661183399466587436218286623447958515958018787550167041
37635240096277356221608661183399466587436218286623447958515958027583643189249
37635240096277356221608661183399466587436218286623447958515958029782666444801
37635240096277356221608661183399466587436218286623447958515958031981689700353
37635240096277356221608661183399466587436218286623447958515958040777782722561
37635240096277356221608661183399466587436218286623447958515958042976805978113
37635240096277356221608661183399466587436218286623447958515958045175829233665
37635240096277356221608661183399466587436218286623447958515958053971922255873
37635240096277356221608661183399466587436218286623447958515958056170945511425
37635240096277356221608661183399466587436218286623447958515958058369968766977
37635240096277356221608661183399466587436218286623447958515958067166061789185
37635240096277356221608661183399466587436218286623447958515958069365085044737
37635240096277356221608661183399466587436218286623447958515958071564108300289
37635240096277356221608661183399466587436218286623447958515958080360201322497
37635240096277356221608661183399466587436218286623447958515958082559224578049
37635240096277356221608661183399466587436218286623447958515958084758247833601
37635240096277356221608661183399466587436218286623447958515958093554340855809
37635240096277356221608661183399466587436218286623447958515958095753364111361
37635240096277356221608661183399466587436218286623447958515958097952387366913
37635240096277356221608661183399466587436218286623447958515958106748480389121
37635240096277356221608661183399466587436218286623447958515958108947503644673
37635240096277356221608661183399466587436218286623447958515958111146526900225
37635240096277356221608661183399466587436218286623447958515958119942619922433
37635240096277356221608661183399466587436218286623447958515958122141643177985
37635240096277356221608661183399466587436218286623447958515958124340666433537
37635240096277356221608661183399466587436218286623447958515958133136759455745
37635240096277356221608661183399466587436218286623447958515958135335782711297
37635240096277356221608661183399466587436218286623447958515958137534805966849
37635240096277356221608661183399466587436218286623447958515958146330898989057
37635240096277356221608661183399466587436218286623447958515958148529922244609
37635240096277356221608661183399466587436218286623447958515958150728945500161
37635240096277356221608661183399466587436218286623447958515958159525038522369
37635240096277356221608661183399466587436218286623447958515958161724061777921
37635240096277356221608661183399466587436218286623447958515958163923085033473
37635240096277356221608661183399466587436218286623447958515958172719178055681
37635240096277356221608661183399466587436218286623447958515958174918201311233
37635240096277356221608661183399466587436218286623447958515958177117224566785
37635240096277356221608661183399466587436218286623447958515958185913317588993
37635240096277356221608661183399466587436218286623447958515958188112340844545
37635240096277356221608661183399466587436218286623447958515958190311364100097
37635240096277356221608661183399466587436218286623447958515958199107457122305
37635240096277356221608661183399466587436218286623447958515958201306480377857
37635240096277356221608661183399466587436218286623447958515958203505503633409
37635240096277356221608661183399466587436218286623447958515958212301596655617
37635240096277356221608661183399466587436218286623447958515958214500619911169
37635240096277356221608661183399466587436218286623447958515958216699643166721
37635240096277356221608661183399466587436218286623447958515958225495736188929
37635240096277356221608661183399466587436218286623447958515958227694759444481
37635240096277356221608661183399466587436218286623447958515958229893782700033
37635240096277356221608661183399466587436218286623447958515958238689875722241
37635240096277356221608661183399466587436218286623447958515958240888898977793
37635240096277356221608661183399466587436218286623447958515958243087922233345
37635240096277356221608661183399466587436218286623447958515958251884015255553
37635240096277356221608661183399466587436218286623447958515958254083038511105
37635240096277356221608661183399466587436218286623447958515958256282061766657
37635240096277356221608661183399466587436218286623447958515958265078154788865
37635240096277356221608661183399466587436218286623447958515958267277178044417
37635240096277356221608661183399466587436218286623447958515958269476201299969
37635240096277356221608661183399466587436218286623447958515958278272294322177
37635240096277356221608661183399466587436218286623447958515958280471317577729
37635240096277356221608661183399466587436218286623447958515958282670340833281
37635240096277356221608661183399466587436218286623447958515958291466433855489
37635240096277356221608661183399466587436218286623447958515958293665457111041
37635240096277356221608661183399466587436218286623447958515958295864480366593
37635240096277356221608661183399466587436218286623447958515958304660573388801
37635240096277356221608661183399466587436218286623447958515958306859596644353
37635240096277356221608661183399466587436218286623447958515958309058619899905
37635240096277356221608661183399466587436218286623447958515958317854712922113
37635240096277356221608661183399466587436218286623447958515958320053736177665
37635240096277356221608661183399466587436218286623447958515958322252759433217
37635240096277356221608661183399466587436218286623447958515958331048852455425
37635240096277356221608661183399466587436218286623447958515958333247875710977
37635240096277356221608661183399466587436218286623447958515958335446898966529
37635240096277356221608661183399466587436218286623447958515958344242991988737
37635240096277356221608661183399466587436218286623447958515958346442015244289
37635240096277356221608661183399466587436218286623447958515958348641038499841
37635240096277356221608661183399466587436218286623447958515958357437131522049
37635240096277356221608661183399466587436218286623447958515958359636154777601
37635240096277356221608661183399466587436218286623447958515958361835178033153
37635240096277356221608661183399466587436218286623447958515958370631271055361
37635240096277356221608661183399466587436218286623447958515958372830294310913
37635240096277356221608661183399466587436218286623447958515958375029317566465
37635240096277356221608661183399466587436218286623447958515958383825410588673
37635240096277356221608661183399466587436218286623447958515958386024433844225
37635240096277356221608661183399466587436218286623447958515958388223457099777
37635240096277356221608661183399466587436218286623447958515958397019550121985
37635240096277356221608661183399466587436218286623447958515958399218573377537
37635240096277356221608661183399466587436218286623447958515958401417596633089
37635240096277356221608661183399466587436218286623447958515958410213689655297
37635240096277356221608661183399466587436218286623447958515958412412712910849
37635240096277356221608661183399466587436218286623447958515958414611736166401
37635240096277356221608661183399466587436218286623447958515958423407829188609
37635240096277356221608661183399466587436218286623447958515958425606852444161
37635240096277356221608661183399466587436218286623447958515958427805875699713
37635240096277356221608661183399466587436218286623447958515958436601968721921
37635240096277356221608661183399466587436218286623447958515958438800991977473
37635240096277356221608661183399466587436218286623447958515958441000015233025
37635240096277356221608661183399466587436218286623447958515958449796108255233
37635240096277356221608661183399466587436218286623447958515958451995131510785
37635240096277356221608661183399466587436218286623447958515958454194154766337
37635240096277356221608661183399466587436218286623447958515958462990247788545
37635240096277356221608661183399466587436218286623447958515958465189271044097
37635240096277356221608661183399466587436218286623447958515958467388294299649
37635240096277356221608661183399466587436218286623447958515958476184387321857
37635240096277356221608661183399466587436218286623447958515958478383410577409
37635240096277356221608661183399466587436218286623447958515958480582433832961
37635240096277356221608661183399466587436218286623447958515958489378526855169
37635240096277356221608661183399466587436218286623447958515958491577550110721
37635240096277356221608661183399466587436218286623447958515958493776573366273
37635240096277356221608661183399466587436218286623447958515958502572666388481
37635240096277356221608661183399466587436218286623447958515958504771689644033
37635240096277356221608661183399466587436218286623447958515958506970712899585
37635240096277356221608661183399466587436218286623447958515958515766805921793
37635240096277356221608661183399466587436218286623447958515958517965829177345
37635240096277356221608661183399466587436218286623447958515958520164852432897
37635240096277356221608661183399466587436218286623447958515958528960945455105
37635240096277356221608661183399466587436218286623447958515958531159968710657
37635240096277356221608661183399466587436218286623447958515958533358991966209
37635240096277356221608661183399466587436218286623447958515958542155084988417
37635240096277356221608661183399466587436218286623447958515958544354108243969
37635240096277356221608661183399466587436218286623447958515958546553131499521
37635240096277356221608661183399466587436218286623447958515958555349224521729
37635240096277356221608661183399466587436218286623447958515958557548247777281
37635240096277356221608661183399466587436218286623447958515958559747271032833
37635240096277356221608661183399466587436218286623447958515958568543364055041
37635240096277356221608661183399466587436218286623447958515958570742387310593
37635240096277356221608661183399466587436218286623447958515958572941410566145
37635240096277356221608661183399466587436218286623447958515958581737503588353
37635240096277356221608661183399466587436218286623447958515958583936526843905
37635240096277356221608661183399466587436218286623447958515958586135550099457
37635240096277356221608661183399466587436218286623447958515958594931643121665
37635240096277356221608661183399466587436218286623447958515958597130666377217
37635240096277356221608661183399466587436218286623447958515958599329689632769
37635240096277356221608661183399466587436218286623447958515958608125782654977
37635240096277356221608661183399466587436218286623447958515958610324805910529
37635240096277356221608661183399466587436218286623447958515958612523829166081
37635240096277356221608661183399466587436218286623447958515958621319922188289
37635240096277356221608661183399466587436218286623447958515958623518945443841
37635240096277356221608661183399466587436218286623447958515958625717968699393
37635240096277356221608661183399466587436218286623447958515958634514061721601
37635240096277356221608661183399466587436218286623447958515958636713084977153
37635240096277356221608661183399466587436218286623447958515958638912108232705
37635240096277356221608661183399466587436218286623447958515958647708201254913
37635240096277356221608661183399466587436218286623447958515958649907224510465
37635240096277356221608661183399466587436218286623447958515958652106247766017
37635240096277356221608661183399466587436218286623447958515958660902340788225
37635240096277356221608661183399466587436218286623447958515958663101364043777
37635240096277356221608661183399466587436218286623447958515958665300387299329
37635240096277356221608661183399466587436218286623447958515958674096480321537
37635240096277356221608661183399466587436218286623447958515958676295503577089
37635240096277356221608661183399466587436218286623447958515958678494526832641
37635240096277356221608661183399466587436218286623447958515958687290619854849
37635240096277356221608661183399466587436218286623447958515958689489643110401
37635240096277356221608661183399466587436218286623447958515958691688666365953
37635240096277356221608661183399466587436218286623447958515958700484759388161
37635240096277356221608661183399466587436218286623447958515958702683782643713
37635240096277356221608661183399466587436218286623447958515958704882805899265
37635240096277356221608661183399466587436218286623447958515958713678898921473
37635240096277356221608661183399466587436218286623447958515958715877922177025
37635240096277356221608661183399466587436218286623447958515958718076945432577
37635240096277356221608661183399466587436218286623447958515958726873038454785
37635240096277356221608661183399466587436218286623447958515958729072061710337
37635240096277356221608661183399466587436218286623447958515958731271084965889
37635240096277356221608661183399466587436218286623447958515958740067177988097
37635240096277356221608661183399466587436218286623447958515958742266201243649
37635240096277356221608661183399466587436218286623447958515958744465224499201
37635240096277356221608661183399466587436218286623447958515958753261317521409
37635240096277356221608661183399466587436218286623447958515958755460340776961
37635240096277356221608661183399466587436218286623447958515958757659364032513
37635240096277356221608661183399466587436218286623447958515958766455457054721
37635240096277356221608661183399466587436218286623447958515958768654480310273
37635240096277356221608661183399466587436218286623447958515958770853503565825
37635240096277356221608661183399466587436218286623447958515958779649596588033
37635240096277356221608661183399466587436218286623447958515958781848619843585
37635240096277356221608661183399466587436218286623447958515958784047643099137
37635240096277356221608661183399466587436218286623447958515958792843736121345
37635240096277356221608661183399466587436218286623447958515958795042759376897
37635240096277356221608661183399466587436218286623447958515958797241782632449
37635240096277356221608661183399466587436218286623447958515958806037875654657
37635240096277356221608661183399466587436218286623447958515958808236898910209
37635240096277356221608661183399466587436218286623447958515958810435922165761
37635240096277356221608661183399466587436218286623447958515958819232015187969
37635240096277356221608661183399466587436218286623447958515958821431038443521
37635240096277356221608661183399466587436218286623447958515958823630061699073
37635240096277356221608661183399466587436218286623447958515958832426154721281
37635240096277356221608661183399466587436218286623447958515958834625177976833
37635240096277356221608661183399466587436218286623447958515958836824201232385
37635240096277356221608661183399466587436218286623447958515958845620294254593
37635240096277356221608661183399466587436218286623447958515958847819317510145
37635240096277356221608661183399466587436218286623447958515958850018340765697
37635240096277356221608661183399466587436218286623447958515958858814433787905
37635240096277356221608661183399466587436218286623447958515958861013457043457
37635240096277356221608661183399466587436218286623447958515958863212480299009
37635240096277356221608661183399466587436218286623447958515958872008573321217
37635240096277356221608661183399466587436218286623447958515958874207596576769
37635240096277356221608661183399466587436218286623447958515958876406619832321
37635240096277356221608661183399466587436218286623447958515958885202712854529
37635240096277356221608661183399466587436218286623447958515958887401736110081
37635240096277356221608661183399466587436218286623447958515958889600759365633
37635240096277356221608661183399466587436218286623447958515958898396852387841
37635240096277356221608661183399466587436218286623447958515958900595875643393
37635240096277356221608661183399466587436218286623447958515958902794898898945
37635240096277356221608661183399466587436218286623447958515958911590991921153
37635240096277356221608661183399466587436218286623447958515958913790015176705
37635240096277356221608661183399466587436218286623447958515958915989038432257
37635240096277356221608661183399466587436218286623447958515958924785131454465
37635240096277356221608661183399466587436218286623447958515958926984154710017
37635240096277356221608661183399466587436218286623447958515958929183177965569
37635240096277356221608661183399466587436218286623447958515958937979270987777
37635240096277356221608661183399466587436218286623447958515958940178294243329
37635240096277356221608661183399466587436218286623447958515958942377317498881
37635240096277356221608661183399466587436218286623447958515958947874875637761
37635240096277356221608661183399466587436218286623447958515958950073898893313
37635240096277356221608661183399466587436218286623447958515958952272922148865
37635240096277356221608661183399466587436218286623447958515958961069015171073
37635240096277356221608661183399466587436218286623447958515958963268038426625
37635240096277356221608661183399466587436218286623447958515958965467061682177
37635240096277356221608661183399466587436218286623447958515958974263154704385
37635240096277356221608661183399466587436218286623447958515958976462177959937
37635240096277356221608661183399466587436218286623447958515958978661201215489
37635240096277356221608661183399466587436218286623447958515958987457294237697
37635240096277356221608661183399466587436218286623447958515958989656317493249
37635240096277356221608661183399466587436218286623447958515958991855340748801
37635240096277356221608661183399466587436218286623447958515959000651433771009
37635240096277356221608661183399466587436218286623447958515959002850457026561
37635240096277356221608661183399466587436218286623447958515959005049480282113
37635240096277356221608661183399466587436218286623447958515959013845573304321
37635240096277356221608661183399466587436218286623447958515959016044596559873
37635240096277356221608661183399466587436218286623447958515959018243619815425
37635240096277356221608661183399466587436218286623447958515959027039712837633
37635240096277356221608661183399466587436218286623447958515959029238736093185
37635240096277356221608661183399466587436218286623447958515959031437759348737
37635240096277356221608661183399466587436218286623447958515959040233852370945
37635240096277356221608661183399466587436218286623447958515959042432875626497
37635240096277356221608661183399466587436218286623447958515959044631898882049
37635240096277356221608661183399466587436218286623447958515959053427991904257
37635240096277356221608661183399466587436218286623447958515959055627015159809
37635240096277356221608661183399466587436218286623447958515959057826038415361
37635240096277356221608661183399466587436218286623447958515959066622131437569
37635240096277356221608661183399466587436218286623447958515959068821154693121
37635240096277356221608661183399466587436218286623447958515959071020177948673
37635240096277356221608661183399466587436218286623447958515959079816270970881
37635240096277356221608661183399466587436218286623447958515959082015294226433
37635240096277356221608661183399466587436218286623447958515959084214317481985
37635240096277356221608661183399466587436218286623447958515959093010410504193
37635240096277356221608661183399466587436218286623447958515959095209433759745
37635240096277356221608661183399466587436218286623447958515959097408457015297
37635240096277356221608661183399466587436218286623447958515959106204550037505
37635240096277356221608661183399466587436218286623447958515959108403573293057
37635240096277356221608661183399466587436218286623447958515959110602596548609
37635240096277356221608661183399466587436218286623447958515959119398689570817
37635240096277356221608661183399466587436218286623447958515959121597712826369
37635240096277356221608661183399466587436218286623447958515959123796736081921
37635240096277356221608661183399466587436218286623447958515959132592829104129
37635240096277356221608661183399466587436218286623447958515959134791852359681
37635240096277356221608661183399466587436218286623447958515959139189898870785
37635240096277356221608661183399466587436218286623447958515959147985991892993
37635240096277356221608661183399466587436218286623447958515959150185015148545
37635240096277356221608661183399466587436218286623447958515959152384038404097
37635240096277356221608661183399466587436218286623447958515959161180131426305
37635240096277356221608661183399466587436218286623447958515959163379154681857
37635240096277356221608661183399466587436218286623447958515959165578177937409
37635240096277356221608661183399466587436218286623447958515959174374270959617
37635240096277356221608661183399466587436218286623447958515959176573294215169
37635240096277356221608661183399466587436218286623447958515959178772317470721
37635240096277356221608661183399466587436218286623447958515959187568410492929
37635240096277356221608661183399466587436218286623447958515959189767433748481
37635240096277356221608661183399466587436218286623447958515959191966457004033
37635240096277356221608661183399466587436218286623447958515959200762550026241
37635240096277356221608661183399466587436218286623447958515959202961573281793
37635240096277356221608661183399466587436218286623447958515959205160596537345
37635240096277356221608661183399466587436218286623447958515959213956689559553
37635240096277356221608661183399466587436218286623447958515959216155712815105
37635240096277356221608661183399466587436218286623447958515959218354736070657
37635240096277356221608661183399466587436218286623447958515959227150829092865
37635240096277356221608661183399466587436218286623447958515959229349852348417
37635240096277356221608661183399466587436218286623447958515959231548875603969
37635240096277356221608661183399466587436218286623447958515959240344968626177
37635240096277356221608661183399466587436218286623447958515959242543991881729
37635240096277356221608661183399466587436218286623447958515959244743015137281
37635240096277356221608661183399466587436218286623447958515959253539108159489
37635240096277356221608661183399466587436218286623447958515959255738131415041
37635240096277356221608661183399466587436218286623447958515959257937154670593
37635240096277356221608661183399466587436218286623447958515959266733247692801
37635240096277356221608661183399466587436218286623447958515959268932270948353
37635240096277356221608661183399466587436218286623447958515959271131294203905
37635240096277356221608661183399466587436218286623447958515959279927387226113
37635240096277356221608661183399466587436218286623447958515959282126410481665
37635240096277356221608661183399466587436218286623447958515959284325433737217
37635240096277356221608661183399466587436218286623447958515959293121526759425
37635240096277356221608661183399466587436218286623447958515959295320550014977
37635240096277356221608661183399466587436218286623447958515959297519573270529
37635240096277356221608661183399466587436218286623447958515959306315666292737
37635240096277356221608661183399466587436218286623447958515959308514689548289
37635240096277356221608661183399466587436218286623447958515959310713712803841
37635240096277356221608661183399466587436218286623447958515959319509805826049
37635240096277356221608661183399466587436218286623447958515959321708829081601
37635240096277356221608661183399466587436218286623447958515959323907852337153
37635240096277356221608661183399466587436218286623447958515959332703945359361
37635240096277356221608661183399466587436218286623447958515959334902968614913
37635240096277356221608661183399466587436218286623447958515959337101991870465
37635240096277356221608661183399466587436218286623447958515959345898084892673
37635240096277356221608661183399466587436218286623447958515959348097108148225
37635240096277356221608661183399466587436218286623447958515959350296131403777
37635240096277356221608661183399466587436218286623447958515959359092224425985
37635240096277356221608661183399466587436218286623447958515959361291247681537
37635240096277356221608661183399466587436218286623447958515959363490270937089
37635240096277356221608661183399466587436218286623447958515959372286363959297
37635240096277356221608661183399466587436218286623447958515959374485387214849
37635240096277356221608661183399466587436218286623447958515959376684410470401
37635240096277356221608661183399466587436218286623447958515959385480503492609
37635240096277356221608661183399466587436218286623447958515959387679526748161
37635240096277356221608661183399466587436218286623447958515959389878550003713
37635240096277356221608661183399466587436218286623447958515959398674643025921
37635240096277356221608661183399466587436218286623447958515959400873666281473
37635240096277356221608661183399466587436218286623447958515959403072689537025
37635240096277356221608661183399466587436218286623447958515959411868782559233
37635240096277356221608661183399466587436218286623447958515959414067805814785
37635240096277356221608661183399466587436218286623447958515959416266829070337
37635240096277356221608661183399466587436218286623447958515959425062922092545
37635240096277356221608661183399466587436218286623447958515959427261945348097
37635240096277356221608661183399466587436218286623447958515959429460968603649
37635240096277356221608661183399466587436218286623447958515959438257061625857
37635240096277356221608661183399466587436218286623447958515959440456084881409
37635240096277356221608661183399466587436218286623447958515959442655108136961
37635240096277356221608661183399466587436218286623447958515959451451201159169
37635240096277356221608661183399466587436218286623447958515959453650224414721
37635240096277356221608661183399466587436218286623447958515959455849247670273
37635240096277356221608661183399466587436218286623447958515959464645340692481
37635240096277356221608661183399466587436218286623447958515959466844363948033
37635240096277356221608661183399466587436218286623447958515959469043387203585
37635240096277356221608661183399466587436218286623447958515959477839480225793
37635240096277356221608661183399466587436218286623447958515959480038503481345
37635240096277356221608661183399466587436218286623447958515959482237526736897
37635240096277356221608661183399466587436218286623447958515959491033619759105
37635240096277356221608661183399466587436218286623447958515959493232643014657
37635240096277356221608661183399466587436218286623447958515959495431666270209
37635240096277356221608661183399466587436218286623447958515959504227759292417
37635240096277356221608661183399466587436218286623447958515959506426782547969
37635240096277356221608661183399466587436218286623447958515959508625805803521
37635240096277356221608661183399466587436218286623447958515959517421898825729
37635240096277356221608661183399466587436218286623447958515959519620922081281
37635240096277356221608661183399466587436218286623447958515959521819945336833
37635240096277356221608661183399466587436218286623447958515959530616038359041
37635240096277356221608661183399466587436218286623447958515959532815061614593
37635240096277356221608661183399466587436218286623447958515959535014084870145
37635240096277356221608661183399466587436218286623447958515959543810177892353
37635240096277356221608661183399466587436218286623447958515959546009201147905
37635240096277356221608661183399466587436218286623447958515959548208224403457
37635240096277356221608661183399466587436218286623447958515959557004317425665
37635240096277356221608661183399466587436218286623447958515959559203340681217
37635240096277356221608661183399466587436218286623447958515959561402363936769
37635240096277356221608661183399466587436218286623447958515959570198456958977
37635240096277356221608661183399466587436218286623447958515959572397480214529
37635240096277356221608661183399466587436218286623447958515959574596503470081
37635240096277356221608661183399466587436218286623447958515959583392596492289
37635240096277356221608661183399466587436218286623447958515959585591619747841
37635240096277356221608661183399466587436218286623447958515959587790643003393
37635240096277356221608661183399466587436218286623447958515959596586736025601
37635240096277356221608661183399466587436218286623447958515959598785759281153
37635240096277356221608661183399466587436218286623447958515959600984782536705
37635240096277356221608661183399466587436218286623447958515959609780875558913
37635240096277356221608661183399466587436218286623447958515959615278433697793
37635240096277356221608661183399466587436218286623447958515959617477456953345
37635240096277356221608661183399466587436218286623447958515959626273549975553
37635240096277356221608661183399466587436218286623447958515959628472573231105
37635240096277356221608661183399466587436218286623447958515959630671596486657
37635240096277356221608661183399466587436218286623447958515959639467689508865
37635240096277356221608661183399466587436218286623447958515959641666712764417
37635240096277356221608661183399466587436218286623447958515959643865736019969
37635240096277356221608661183399466587436218286623447958515959652661829042177
37635240096277356221608661183399466587436218286623447958515959654860852297729
37635240096277356221608661183399466587436218286623447958515959657059875553281
37635240096277356221608661183399466587436218286623447958515959665855968575489
37635240096277356221608661183399466587436218286623447958515959668054991831041
37635240096277356221608661183399466587436218286623447958515959670254015086593
37635240096277356221608661183399466587436218286623447958515959679050108108801
37635240096277356221608661183399466587436218286623447958515959681249131364353
37635240096277356221608661183399466587436218286623447958515959683448154619905
37635240096277356221608661183399466587436218286623447958515959692244247642113
37635240096277356221608661183399466587436218286623447958515959694443270897665
37635240096277356221608661183399466587436218286623447958515959696642294153217
37635240096277356221608661183399466587436218286623447958515959705438387175425
37635240096277356221608661183399466587436218286623447958515959707637410430977
37635240096277356221608661183399466587436218286623447958515959709836433686529
37635240096277356221608661183399466587436218286623447958515959718632526708737
37635240096277356221608661183399466587436218286623447958515959720831549964289
37635240096277356221608661183399466587436218286623447958515959723030573219841
37635240096277356221608661183399466587436218286623447958515959732926177869825
37635240096277356221608661183399466587436218286623447958515959735125201125377
37635240096277356221608661183399466587436218286623447958515959737324224380929
37635240096277356221608661183399466587436218286623447958515959746120317403137
37635240096277356221608661183399466587436218286623447958515959748319340658689
37635240096277356221608661183399466587436218286623447958515959750518363914241
37635240096277356221608661183399466587436218286623447958515959759314456936449
37635240096277356221608661183399466587436218286623447958515959761513480192001
37635240096277356221608661183399466587436218286623447958515959763712503447553
37635240096277356221608661183399466587436218286623447958515959772508596469761
37635240096277356221608661183399466587436218286623447958515959774707619725313
37635240096277356221608661183399466587436218286623447958515959776906642980865
37635240096277356221608661183399466587436218286623447958515959785702736003073
37635240096277356221608661183399466587436218286623447958515959787901759258625
37635240096277356221608661183399466587436218286623447958515959790100782514177
37635240096277356221608661183399466587436218286623447958515959796697852280833
37635240096277356221608661183399466587436218286623447958515959798896875536385
37635240096277356221608661183399466587436218286623447958515959801095898791937
37635240096277356221608661183399466587436218286623447958515959812091015069697
37635240096277356221608661183399466587436218286623447958515959814290038325249
37635240096277356221608661183399466587436218286623447958515959816489061580801
37635240096277356221608661183399466587436218286623447958515959825285154603009
37635240096277356221608661183399466587436218286623447958515959827484177858561
37635240096277356221608661183399466587436218286623447958515959829683201114113
37635240096277356221608661183399466587436218286623447958515959838479294136321
37635240096277356221608661183399466587436218286623447958515959840678317391873
37635240096277356221608661183399466587436218286623447958515959842877340647425
37635240096277356221608661183399466587436218286623447958515959851673433669633
37635240096277356221608661183399466587436218286623447958515959853872456925185
37635240096277356221608661183399466587436218286623447958515959856071480180737
37635240096277356221608661183399466587436218286623447958515959864867573202945
37635240096277356221608661183399466587436218286623447958515959867066596458497
37635240096277356221608661183399466587436218286623447958515959869265619714049
37635240096277356221608661183399466587436218286623447958515959878061712736257
37635240096277356221608661183399466587436218286623447958515959880260735991809
37635240096277356221608661183399466587436218286623447958515959882459759247361
37635240096277356221608661183399466587436218286623447958515959891255852269569
37635240096277356221608661183399466587436218286623447958515959893454875525121
37635240096277356221608661183399466587436218286623447958515959895653898780673
37635240096277356221608661183399466587436218286623447958515959904449991802881
37635240096277356221608661183399466587436218286623447958515959906649015058433
37635240096277356221608661183399466587436218286623447958515959908848038313985
37635240096277356221608661183399466587436218286623447958515959917644131336193
37635240096277356221608661183399466587436218286623447958515959919843154591745
37635240096277356221608661183399466587436218286623447958515959922042177847297
37635240096277356221608661183399466587436218286623447958515959930838270869505
37635240096277356221608661183399466587436218286623447958515959933037294125057
37635240096277356221608661183399466587436218286623447958515959935236317380609
37635240096277356221608661183399466587436218286623447958515959944032410402817
37635240096277356221608661183399466587436218286623447958515959946231433658369
37635240096277356221608661183399466587436218286623447958515959948430456913921
37635240096277356221608661183399466587436218286623447958515959957226549936129
37635240096277356221608661183399466587436218286623447958515959959425573191681
37635240096277356221608661183399466587436218286623447958515959961624596447233
37635240096277356221608661183399466587436218286623447958515959970420689469441
37635240096277356221608661183399466587436218286623447958515959972619712724993
37635240096277356221608661183399466587436218286623447958515959974818735980545
37635240096277356221608661183399466587436218286623447958515959983614829002753
37635240096277356221608661183399466587436218286623447958515959985813852258305
37635240096277356221608661183399466587436218286623447958515959988012875513857
37635240096277356221608661183399466587436218286623447958515959996808968536065
37635240096277356221608661183399466587436218286623447958515959999007991791617
37635240096277356221608661183399466587436218286623447958515960001207015047169
37635240096277356221608661183399466587436218286623447958515960010003108069377
37635240096277356221608661183399466587436218286623447958515960012202131324929
37635240096277356221608661183399466587436218286623447958515960014401154580481
37635240096277356221608661183399466587436218286623447958515960023197247602689
37635240096277356221608661183399466587436218286623447958515960025396270858241
37635240096277356221608661183399466587436218286623447958515960027595294113793
37635240096277356221608661183399466587436218286623447958515960036391387136001
37635240096277356221608661183399466587436218286623447958515960038590410391553
37635240096277356221608661183399466587436218286623447958515960040789433647105
37635240096277356221608661183399466587436218286623447958515960049585526669313
37635240096277356221608661183399466587436218286623447958515960051784549924865
37635240096277356221608661183399466587436218286623447958515960053983573180417
37635240096277356221608661183399466587436218286623447958515960062779666202625
37635240096277356221608661183399466587436218286623447958515960064978689458177
37635240096277356221608661183399466587436218286623447958515960067177712713729
37635240096277356221608661183399466587436218286623447958515960075973805735937
37635240096277356221608661183399466587436218286623447958515960078172828991489
37635240096277356221608661183399466587436218286623447958515960080371852247041
37635240096277356221608661183399466587436218286623447958515960089167945269249
37635240096277356221608661183399466587436218286623447958515960091366968524801
37635240096277356221608661183399466587436218286623447958515960093565991780353
37635240096277356221608661183399466587436218286623447958515960104561108058113
37635240096277356221608661183399466587436218286623447958515960106760131313665
37635240096277356221608661183399466587436218286623447958515960108959154569217
37635240096277356221608661183399466587436218286623447958515960117755247591425
37635240096277356221608661183399466587436218286623447958515960119954270846977
37635240096277356221608661183399466587436218286623447958515960122153294102529
37635240096277356221608661183399466587436218286623447958515960130949387124737
37635240096277356221608661183399466587436218286623447958515960133148410380289
37635240096277356221608661183399466587436218286623447958515960135347433635841
37635240096277356221608661183399466587436218286623447958515960144143526658049
37635240096277356221608661183399466587436218286623447958515960146342549913601
37635240096277356221608661183399466587436218286623447958515960148541573169153
37635240096277356221608661183399466587436218286623447958515960157337666191361
37635240096277356221608661183399466587436218286623447958515960159536689446913
37635240096277356221608661183399466587436218286623447958515960161735712702465
37635240096277356221608661183399466587436218286623447958515960170531805724673
37635240096277356221608661183399466587436218286623447958515960172730828980225
37635240096277356221608661183399466587436218286623447958515960174929852235777
37635240096277356221608661183399466587436218286623447958515960183725945257985
37635240096277356221608661183399466587436218286623447958515960185924968513537
37635240096277356221608661183399466587436218286623447958515960188123991769089
37635240096277356221608661183399466587436218286623447958515960196920084791297
37635240096277356221608661183399466587436218286623447958515960199119108046849
37635240096277356221608661183399466587436218286623447958515960201318131302401
37635240096277356221608661183399466587436218286623447958515960210114224324609
37635240096277356221608661183399466587436218286623447958515960212313247580161
37635240096277356221608661183399466587436218286623447958515960214512270835713
37635240096277356221608661183399466587436218286623447958515960223308363857921
37635240096277356221608661183399466587436218286623447958515960225507387113473
37635240096277356221608661183399466587436218286623447958515960227706410369025
37635240096277356221608661183399466587436218286623447958515960236502503391233
37635240096277356221608661183399466587436218286623447958515960238701526646785
37635240096277356221608661183399466587436218286623447958515960239801038274561
37635240096277356221608661183399466587436218286623447958515960247497619668993
37635240096277356221608661183399466587436218286623447958515960249696642924545
37635240096277356221608661183399466587436218286623447958515960251895666180097
37635240096277356221608661183399466587436218286623447958515960260691759202305
37635240096277356221608661183399466587436218286623447958515960262890782457857
37635240096277356221608661183399466587436218286623447958515960265089805713409
37635240096277356221608661183399466587436218286623447958515960273885898735617
37635240096277356221608661183399466587436218286623447958515960276084921991169
37635240096277356221608661183399466587436218286623447958515960278283945246721
37635240096277356221608661183399466587436218286623447958515960287080038268929
37635240096277356221608661183399466587436218286623447958515960289279061524481
37635240096277356221608661183399466587436218286623447958515960291478084780033
37635240096277356221608661183399466587436218286623447958515960300274177802241
37635240096277356221608661183399466587436218286623447958515960302473201057793
37635240096277356221608661183399466587436218286623447958515960304672224313345
37635240096277356221608661183399466587436218286623447958515960313468317335553
37635240096277356221608661183399466587436218286623447958515960315667340591105
37635240096277356221608661183399466587436218286623447958515960317866363846657
37635240096277356221608661183399466587436218286623447958515960326662456868865
37635240096277356221608661183399466587436218286623447958515960328861480124417
37635240096277356221608661183399466587436218286623447958515960331060503379969
37635240096277356221608661183399466587436218286623447958515960339856596402177
37635240096277356221608661183399466587436218286623447958515960342055619657729
37635240096277356221608661183399466587436218286623447958515960344254642913281
37635240096277356221608661183399466587436218286623447958515960353050735935489
37635240096277356221608661183399466587436218286623447958515960355249759191041
37635240096277356221608661183399466587436218286623447958515960357448782446593
37635240096277356221608661183399466587436218286623447958515960366244875468801
37635240096277356221608661183399466587436218286623447958515960368443898724353
37635240096277356221608661183399466587436218286623447958515960370642921979905
37635240096277356221608661183399466587436218286623447958515960379439015002113
37635240096277356221608661183399466587436218286623447958515960381638038257665
37635240096277356221608661183399466587436218286623447958515960383837061513217
37635240096277356221608661183399466587436218286623447958515960392633154535425
37635240096277356221608661183399466587436218286623447958515960393732666163201
37635240096277356221608661183399466587436218286623447958515960394832177790977
37635240096277356221608661183399466587436218286623447958515960403628270813185
37635240096277356221608661183399466587436218286623447958515960405827294068737
37635240096277356221608661183399466587436218286623447958515960408026317324289
37635240096277356221608661183399466587436218286623447958515960416822410346497
37635240096277356221608661183399466587436218286623447958515960419021433602049
37635240096277356221608661183399466587436218286623447958515960421220456857601
37635240096277356221608661183399466587436218286623447958515960430016549879809
37635240096277356221608661183399466587436218286623447958515960432215573135361
37635240096277356221608661183399466587436218286623447958515960434414596390913
37635240096277356221608661183399466587436218286623447958515960443210689413121
37635240096277356221608661183399466587436218286623447958515960445409712668673
37635240096277356221608661183399466587436218286623447958515960447608735924225
37635240096277356221608661183399466587436218286623447958515960456404828946433
37635240096277356221608661183399466587436218286623447958515960458603852201985
37635240096277356221608661183399466587436218286623447958515960460802875457537
37635240096277356221608661183399466587436218286623447958515960469598968479745
37635240096277356221608661183399466587436218286623447958515960471797991735297
37635240096277356221608661183399466587436218286623447958515960473997014990849
37635240096277356221608661183399466587436218286623447958515960482793108013057
37635240096277356221608661183399466587436218286623447958515960484992131268609
37635240096277356221608661183399466587436218286623447958515960487191154524161
37635240096277356221608661183399466587436218286623447958515960495987247546369
37635240096277356221608661183399466587436218286623447958515960498186270801921
37635240096277356221608661183399466587436218286623447958515960500385294057473
37635240096277356221608661183399466587436218286623447958515960509181387079681
37635240096277356221608661183399466587436218286623447958515960511380410335233
37635240096277356221608661183399466587436218286623447958515960513579433590785
37635240096277356221608661183399466587436218286623447958515960522375526612993
37635240096277356221608661183399466587436218286623447958515960524574549868545
37635240096277356221608661183399466587436218286623447958515960526773573124097
37635240096277356221608661183399466587436218286623447958515960535569666146305
37635240096277356221608661183399466587436218286623447958515960537768689401857
37635240096277356221608661183399466587436218286623447958515960539967712657409
37635240096277356221608661183399466587436218286623447958515960548763805679617
37635240096277356221608661183399466587436218286623447958515960550962828935169
37635240096277356221608661183399466587436218286623447958515960553161852190721
37635240096277356221608661183399466587436218286623447958515960561957945212929
37635240096277356221608661183399466587436218286623447958515960564156968468481
37635240096277356221608661183399466587436218286623447958515960566355991724033
37635240096277356221608661183399466587436218286623447958515960575152084746241
37635240096277356221608661183399466587436218286623447958515960577351108001793
37635240096277356221608661183399466587436218286623447958515960579550131257345
37635240096277356221608661183399466587436218286623447958515960588346224279553
37635240096277356221608661183399466587436218286623447958515960590545247535105
37635240096277356221608661183399466587436218286623447958515960592744270790657
37635240096277356221608661183399466587436218286623447958515960601540363812865
37635240096277356221608661183399466587436218286623447958515960603739387068417
37635240096277356221608661183399466587436218286623447958515960605938410323969
37635240096277356221608661183399466587436218286623447958515960614734503346177
37635240096277356221608661183399466587436218286623447958515960616933526601729
37635240096277356221608661183399466587436218286623447958515960619132549857281
37635240096277356221608661183399466587436218286623447958515960630127666135041
37635240096277356221608661183399466587436218286623447958515960632326689390593
37635240096277356221608661183399466587436218286623447958515960634525712646145
37635240096277356221608661183399466587436218286623447958515960643321805668353
37635240096277356221608661183399466587436218286623447958515960645520828923905
37635240096277356221608661183399466587436218286623447958515960647719852179457
37635240096277356221608661183399466587436218286623447958515960656515945201665
37635240096277356221608661183399466587436218286623447958515960658714968457217
37635240096277356221608661183399466587436218286623447958515960660913991712769
37635240096277356221608661183399466587436218286623447958515960669710084734977
37635240096277356221608661183399466587436218286623447958515960671909107990529
37635240096277356221608661183399466587436218286623447958515960674108131246081
37635240096277356221608661183399466587436218286623447958515960682904224268289
37635240096277356221608661183399466587436218286623447958515960685103247523841
37635240096277356221608661183399466587436218286623447958515960687302270779393
37635240096277356221608661183399466587436218286623447958515960696098363801601
37635240096277356221608661183399466587436218286623447958515960698297387057153
37635240096277356221608661183399466587436218286623447958515960700496410312705
37635240096277356221608661183399466587436218286623447958515960709292503334913
37635240096277356221608661183399466587436218286623447958515960711491526590465
37635240096277356221608661183399466587436218286623447958515960713690549846017
37635240096277356221608661183399466587436218286623447958515960722486642868225
37635240096277356221608661183399466587436218286623447958515960724685666123777
37635240096277356221608661183399466587436218286623447958515960726884689379329
37635240096277356221608661183399466587436218286623447958515960735680782401537
37635240096277356221608661183399466587436218286623447958515960737879805657089
37635240096277356221608661183399466587436218286623447958515960740078828912641
37635240096277356221608661183399466587436218286623447958515960748874921934849
37635240096277356221608661183399466587436218286623447958515960751073945190401
37635240096277356221608661183399466587436218286623447958515960753272968445953
37635240096277356221608661183399466587436218286623447958515960762069061468161
37635240096277356221608661183399466587436218286623447958515960764268084723713
37635240096277356221608661183399466587436218286623447958515960766467107979265
37635240096277356221608661183399466587436218286623447958515960775263201001473
37635240096277356221608661183399466587436218286623447958515960777462224257025
37635240096277356221608661183399466587436218286623447958515960779661247512577
37635240096277356221608661183399466587436218286623447958515960788457340534785
37635240096277356221608661183399466587436218286623447958515960790656363790337
37635240096277356221608661183399466587436218286623447958515960792855387045889
37635240096277356221608661183399466587436218286623447958515960801651480068097
37635240096277356221608661183399466587436218286623447958515960803850503323649
37635240096277356221608661183399466587436218286623447958515960806049526579201
37635240096277356221608661183399466587436218286623447958515960814845619601409
37635240096277356221608661183399466587436218286623447958515960817044642856961
37635240096277356221608661183399466587436218286623447958515960819243666112513
37635240096277356221608661183399466587436218286623447958515960828039759134721
37635240096277356221608661183399466587436218286623447958515960830238782390273
37635240096277356221608661183399466587436218286623447958515960832437805645825
37635240096277356221608661183399466587436218286623447958515960841233898668033
37635240096277356221608661183399466587436218286623447958515960843432921923585
37635240096277356221608661183399466587436218286623447958515960845631945179137
37635240096277356221608661183399466587436218286623447958515960854428038201345
37635240096277356221608661183399466587436218286623447958515960856627061456897
37635240096277356221608661183399466587436218286623447958515960858826084712449
37635240096277356221608661183399466587436218286623447958515960867622177734657
37635240096277356221608661183399466587436218286623447958515960869821200990209
37635240096277356221608661183399466587436218286623447958515960872020224245761
37635240096277356221608661183399466587436218286623447958515960880816317267969
37635240096277356221608661183399466587436218286623447958515960883015340523521
37635240096277356221608661183399466587436218286623447958515960885214363779073
37635240096277356221608661183399466587436218286623447958515960894010456801281
37635240096277356221608661183399466587436218286623447958515960896209480056833
37635240096277356221608661183399466587436218286623447958515960898408503312385
37635240096277356221608661183399466587436218286623447958515960907204596334593
37635240096277356221608661183399466587436218286623447958515960909403619590145
37635240096277356221608661183399466587436218286623447958515960911602642845697
37635240096277356221608661183399466587436218286623447958515960920398735867905
37635240096277356221608661183399466587436218286623447958515960922597759123457
37635240096277356221608661183399466587436218286623447958515960924796782379009
37635240096277356221608661183399466587436218286623447958515960932493363773441
37635240096277356221608661183399466587436218286623447958515960934692387028993
37635240096277356221608661183399466587436218286623447958515960936891410284545
37635240096277356221608661183399466587436218286623447958515960945687503306753
37635240096277356221608661183399466587436218286623447958515960947886526562305
37635240096277356221608661183399466587436218286623447958515960950085549817857
37635240096277356221608661183399466587436218286623447958515960958881642840065
37635240096277356221608661183399466587436218286623447958515960961080666095617
37635240096277356221608661183399466587436218286623447958515960963279689351169
37635240096277356221608661183399466587436218286623447958515960972075782373377
37635240096277356221608661183399466587436218286623447958515960974274805628929
37635240096277356221608661183399466587436218286623447958515960976473828884481
37635240096277356221608661183399466587436218286623447958515960985269921906689
37635240096277356221608661183399466587436218286623447958515960987468945162241
37635240096277356221608661183399466587436218286623447958515960989667968417793
37635240096277356221608661183399466587436218286623447958515960998464061440001
37635240096277356221608661183399466587436218286623447958515961000663084695553
37635240096277356221608661183399466587436218286623447958515961002862107951105
37635240096277356221608661183399466587436218286623447958515961011658200973313
37635240096277356221608661183399466587436218286623447958515961013857224228865
37635240096277356221608661183399466587436218286623447958515961016056247484417
37635240096277356221608661183399466587436218286623447958515961024852340506625
37635240096277356221608661183399466587436218286623447958515961027051363762177
37635240096277356221608661183399466587436218286623447958515961029250387017729
37635240096277356221608661183399466587436218286623447958515961038046480039937
37635240096277356221608661183399466587436218286623447958515961040245503295489
37635240096277356221608661183399466587436218286623447958515961042444526551041
37635240096277356221608661183399466587436218286623447958515961051240619573249
37635240096277356221608661183399466587436218286623447958515961053439642828801
37635240096277356221608661183399466587436218286623447958515961055638666084353
37635240096277356221608661183399466587436218286623447958515961064434759106561
37635240096277356221608661183399466587436218286623447958515961066633782362113
37635240096277356221608661183399466587436218286623447958515961068832805617665
37635240096277356221608661183399466587436218286623447958515961077628898639873
37635240096277356221608661183399466587436218286623447958515961079827921895425
37635240096277356221608661183399466587436218286623447958515961082026945150977
37635240096277356221608661183399466587436218286623447958515961090823038173185
37635240096277356221608661183399466587436218286623447958515961093022061428737
37635240096277356221608661183399466587436218286623447958515961095221084684289
37635240096277356221608661183399466587436218286623447958515961104017177706497
37635240096277356221608661183399466587436218286623447958515961106216200962049
37635240096277356221608661183399466587436218286623447958515961108415224217601
37635240096277356221608661183399466587436218286623447958515961117211317239809
37635240096277356221608661183399466587436218286623447958515961119410340495361
37635240096277356221608661183399466587436218286623447958515961121609363750913
37635240096277356221608661183399466587436218286623447958515961130405456773121
37635240096277356221608661183399466587436218286623447958515961132604480028673
37635240096277356221608661183399466587436218286623447958515961134803503284225
37635240096277356221608661183399466587436218286623447958515961143599596306433
37635240096277356221608661183399466587436218286623447958515961145798619561985
37635240096277356221608661183399466587436218286623447958515961147997642817537
37635240096277356221608661183399466587436218286623447958515961156793735839745
37635240096277356221608661183399466587436218286623447958515961158992759095297
37635240096277356221608661183399466587436218286623447958515961161191782350849
37635240096277356221608661183399466587436218286623447958515961169987875373057
37635240096277356221608661183399466587436218286623447958515961172186898628609
37635240096277356221608661183399466587436218286623447958515961174385921884161
37635240096277356221608661183399466587436218286623447958515961183182014906369
37635240096277356221608661183399466587436218286623447958515961185381038161921
37635240096277356221608661183399466587436218286623447958515961187580061417473
37635240096277356221608661183399466587436218286623447958515961196376154439681
37635240096277356221608661183399466587436218286623447958515961198575177695233
37635240096277356221608661183399466587436218286623447958515961200774200950785
37635240096277356221608661183399466587436218286623447958515961209570293972993
37635240096277356221608661183399466587436218286623447958515961211769317228545
37635240096277356221608661183399466587436218286623447958515961213968340484097
37635240096277356221608661183399466587436218286623447958515961222764433506305
37635240096277356221608661183399466587436218286623447958515961224963456761857
37635240096277356221608661183399466587436218286623447958515961227162480017409
37635240096277356221608661183399466587436218286623447958515961235958573039617
37635240096277356221608661183399466587436218286623447958515961238157596295169
37635240096277356221608661183399466587436218286623447958515961240356619550721
37635240096277356221608661183399466587436218286623447958515961249152712572929
37635240096277356221608661183399466587436218286623447958515961251351735828481
37635240096277356221608661183399466587436218286623447958515961253550759084033
37635240096277356221608661183399466587436218286623447958515961262346852106241
37635240096277356221608661183399466587436218286623447958515961264545875361793
37635240096277356221608661183399466587436218286623447958515961266744898617345
37635240096277356221608661183399466587436218286623447958515961275540991639553
37635240096277356221608661183399466587436218286623447958515961277740014895105
37635240096277356221608661183399466587436218286623447958515961279939038150657
37635240096277356221608661183399466587436218286623447958515961288735131172865
37635240096277356221608661183399466587436218286623447958515961293133177683969
37635240096277356221608661183399466587436218286623447958515961295332200939521
37635240096277356221608661183399466587436218286623447958515961304128293961729
37635240096277356221608661183399466587436218286623447958515961306327317217281
37635240096277356221608661183399466587436218286623447958515961308526340472833
37635240096277356221608661183399466587436218286623447958515961317322433495041
37635240096277356221608661183399466587436218286623447958515961319521456750593
37635240096277356221608661183399466587436218286623447958515961321720480006145
37635240096277356221608661183399466587436218286623447958515961330516573028353
37635240096277356221608661183399466587436218286623447958515961332715596283905
37635240096277356221608661183399466587436218286623447958515961334914619539457
37635240096277356221608661183399466587436218286623447958515961343710712561665
37635240096277356221608661183399466587436218286623447958515961345909735817217
37635240096277356221608661183399466587436218286623447958515961348108759072769
37635240096277356221608661183399466587436218286623447958515961356904852094977
37635240096277356221608661183399466587436218286623447958515961359103875350529
37635240096277356221608661183399466587436218286623447958515961361302898606081
37635240096277356221608661183399466587436218286623447958515961370098991628289
37635240096277356221608661183399466587436218286623447958515961372298014883841
37635240096277356221608661183399466587436218286623447958515961374497038139393
37635240096277356221608661183399466587436218286623447958515961386591666044929
37635240096277356221608661183399466587436218286623447958515961388790689300481
37635240096277356221608661183399466587436218286623447958515961390989712556033
37635240096277356221608661183399466587436218286623447958515961399785805578241
37635240096277356221608661183399466587436218286623447958515961401984828833793
37635240096277356221608661183399466587436218286623447958515961404183852089345
37635240096277356221608661183399466587436218286623447958515961412979945111553
37635240096277356221608661183399466587436218286623447958515961415178968367105
37635240096277356221608661183399466587436218286623447958515961417377991622657
37635240096277356221608661183399466587436218286623447958515961426174084644865
37635240096277356221608661183399466587436218286623447958515961428373107900417
37635240096277356221608661183399466587436218286623447958515961430572131155969
37635240096277356221608661183399466587436218286623447958515961439368224178177
37635240096277356221608661183399466587436218286623447958515961441567247433729
37635240096277356221608661183399466587436218286623447958515961443766270689281
37635240096277356221608661183399466587436218286623447958515961452562363711489
37635240096277356221608661183399466587436218286623447958515961454761386967041
37635240096277356221608661183399466587436218286623447958515961456960410222593
37635240096277356221608661183399466587436218286623447958515961465756503244801
37635240096277356221608661183399466587436218286623447958515961467955526500353
37635240096277356221608661183399466587436218286623447958515961470154549755905
37635240096277356221608661183399466587436218286623447958515961478950642778113
37635240096277356221608661183399466587436218286623447958515961481149666033665
37635240096277356221608661183399466587436218286623447958515961483348689289217
37635240096277356221608661183399466587436218286623447958515961492144782311425
37635240096277356221608661183399466587436218286623447958515961494343805566977
37635240096277356221608661183399466587436218286623447958515961496542828822529
37635240096277356221608661183399466587436218286623447958515961505338921844737
37635240096277356221608661183399466587436218286623447958515961507537945100289
37635240096277356221608661183399466587436218286623447958515961509736968355841
37635240096277356221608661183399466587436218286623447958515961518533061378049
37635240096277356221608661183399466587436218286623447958515961520732084633601
37635240096277356221608661183399466587436218286623447958515961522931107889153
37635240096277356221608661183399466587436218286623447958515961531727200911361
37635240096277356221608661183399466587436218286623447958515961533926224166913
37635240096277356221608661183399466587436218286623447958515961536125247422465
37635240096277356221608661183399466587436218286623447958515961544921340444673
37635240096277356221608661183399466587436218286623447958515961547120363700225
37635240096277356221608661183399466587436218286623447958515961549319386955777
37635240096277356221608661183399466587436218286623447958515961558115479977985
37635240096277356221608661183399466587436218286623447958515961560314503233537
37635240096277356221608661183399466587436218286623447958515961562513526489089
37635240096277356221608661183399466587436218286623447958515961571309619511297
37635240096277356221608661183399466587436218286623447958515961573508642766849
37635240096277356221608661183399466587436218286623447958515961575707666022401
37635240096277356221608661183399466587436218286623447958515961584503759044609
37635240096277356221608661183399466587436218286623447958515961586702782300161
37635240096277356221608661183399466587436218286623447958515961588901805555713
37635240096277356221608661183399466587436218286623447958515961597697898577921
37635240096277356221608661183399466587436218286623447958515961599896921833473
37635240096277356221608661183399466587436218286623447958515961602095945089025
37635240096277356221608661183399466587436218286623447958515961610892038111233
37635240096277356221608661183399466587436218286623447958515961613091061366785
37635240096277356221608661183399466587436218286623447958515961615290084622337
37635240096277356221608661183399466587436218286623447958515961624086177644545
37635240096277356221608661183399466587436218286623447958515961626285200900097
37635240096277356221608661183399466587436218286623447958515961628484224155649
37635240096277356221608661183399466587436218286623447958515961637280317177857
37635240096277356221608661183399466587436218286623447958515961639479340433409
37635240096277356221608661183399466587436218286623447958515961641678363688961
37635240096277356221608661183399466587436218286623447958515961650474456711169
37635240096277356221608661183399466587436218286623447958515961652673479966721
37635240096277356221608661183399466587436218286623447958515961654872503222273
37635240096277356221608661183399466587436218286623447958515961663668596244481
37635240096277356221608661183399466587436218286623447958515961665867619500033
37635240096277356221608661183399466587436218286623447958515961668066642755585
37635240096277356221608661183399466587436218286623447958515961676862735777793
37635240096277356221608661183399466587436218286623447958515961679061759033345
37635240096277356221608661183399466587436218286623447958515961681260782288897
37635240096277356221608661183399466587436218286623447958515961690056875311105
37635240096277356221608661183399466587436218286623447958515961692255898566657
37635240096277356221608661183399466587436218286623447958515961694454921822209
37635240096277356221608661183399466587436218286623447958515961703251014844417
37635240096277356221608661183399466587436218286623447958515961705450038099969
37635240096277356221608661183399466587436218286623447958515961707649061355521
37635240096277356221608661183399466587436218286623447958515961716445154377729
37635240096277356221608661183399466587436218286623447958515961718644177633281
37635240096277356221608661183399466587436218286623447958515961720843200888833
37635240096277356221608661183399466587436218286623447958515961729639293911041
37635240096277356221608661183399466587436218286623447958515961731838317166593
37635240096277356221608661183399466587436218286623447958515961734037340422145
37635240096277356221608661183399466587436218286623447958515961742833433444353
37635240096277356221608661183399466587436218286623447958515961745032456699905
37635240096277356221608661183399466587436218286623447958515961747231479955457
37635240096277356221608661183399466587436218286623447958515961756027572977665
37635240096277356221608661183399466587436218286623447958515961758226596233217
37635240096277356221608661183399466587436218286623447958515961760425619488769
37635240096277356221608661183399466587436218286623447958515961769221712510977
37635240096277356221608661183399466587436218286623447958515961771420735766529
37635240096277356221608661183399466587436218286623447958515961773619759022081
37635240096277356221608661183399466587436218286623447958515961782415852044289
37635240096277356221608661183399466587436218286623447958515961784614875299841
37635240096277356221608661183399466587436218286623447958515961786813898555393
37635240096277356221608661183399466587436218286623447958515961795609991577601
37635240096277356221608661183399466587436218286623447958515961797809014833153
37635240096277356221608661183399466587436218286623447958515961800008038088705
37635240096277356221608661183399466587436218286623447958515961808804131110913
37635240096277356221608661183399466587436218286623447958515961811003154366465
37635240096277356221608661183399466587436218286623447958515961813202177622017
37635240096277356221608661183399466587436218286623447958515961821998270644225
37635240096277356221608661183399466587436218286623447958515961824197293899777
37635240096277356221608661183399466587436218286623447958515961826396317155329
37635240096277356221608661183399466587436218286623447958515961835192410177537
37635240096277356221608661183399466587436218286623447958515961837391433433089
37635240096277356221608661183399466587436218286623447958515961839590456688641
37635240096277356221608661183399466587436218286623447958515961848386549710849
37635240096277356221608661183399466587436218286623447958515961850585572966401
37635240096277356221608661183399466587436218286623447958515961852784596221953
37635240096277356221608661183399466587436218286623447958515961861580689244161
37635240096277356221608661183399466587436218286623447958515961863779712499713
37635240096277356221608661183399466587436218286623447958515961865978735755265
37635240096277356221608661183399466587436218286623447958515961874774828777473
37635240096277356221608661183399466587436218286623447958515961876973852033025
37635240096277356221608661183399466587436218286623447958515961879172875288577
37635240096277356221608661183399466587436218286623447958515961887968968310785
37635240096277356221608661183399466587436218286623447958515961890167991566337
37635240096277356221608661183399466587436218286623447958515961892367014821889
37635240096277356221608661183399466587436218286623447958515961901163107844097
37635240096277356221608661183399466587436218286623447958515961903362131099649
37635240096277356221608661183399466587436218286623447958515961905561154355201
37635240096277356221608661183399466587436218286623447958515961914357247377409
37635240096277356221608661183399466587436218286623447958515961916556270632961
37635240096277356221608661183399466587436218286623447958515961918755293888513
37635240096277356221608661183399466587436218286623447958515961927551386910721
37635240096277356221608661183399466587436218286623447958515961930849921794049
37635240096277356221608661183399466587436218286623447958515961935247968305153
37635240096277356221608661183399466587436218286623447958515961944044061327361
37635240096277356221608661183399466587436218286623447958515961946243084582913
37635240096277356221608661183399466587436218286623447958515961948442107838465
37635240096277356221608661183399466587436218286623447958515961957238200860673
37635240096277356221608661183399466587436218286623447958515961959437224116225
37635240096277356221608661183399466587436218286623447958515961961636247371777
37635240096277356221608661183399466587436218286623447958515961970432340393985
37635240096277356221608661183399466587436218286623447958515961972631363649537
37635240096277356221608661183399466587436218286623447958515961974830386905089
37635240096277356221608661183399466587436218286623447958515961983626479927297
37635240096277356221608661183399466587436218286623447958515961985825503182849
37635240096277356221608661183399466587436218286623447958515961988024526438401
37635240096277356221608661183399466587436218286623447958515961996820619460609
37635240096277356221608661183399466587436218286623447958515961999019642716161
37635240096277356221608661183399466587436218286623447958515962001218665971713
37635240096277356221608661183399466587436218286623447958515962010014758993921
37635240096277356221608661183399466587436218286623447958515962012213782249473
37635240096277356221608661183399466587436218286623447958515962014412805505025
37635240096277356221608661183399466587436218286623447958515962023208898527233
37635240096277356221608661183399466587436218286623447958515962025407921782785
37635240096277356221608661183399466587436218286623447958515962027606945038337
37635240096277356221608661183399466587436218286623447958515962036403038060545
37635240096277356221608661183399466587436218286623447958515962038602061316097
37635240096277356221608661183399466587436218286623447958515962040801084571649
37635240096277356221608661183399466587436218286623447958515962049597177593857
37635240096277356221608661183399466587436218286623447958515962051796200849409
37635240096277356221608661183399466587436218286623447958515962053995224104961
37635240096277356221608661183399466587436218286623447958515962062791317127169
37635240096277356221608661183399466587436218286623447958515962064990340382721
37635240096277356221608661183399466587436218286623447958515962067189363638273
37635240096277356221608661183399466587436218286623447958515962075985456660481
37635240096277356221608661183399466587436218286623447958515962078184479916033
37635240096277356221608661183399466587436218286623447958515962079283991543809
37635240096277356221608661183399466587436218286623447958515962086980572938241
37635240096277356221608661183399466587436218286623447958515962089179596193793
37635240096277356221608661183399466587436218286623447958515962091378619449345
37635240096277356221608661183399466587436218286623447958515962100174712471553
37635240096277356221608661183399466587436218286623447958515962102373735727105
37635240096277356221608661183399466587436218286623447958515962104572758982657
37635240096277356221608661183399466587436218286623447958515962113368852004865
37635240096277356221608661183399466587436218286623447958515962115567875260417
37635240096277356221608661183399466587436218286623447958515962117766898515969
37635240096277356221608661183399466587436218286623447958515962126562991538177
37635240096277356221608661183399466587436218286623447958515962128762014793729
37635240096277356221608661183399466587436218286623447958515962130961038049281
37635240096277356221608661183399466587436218286623447958515962139757131071489
37635240096277356221608661183399466587436218286623447958515962141956154327041
37635240096277356221608661183399466587436218286623447958515962144155177582593
37635240096277356221608661183399466587436218286623447958515962152951270604801
37635240096277356221608661183399466587436218286623447958515962155150293860353
37635240096277356221608661183399466587436218286623447958515962157349317115905
37635240096277356221608661183399466587436218286623447958515962166145410138113
37635240096277356221608661183399466587436218286623447958515962168344433393665
37635240096277356221608661183399466587436218286623447958515962170543456649217
37635240096277356221608661183399466587436218286623447958515962179339549671425
37635240096277356221608661183399466587436218286623447958515962181538572926977
37635240096277356221608661183399466587436218286623447958515962183737596182529
37635240096277356221608661183399466587436218286623447958515962192533689204737
37635240096277356221608661183399466587436218286623447958515962194732712460289
37635240096277356221608661183399466587436218286623447958515962196931735715841
37635240096277356221608661183399466587436218286623447958515962205727828738049
37635240096277356221608661183399466587436218286623447958515962207926851993601
37635240096277356221608661183399466587436218286623447958515962210125875249153
37635240096277356221608661183399466587436218286623447958515962218921968271361
37635240096277356221608661183399466587436218286623447958515962221120991526913
37635240096277356221608661183399466587436218286623447958515962223320014782465
37635240096277356221608661183399466587436218286623447958515962232116107804673
37635240096277356221608661183399466587436218286623447958515962234315131060225
37635240096277356221608661183399466587436218286623447958515962236514154315777
37635240096277356221608661183399466587436218286623447958515962245310247337985
37635240096277356221608661183399466587436218286623447958515962247509270593537
37635240096277356221608661183399466587436218286623447958515962249708293849089
37635240096277356221608661183399466587436218286623447958515962258504386871297
37635240096277356221608661183399466587436218286623447958515962260703410126849
37635240096277356221608661183399466587436218286623447958515962262902433382401
37635240096277356221608661183399466587436218286623447958515962271698526404609
37635240096277356221608661183399466587436218286623447958515962273897549660161
37635240096277356221608661183399466587436218286623447958515962276096572915713
37635240096277356221608661183399466587436218286623447958515962284892665937921
37635240096277356221608661183399466587436218286623447958515962287091689193473
37635240096277356221608661183399466587436218286623447958515962289290712449025
37635240096277356221608661183399466587436218286623447958515962298086805471233
37635240096277356221608661183399466587436218286623447958515962300285828726785
37635240096277356221608661183399466587436218286623447958515962304683875237889
37635240096277356221608661183399466587436218286623447958515962313479968260097
37635240096277356221608661183399466587436218286623447958515962315678991515649
37635240096277356221608661183399466587436218286623447958515962317878014771201
37635240096277356221608661183399466587436218286623447958515962326674107793409
37635240096277356221608661183399466587436218286623447958515962328873131048961
37635240096277356221608661183399466587436218286623447958515962331072154304513
37635240096277356221608661183399466587436218286623447958515962339868247326721
37635240096277356221608661183399466587436218286623447958515962342067270582273
37635240096277356221608661183399466587436218286623447958515962344266293837825
37635240096277356221608661183399466587436218286623447958515962353062386860033
37635240096277356221608661183399466587436218286623447958515962355261410115585
37635240096277356221608661183399466587436218286623447958515962357460433371137
37635240096277356221608661183399466587436218286623447958515962366256526393345
37635240096277356221608661183399466587436218286623447958515962368455549648897
37635240096277356221608661183399466587436218286623447958515962370654572904449
37635240096277356221608661183399466587436218286623447958515962379450665926657
37635240096277356221608661183399466587436218286623447958515962381649689182209
37635240096277356221608661183399466587436218286623447958515962383848712437761
37635240096277356221608661183399466587436218286623447958515962392644805459969
37635240096277356221608661183399466587436218286623447958515962394843828715521
37635240096277356221608661183399466587436218286623447958515962397042851971073
37635240096277356221608661183399466587436218286623447958515962405838944993281
37635240096277356221608661183399466587436218286623447958515962408037968248833
37635240096277356221608661183399466587436218286623447958515962410236991504385
37635240096277356221608661183399466587436218286623447958515962419033084526593
37635240096277356221608661183399466587436218286623447958515962421232107782145
37635240096277356221608661183399466587436218286623447958515962423431131037697
37635240096277356221608661183399466587436218286623447958515962432227224059905
37635240096277356221608661183399466587436218286623447958515962434426247315457
37635240096277356221608661183399466587436218286623447958515962436625270571009
37635240096277356221608661183399466587436218286623447958515962445421363593217
37635240096277356221608661183399466587436218286623447958515962447620386848769
37635240096277356221608661183399466587436218286623447958515962449819410104321
37635240096277356221608661183399466587436218286623447958515962458615503126529
37635240096277356221608661183399466587436218286623447958515962460814526382081
37635240096277356221608661183399466587436218286623447958515962463013549637633
37635240096277356221608661183399466587436218286623447958515962471809642659841
37635240096277356221608661183399466587436218286623447958515962474008665915393
37635240096277356221608661183399466587436218286623447958515962476207689170945
37635240096277356221608661183399466587436218286623447958515962482804758937601
37635240096277356221608661183399466587436218286623447958515962487202805448705
37635240096277356221608661183399466587436218286623447958515962489401828704257
37635240096277356221608661183399466587436218286623447958515962498197921726465
37635240096277356221608661183399466587436218286623447958515962500396944982017
37635240096277356221608661183399466587436218286623447958515962502595968237569
37635240096277356221608661183399466587436218286623447958515962511392061259777
37635240096277356221608661183399466587436218286623447958515962513591084515329
37635240096277356221608661183399466587436218286623447958515962515790107770881
37635240096277356221608661183399466587436218286623447958515962524586200793089
37635240096277356221608661183399466587436218286623447958515962526785224048641
37635240096277356221608661183399466587436218286623447958515962528984247304193
37635240096277356221608661183399466587436218286623447958515962537780340326401
37635240096277356221608661183399466587436218286623447958515962539979363581953
37635240096277356221608661183399466587436218286623447958515962542178386837505
37635240096277356221608661183399466587436218286623447958515962550974479859713
37635240096277356221608661183399466587436218286623447958515962553173503115265
37635240096277356221608661183399466587436218286623447958515962555372526370817
37635240096277356221608661183399466587436218286623447958515962564168619393025
37635240096277356221608661183399466587436218286623447958515962566367642648577
37635240096277356221608661183399466587436218286623447958515962568566665904129
37635240096277356221608661183399466587436218286623447958515962580661293809665
37635240096277356221608661183399466587436218286623447958515962582860317065217
37635240096277356221608661183399466587436218286623447958515962585059340320769
37635240096277356221608661183399466587436218286623447958515962593855433342977
37635240096277356221608661183399466587436218286623447958515962596054456598529
37635240096277356221608661183399466587436218286623447958515962598253479854081
37635240096277356221608661183399466587436218286623447958515962607049572876289
37635240096277356221608661183399466587436218286623447958515962609248596131841
37635240096277356221608661183399466587436218286623447958515962611447619387393
37635240096277356221608661183399466587436218286623447958515962620243712409601
37635240096277356221608661183399466587436218286623447958515962622442735665153
37635240096277356221608661183399466587436218286623447958515962624641758920705
37635240096277356221608661183399466587436218286623447958515962633437851942913
37635240096277356221608661183399466587436218286623447958515962635636875198465
37635240096277356221608661183399466587436218286623447958515962637835898454017
37635240096277356221608661183399466587436218286623447958515962646631991476225
37635240096277356221608661183399466587436218286623447958515962648831014731777
37635240096277356221608661183399466587436218286623447958515962651030037987329
37635240096277356221608661183399466587436218286623447958515962659826131009537
37635240096277356221608661183399466587436218286623447958515962662025154265089
37635240096277356221608661183399466587436218286623447958515962664224177520641
37635240096277356221608661183399466587436218286623447958515962673020270542849
37635240096277356221608661183399466587436218286623447958515962675219293798401
37635240096277356221608661183399466587436218286623447958515962677418317053953
37635240096277356221608661183399466587436218286623447958515962686214410076161
37635240096277356221608661183399466587436218286623447958515962688413433331713
37635240096277356221608661183399466587436218286623447958515962690612456587265
37635240096277356221608661183399466587436218286623447958515962699408549609473
37635240096277356221608661183399466587436218286623447958515962701607572865025
37635240096277356221608661183399466587436218286623447958515962703806596120577
37635240096277356221608661183399466587436218286623447958515962712602689142785
37635240096277356221608661183399466587436218286623447958515962714801712398337
37635240096277356221608661183399466587436218286623447958515962717000735653889
37635240096277356221608661183399466587436218286623447958515962725796828676097
37635240096277356221608661183399466587436218286623447958515962727995851931649
37635240096277356221608661183399466587436218286623447958515962730194875187201
37635240096277356221608661183399466587436218286623447958515962738990968209409
37635240096277356221608661183399466587436218286623447958515962741189991464961
37635240096277356221608661183399466587436218286623447958515962743389014720513
37635240096277356221608661183399466587436218286623447958515962752185107742721
37635240096277356221608661183399466587436218286623447958515962754384130998273
37635240096277356221608661183399466587436218286623447958515962756583154253825
37635240096277356221608661183399466587436218286623447958515962765379247276033
37635240096277356221608661183399466587436218286623447958515962767578270531585
37635240096277356221608661183399466587436218286623447958515962769777293787137
37635240096277356221608661183399466587436218286623447958515962778573386809345
37635240096277356221608661183399466587436218286623447958515962780772410064897
37635240096277356221608661183399466587436218286623447958515962782971433320449
37635240096277356221608661183399466587436218286623447958515962791767526342657
37635240096277356221608661183399466587436218286623447958515962793966549598209
37635240096277356221608661183399466587436218286623447958515962796165572853761
37635240096277356221608661183399466587436218286623447958515962804961665875969
37635240096277356221608661183399466587436218286623447958515962807160689131521
37635240096277356221608661183399466587436218286623447958515962809359712387073
37635240096277356221608661183399466587436218286623447958515962821454340292609
37635240096277356221608661183399466587436218286623447958515962823653363548161
37635240096277356221608661183399466587436218286623447958515962825852386803713
37635240096277356221608661183399466587436218286623447958515962834648479825921
37635240096277356221608661183399466587436218286623447958515962836847503081473
37635240096277356221608661183399466587436218286623447958515962839046526337025
37635240096277356221608661183399466587436218286623447958515962847842619359233
37635240096277356221608661183399466587436218286623447958515962850041642614785
37635240096277356221608661183399466587436218286623447958515962852240665870337
37635240096277356221608661183399466587436218286623447958515962861036758892545
37635240096277356221608661183399466587436218286623447958515962863235782148097
37635240096277356221608661183399466587436218286623447958515962865434805403649
37635240096277356221608661183399466587436218286623447958515962874230898425857
37635240096277356221608661183399466587436218286623447958515962876429921681409
37635240096277356221608661183399466587436218286623447958515962878628944936961
37635240096277356221608661183399466587436218286623447958515962887425037959169
37635240096277356221608661183399466587436218286623447958515962889624061214721
37635240096277356221608661183399466587436218286623447958515962891823084470273
37635240096277356221608661183399466587436218286623447958515962900619177492481
37635240096277356221608661183399466587436218286623447958515962902818200748033
37635240096277356221608661183399466587436218286623447958515962905017224003585
37635240096277356221608661183399466587436218286623447958515962913813317025793
37635240096277356221608661183399466587436218286623447958515962916012340281345
37635240096277356221608661183399466587436218286623447958515962917111851909121
37635240096277356221608661183399466587436218286623447958515962924808433303553
37635240096277356221608661183399466587436218286623447958515962927007456559105
37635240096277356221608661183399466587436218286623447958515962929206479814657
37635240096277356221608661183399466587436218286623447958515962938002572836865
37635240096277356221608661183399466587436218286623447958515962940201596092417
37635240096277356221608661183399466587436218286623447958515962942400619347969
37635240096277356221608661183399466587436218286623447958515962951196712370177
37635240096277356221608661183399466587436218286623447958515962953395735625729
37635240096277356221608661183399466587436218286623447958515962955594758881281
37635240096277356221608661183399466587436218286623447958515962963291340275713
37635240096277356221608661183399466587436218286623447958515962965490363531265
37635240096277356221608661183399466587436218286623447958515962967689386786817
37635240096277356221608661183399466587436218286623447958515962976485479809025
37635240096277356221608661183399466587436218286623447958515962978684503064577
37635240096277356221608661183399466587436218286623447958515962980883526320129
37635240096277356221608661183399466587436218286623447958515962989679619342337
37635240096277356221608661183399466587436218286623447958515962991878642597889
37635240096277356221608661183399466587436218286623447958515962994077665853441
37635240096277356221608661183399466587436218286623447958515963002873758875649
37635240096277356221608661183399466587436218286623447958515963005072782131201
37635240096277356221608661183399466587436218286623447958515963007271805386753
37635240096277356221608661183399466587436218286623447958515963016067898408961
37635240096277356221608661183399466587436218286623447958515963018266921664513
37635240096277356221608661183399466587436218286623447958515963020465944920065
37635240096277356221608661183399466587436218286623447958515963029262037942273
37635240096277356221608661183399466587436218286623447958515963031461061197825
37635240096277356221608661183399466587436218286623447958515963033660084453377
37635240096277356221608661183399466587436218286623447958515963040257154220033
37635240096277356221608661183399466587436218286623447958515963042456177475585
37635240096277356221608661183399466587436218286623447958515963044655200731137
37635240096277356221608661183399466587436218286623447958515963053451293753345
37635240096277356221608661183399466587436218286623447958515963055650317008897
37635240096277356221608661183399466587436218286623447958515963057849340264449
37635240096277356221608661183399466587436218286623447958515963066645433286657
37635240096277356221608661183399466587436218286623447958515963068844456542209
37635240096277356221608661183399466587436218286623447958515963071043479797761
37635240096277356221608661183399466587436218286623447958515963079839572819969
37635240096277356221608661183399466587436218286623447958515963082038596075521
37635240096277356221608661183399466587436218286623447958515963084237619331073
37635240096277356221608661183399466587436218286623447958515963093033712353281
37635240096277356221608661183399466587436218286623447958515963095232735608833
37635240096277356221608661183399466587436218286623447958515963097431758864385
37635240096277356221608661183399466587436218286623447958515963106227851886593
37635240096277356221608661183399466587436218286623447958515963108426875142145
37635240096277356221608661183399466587436218286623447958515963110625898397697
37635240096277356221608661183399466587436218286623447958515963119421991419905
37635240096277356221608661183399466587436218286623447958515963121621014675457
37635240096277356221608661183399466587436218286623447958515963123820037931009
37635240096277356221608661183399466587436218286623447958515963132616130953217
37635240096277356221608661183399466587436218286623447958515963134815154208769
37635240096277356221608661183399466587436218286623447958515963137014177464321
37635240096277356221608661183399466587436218286623447958515963145810270486529
37635240096277356221608661183399466587436218286623447958515963148009293742081
37635240096277356221608661183399466587436218286623447958515963150208316997633
37635240096277356221608661183399466587436218286623447958515963159004410019841
37635240096277356221608661183399466587436218286623447958515963161203433275393
37635240096277356221608661183399466587436218286623447958515963163402456530945
37635240096277356221608661183399466587436218286623447958515963172198549553153
37635240096277356221608661183399466587436218286623447958515963174397572808705
37635240096277356221608661183399466587436218286623447958515963176596596064257
37635240096277356221608661183399466587436218286623447958515963185392689086465
37635240096277356221608661183399466587436218286623447958515963187591712342017
37635240096277356221608661183399466587436218286623447958515963189790735597569
37635240096277356221608661183399466587436218286623447958515963198586828619777
37635240096277356221608661183399466587436218286623447958515963200785851875329
37635240096277356221608661183399466587436218286623447958515963202984875130881
37635240096277356221608661183399466587436218286623447958515963211780968153089
37635240096277356221608661183399466587436218286623447958515963213979991408641
37635240096277356221608661183399466587436218286623447958515963216179014664193
37635240096277356221608661183399466587436218286623447958515963224975107686401
37635240096277356221608661183399466587436218286623447958515963227174130941953
37635240096277356221608661183399466587436218286623447958515963229373154197505
37635240096277356221608661183399466587436218286623447958515963238169247219713
37635240096277356221608661183399466587436218286623447958515963240368270475265
37635240096277356221608661183399466587436218286623447958515963242567293730817
37635240096277356221608661183399466587436218286623447958515963251363386753025
37635240096277356221608661183399466587436218286623447958515963252462898380801
37635240096277356221608661183399466587436218286623447958515963253562410008577
37635240096277356221608661183399466587436218286623447958515963261258991403009
37635240096277356221608661183399466587436218286623447958515963263458014658561
37635240096277356221608661183399466587436218286623447958515963265657037914113
37635240096277356221608661183399466587436218286623447958515963274453130936321
37635240096277356221608661183399466587436218286623447958515963276652154191873
37635240096277356221608661183399466587436218286623447958515963278851177447425
37635240096277356221608661183399466587436218286623447958515963287647270469633
37635240096277356221608661183399466587436218286623447958515963289846293725185
37635240096277356221608661183399466587436218286623447958515963292045316980737
37635240096277356221608661183399466587436218286623447958515963300841410002945
37635240096277356221608661183399466587436218286623447958515963303040433258497
37635240096277356221608661183399466587436218286623447958515963304139944886273
37635240096277356221608661183399466587436218286623447958515963310737014652929
37635240096277356221608661183399466587436218286623447958515963312936037908481
37635240096277356221608661183399466587436218286623447958515963315135061164033
37635240096277356221608661183399466587436218286623447958515963323931154186241
37635240096277356221608661183399466587436218286623447958515963326130177441793
37635240096277356221608661183399466587436218286623447958515963328329200697345
37635240096277356221608661183399466587436218286623447958515963337125293719553
37635240096277356221608661183399466587436218286623447958515963339324316975105
37635240096277356221608661183399466587436218286623447958515963341523340230657
37635240096277356221608661183399466587436218286623447958515963350319433252865
37635240096277356221608661183399466587436218286623447958515963352518456508417
37635240096277356221608661183399466587436218286623447958515963354717479763969
37635240096277356221608661183399466587436218286623447958515963363513572786177
37635240096277356221608661183399466587436218286623447958515963365712596041729
37635240096277356221608661183399466587436218286623447958515963367911619297281
37635240096277356221608661183399466587436218286623447958515963376707712319489
37635240096277356221608661183399466587436218286623447958515963378906735575041
37635240096277356221608661183399466587436218286623447958515963381105758830593
37635240096277356221608661183399466587436218286623447958515963389901851852801
37635240096277356221608661183399466587436218286623447958515963392100875108353
37635240096277356221608661183399466587436218286623447958515963394299898363905
37635240096277356221608661183399466587436218286623447958515963403095991386113
37635240096277356221608661183399466587436218286623447958515963405295014641665
37635240096277356221608661183399466587436218286623447958515963407494037897217
37635240096277356221608661183399466587436218286623447958515963416290130919425
37635240096277356221608661183399466587436218286623447958515963418489154174977
37635240096277356221608661183399466587436218286623447958515963420688177430529
37635240096277356221608661183399466587436218286623447958515963429484270452737
37635240096277356221608661183399466587436218286623447958515963431683293708289
37635240096277356221608661183399466587436218286623447958515963433882316963841
37635240096277356221608661183399466587436218286623447958515963442678409986049
37635240096277356221608661183399466587436218286623447958515963444877433241601
37635240096277356221608661183399466587436218286623447958515963447076456497153
37635240096277356221608661183399466587436218286623447958515963455872549519361
37635240096277356221608661183399466587436218286623447958515963458071572774913
37635240096277356221608661183399466587436218286623447958515963460270596030465
37635240096277356221608661183399466587436218286623447958515963469066689052673
37635240096277356221608661183399466587436218286623447958515963471265712308225
37635240096277356221608661183399466587436218286623447958515963473464735563777
37635240096277356221608661183399466587436218286623447958515963484459851841537
37635240096277356221608661183399466587436218286623447958515963486658875097089
37635240096277356221608661183399466587436218286623447958515963488857898352641
37635240096277356221608661183399466587436218286623447958515963500952526258177
37635240096277356221608661183399466587436218286623447958515963503151549513729
37635240096277356221608661183399466587436218286623447958515963505350572769281
37635240096277356221608661183399466587436218286623447958515963514146665791489
37635240096277356221608661183399466587436218286623447958515963516345689047041
37635240096277356221608661183399466587436218286623447958515963517445200674817
37635240096277356221608661183399466587436218286623447958515963525141782069249
37635240096277356221608661183399466587436218286623447958515963527340805324801
37635240096277356221608661183399466587436218286623447958515963529539828580353
37635240096277356221608661183399466587436218286623447958515963538335921602561
37635240096277356221608661183399466587436218286623447958515963540534944858113
37635240096277356221608661183399466587436218286623447958515963542733968113665
37635240096277356221608661183399466587436218286623447958515963551530061135873
37635240096277356221608661183399466587436218286623447958515963553729084391425
37635240096277356221608661183399466587436218286623447958515963555928107646977
37635240096277356221608661183399466587436218286623447958515963564724200669185
37635240096277356221608661183399466587436218286623447958515963566923223924737
37635240096277356221608661183399466587436218286623447958515963569122247180289
37635240096277356221608661183399466587436218286623447958515963577918340202497
37635240096277356221608661183399466587436218286623447958515963580117363458049
37635240096277356221608661183399466587436218286623447958515963582316386713601
37635240096277356221608661183399466587436218286623447958515963591112479735809
37635240096277356221608661183399466587436218286623447958515963593311502991361
37635240096277356221608661183399466587436218286623447958515963595510526246913
37635240096277356221608661183399466587436218286623447958515963604306619269121
37635240096277356221608661183399466587436218286623447958515963606505642524673
37635240096277356221608661183399466587436218286623447958515963608704665780225
37635240096277356221608661183399466587436218286623447958515963617500758802433
37635240096277356221608661183399466587436218286623447958515963619699782057985
37635240096277356221608661183399466587436218286623447958515963620799293685761
37635240096277356221608661183399466587436218286623447958515963628495875080193
37635240096277356221608661183399466587436218286623447958515963630694898335745
37635240096277356221608661183399466587436218286623447958515963632893921591297
37635240096277356221608661183399466587436218286623447958515963638391479730177
37635240096277356221608661183399466587436218286623447958515963640590502985729
37635240096277356221608661183399466587436218286623447958515963646088061124609
37635240096277356221608661183399466587436218286623447958515963654884154146817
37635240096277356221608661183399466587436218286623447958515963657083177402369
37635240096277356221608661183399466587436218286623447958515963659282200657921
37635240096277356221608661183399466587436218286623447958515963668078293680129
37635240096277356221608661183399466587436218286623447958515963670277316935681
37635240096277356221608661183399466587436218286623447958515963672476340191233
37635240096277356221608661183399466587436218286623447958515963681272433213441
37635240096277356221608661183399466587436218286623447958515963683471456468993
37635240096277356221608661183399466587436218286623447958515963685670479724545
37635240096277356221608661183399466587436218286623447958515963694466572746753
37635240096277356221608661183399466587436218286623447958515963696665596002305
37635240096277356221608661183399466587436218286623447958515963698864619257857
37635240096277356221608661183399466587436218286623447958515963707660712280065
37635240096277356221608661183399466587436218286623447958515963713158270418945
37635240096277356221608661183399466587436218286623447958515963715357293674497
37635240096277356221608661183399466587436218286623447958515963724153386696705
37635240096277356221608661183399466587436218286623447958515963726352409952257
37635240096277356221608661183399466587436218286623447958515963728551433207809
37635240096277356221608661183399466587436218286623447958515963737347526230017
37635240096277356221608661183399466587436218286623447958515963739546549485569
37635240096277356221608661183399466587436218286623447958515963741745572741121
37635240096277356221608661183399466587436218286623447958515963750541665763329
37635240096277356221608661183399466587436218286623447958515963752740689018881
37635240096277356221608661183399466587436218286623447958515963754939712274433
37635240096277356221608661183399466587436218286623447958515963763735805296641
37635240096277356221608661183399466587436218286623447958515963765934828552193
37635240096277356221608661183399466587436218286623447958515963768133851807745
37635240096277356221608661183399466587436218286623447958515963776929944829953
37635240096277356221608661183399466587436218286623447958515963780228479713281
37635240096277356221608661183399466587436218286623447958515963781327991341057
37635240096277356221608661183399466587436218286623447958515963785726037852161
37635240096277356221608661183399466587436218286623447958515963786825549479937
37635240096277356221608661183399466587436218286623447958515963787925061107713
37635240096277356221608661183399466587436218286623447958515963792323107618817
37635240096277356221608661183399466587436218286623447958515963793422619246593
37635240096277356221608661183399466587436218286623447958515963794522130874369
37635240096277356221608661183399466587436218286623447958515963798920177385473
37635240096277356221608661183399466587436218286623447958515963800019689013249
37635240096277356221608661183399466587436218286623447958515963801119200641025
37635240096277356221608661183399466587436218286623447958515950071517504602113
37635240096277356221608661183399466587436218286623447958515950073716527857665
37635240096277356221608661183399466587436218286623447958515950075915551113217
37635240096277356221608661183399466587436218286623447958515950084711644135425
37635240096277356221608661183399466587436218286623447958515950086910667390977
37635240096277356221608661183399466587436218286623447958515950089109690646529
37635240096277356221608661183399466587436218286623447958515950097905783668737
37635240096277356221608661183399466587436218286623447958515950100104806924289
37635240096277356221608661183399466587436218286623447958515950102303830179841
37635240096277356221608661183399466587436218286623447958515950111099923202049
37635240096277356221608661183399466587436218286623447958515950113298946457601
37635240096277356221608661183399466587436218286623447958515950115497969713153
37635240096277356221608661183399466587436218286623447958515950124294062735361
37635240096277356221608661183399466587436218286623447958515950126493085990913
37635240096277356221608661183399466587436218286623447958515950128692109246465
37635240096277356221608661183399466587436218286623447958515950137488202268673
37635240096277356221608661183399466587436218286623447958515950139687225524225
37635240096277356221608661183399466587436218286623447958515950141886248779777
37635240096277356221608661183399466587436218286623447958515950150682341801985
37635240096277356221608661183399466587436218286623447958515950152881365057537
37635240096277356221608661183399466587436218286623447958515950155080388313089
37635240096277356221608661183399466587436218286623447958515950163876481335297
37635240096277356221608661183399466587436218286623447958515950166075504590849
37635240096277356221608661183399466587436218286623447958515950168274527846401
37635240096277356221608661183399466587436218286623447958515950177070620868609
37635240096277356221608661183399466587436218286623447958515950179269644124161
37635240096277356221608661183399466587436218286623447958515950181468667379713
37635240096277356221608661183399466587436218286623447958515950190264760401921
37635240096277356221608661183399466587436218286623447958515950192463783657473
37635240096277356221608661183399466587436218286623447958515950194662806913025
37635240096277356221608661183399466587436218286623447958515950203458899935233
37635240096277356221608661183399466587436218286623447958515950205657923190785
37635240096277356221608661183399466587436218286623447958515950207856946446337
37635240096277356221608661183399466587436218286623447958515950216653039468545
37635240096277356221608661183399466587436218286623447958515950218852062724097
37635240096277356221608661183399466587436218286623447958515950221051085979649
37635240096277356221608661183399466587436218286623447958515950229847179001857
37635240096277356221608661183399466587436218286623447958515950232046202257409
37635240096277356221608661183399466587436218286623447958515950234245225512961
37635240096277356221608661183399466587436218286623447958515950243041318535169
37635240096277356221608661183399466587436218286623447958515950245240341790721
37635240096277356221608661183399466587436218286623447958515950247439365046273
37635240096277356221608661183399466587436218286623447958515950256235458068481
37635240096277356221608661183399466587436218286623447958515950258434481324033
37635240096277356221608661183399466587436218286623447958515950260633504579585
37635240096277356221608661183399466587436218286623447958515950269429597601793
37635240096277356221608661183399466587436218286623447958515950271628620857345
37635240096277356221608661183399466587436218286623447958515950273827644112897
37635240096277356221608661183399466587436218286623447958515950282623737135105
37635240096277356221608661183399466587436218286623447958515950284822760390657
37635240096277356221608661183399466587436218286623447958515950287021783646209
37635240096277356221608661183399466587436218286623447958515950295817876668417
37635240096277356221608661183399466587436218286623447958515950298016899923969
37635240096277356221608661183399466587436218286623447958515950300215923179521
37635240096277356221608661183399466587436218286623447958515950309012016201729
37635240096277356221608661183399466587436218286623447958515950311211039457281
37635240096277356221608661183399466587436218286623447958515950313410062712833
37635240096277356221608661183399466587436218286623447958515950322206155735041
37635240096277356221608661183399466587436218286623447958515950324405178990593
37635240096277356221608661183399466587436218286623447958515950326604202246145
37635240096277356221608661183399466587436218286623447958515950335400295268353
37635240096277356221608661183399466587436218286623447958515950337599318523905
37635240096277356221608661183399466587436218286623447958515950339798341779457
37635240096277356221608661183399466587436218286623447958515950348594434801665
37635240096277356221608661183399466587436218286623447958515950350793458057217
37635240096277356221608661183399466587436218286623447958515950352992481312769
37635240096277356221608661183399466587436218286623447958515950361788574334977
37635240096277356221608661183399466587436218286623447958515950363987597590529
37635240096277356221608661183399466587436218286623447958515950366186620846081
37635240096277356221608661183399466587436218286623447958515950374982713868289
37635240096277356221608661183399466587436218286623447958515950377181737123841
37635240096277356221608661183399466587436218286623447958515950379380760379393
37635240096277356221608661183399466587436218286623447958515950388176853401601
37635240096277356221608661183399466587436218286623447958515950390375876657153
37635240096277356221608661183399466587436218286623447958515950392574899912705
37635240096277356221608661183399466587436218286623447958515950401370992934913
37635240096277356221608661183399466587436218286623447958515950403570016190465
37635240096277356221608661183399466587436218286623447958515950405769039446017
37635240096277356221608661183399466587436218286623447958515950414565132468225
37635240096277356221608661183399466587436218286623447958515950416764155723777
37635240096277356221608661183399466587436218286623447958515950418963178979329
37635240096277356221608661183399466587436218286623447958515950427759272001537
37635240096277356221608661183399466587436218286623447958515950429958295257089
37635240096277356221608661183399466587436218286623447958515950432157318512641
37635240096277356221608661183399466587436218286623447958515950440953411534849
37635240096277356221608661183399466587436218286623447958515950443152434790401
37635240096277356221608661183399466587436218286623447958515950445351458045953
37635240096277356221608661183399466587436218286623447958515950454147551068161
37635240096277356221608661183399466587436218286623447958515950456346574323713
37635240096277356221608661183399466587436218286623447958515950458545597579265
37635240096277356221608661183399466587436218286623447958515950467341690601473
37635240096277356221608661183399466587436218286623447958515950469540713857025
37635240096277356221608661183399466587436218286623447958515950471739737112577
37635240096277356221608661183399466587436218286623447958515950480535830134785
37635240096277356221608661183399466587436218286623447958515950482734853390337
37635240096277356221608661183399466587436218286623447958515950484933876645889
37635240096277356221608661183399466587436218286623447958515950493729969668097
37635240096277356221608661183399466587436218286623447958515950495928992923649
37635240096277356221608661183399466587436218286623447958515950498128016179201
37635240096277356221608661183399466587436218286623447958515950506924109201409
37635240096277356221608661183399466587436218286623447958515950509123132456961
37635240096277356221608661183399466587436218286623447958515950511322155712513
37635240096277356221608661183399466587436218286623447958515950520118248734721
37635240096277356221608661183399466587436218286623447958515950522317271990273
37635240096277356221608661183399466587436218286623447958515950524516295245825
37635240096277356221608661183399466587436218286623447958515950533312388268033
37635240096277356221608661183399466587436218286623447958515950535511411523585
37635240096277356221608661183399466587436218286623447958515950537710434779137
37635240096277356221608661183399466587436218286623447958515950546506527801345
37635240096277356221608661183399466587436218286623447958515950548705551056897
37635240096277356221608661183399466587436218286623447958515950550904574312449
37635240096277356221608661183399466587436218286623447958515950559700667334657
37635240096277356221608661183399466587436218286623447958515950561899690590209
37635240096277356221608661183399466587436218286623447958515950564098713845761
37635240096277356221608661183399466587436218286623447958515950572894806867969
37635240096277356221608661183399466587436218286623447958515950575093830123521
37635240096277356221608661183399466587436218286623447958515950577292853379073
37635240096277356221608661183399466587436218286623447958515950586088946401281
37635240096277356221608661183399466587436218286623447958515950588287969656833
37635240096277356221608661183399466587436218286623447958515950590486992912385
37635240096277356221608661183399466587436218286623447958515950599283085934593
37635240096277356221608661183399466587436218286623447958515950601482109190145
37635240096277356221608661183399466587436218286623447958515950603681132445697
37635240096277356221608661183399466587436218286623447958515950612477225467905
37635240096277356221608661183399466587436218286623447958515950614676248723457
37635240096277356221608661183399466587436218286623447958515950616875271979009
37635240096277356221608661183399466587436218286623447958515950625671365001217
37635240096277356221608661183399466587436218286623447958515950627870388256769
37635240096277356221608661183399466587436218286623447958515950630069411512321
37635240096277356221608661183399466587436218286623447958515950638865504534529
37635240096277356221608661183399466587436218286623447958515950641064527790081
37635240096277356221608661183399466587436218286623447958515950643263551045633
37635240096277356221608661183399466587436218286623447958515950652059644067841
37635240096277356221608661183399466587436218286623447958515950654258667323393
37635240096277356221608661183399466587436218286623447958515950656457690578945
37635240096277356221608661183399466587436218286623447958515950665253783601153
37635240096277356221608661183399466587436218286623447958515950667452806856705
37635240096277356221608661183399466587436218286623447958515950669651830112257
37635240096277356221608661183399466587436218286623447958515950678447923134465
37635240096277356221608661183399466587436218286623447958515950680646946390017
37635240096277356221608661183399466587436218286623447958515950682845969645569
37635240096277356221608661183399466587436218286623447958515950691642062667777
37635240096277356221608661183399466587436218286623447958515950693841085923329
37635240096277356221608661183399466587436218286623447958515950696040109178881
37635240096277356221608661183399466587436218286623447958515950704836202201089
37635240096277356221608661183399466587436218286623447958515950707035225456641
37635240096277356221608661183399466587436218286623447958515950709234248712193
37635240096277356221608661183399466587436218286623447958515950718030341734401
37635240096277356221608661183399466587436218286623447958515950720229364989953
37635240096277356221608661183399466587436218286623447958515950722428388245505
37635240096277356221608661183399466587436218286623447958515950731224481267713
37635240096277356221608661183399466587436218286623447958515950733423504523265
37635240096277356221608661183399466587436218286623447958515950735622527778817
37635240096277356221608661183399466587436218286623447958515950744418620801025
37635240096277356221608661183399466587436218286623447958515950746617644056577
37635240096277356221608661183399466587436218286623447958515950748816667312129
37635240096277356221608661183399466587436218286623447958515950757612760334337
37635240096277356221608661183399466587436218286623447958515950759811783589889
37635240096277356221608661183399466587436218286623447958515950762010806845441
37635240096277356221608661183399466587436218286623447958515950770806899867649
37635240096277356221608661183399466587436218286623447958515950773005923123201
37635240096277356221608661183399466587436218286623447958515950775204946378753
37635240096277356221608661183399466587436218286623447958515950784001039400961
37635240096277356221608661183399466587436218286623447958515950786200062656513
37635240096277356221608661183399466587436218286623447958515950788399085912065
37635240096277356221608661183399466587436218286623447958515950797195178934273
37635240096277356221608661183399466587436218286623447958515950799394202189825
37635240096277356221608661183399466587436218286623447958515950801593225445377
37635240096277356221608661183399466587436218286623447958515950810389318467585
37635240096277356221608661183399466587436218286623447958515950812588341723137
37635240096277356221608661183399466587436218286623447958515950814787364978689
37635240096277356221608661183399466587436218286623447958515950823583458000897
37635240096277356221608661183399466587436218286623447958515950825782481256449
37635240096277356221608661183399466587436218286623447958515950827981504512001
37635240096277356221608661183399466587436218286623447958515950836777597534209
37635240096277356221608661183399466587436218286623447958515950838976620789761
37635240096277356221608661183399466587436218286623447958515950841175644045313
37635240096277356221608661183399466587436218286623447958515950849971737067521
37635240096277356221608661183399466587436218286623447958515950852170760323073
37635240096277356221608661183399466587436218286623447958515950854369783578625
37635240096277356221608661183399466587436218286623447958515950863165876600833
37635240096277356221608661183399466587436218286623447958515950865364899856385
37635240096277356221608661183399466587436218286623447958515950867563923111937
37635240096277356221608661183399466587436218286623447958515950876360016134145
37635240096277356221608661183399466587436218286623447958515950878559039389697
37635240096277356221608661183399466587436218286623447958515950880758062645249
37635240096277356221608661183399466587436218286623447958515950889554155667457
37635240096277356221608661183399466587436218286623447958515950891753178923009
37635240096277356221608661183399466587436218286623447958515950893952202178561
37635240096277356221608661183399466587436218286623447958515950902748295200769
37635240096277356221608661183399466587436218286623447958515950904947318456321
37635240096277356221608661183399466587436218286623447958515950907146341711873
37635240096277356221608661183399466587436218286623447958515950915942434734081
37635240096277356221608661183399466587436218286623447958515950918141457989633
37635240096277356221608661183399466587436218286623447958515950920340481245185
37635240096277356221608661183399466587436218286623447958515950929136574267393
37635240096277356221608661183399466587436218286623447958515950931335597522945
37635240096277356221608661183399466587436218286623447958515950933534620778497
37635240096277356221608661183399466587436218286623447958515950942330713800705
37635240096277356221608661183399466587436218286623447958515950944529737056257
37635240096277356221608661183399466587436218286623447958515950946728760311809
37635240096277356221608661183399466587436218286623447958515950955524853334017
37635240096277356221608661183399466587436218286623447958515950957723876589569
37635240096277356221608661183399466587436218286623447958515950959922899845121
37635240096277356221608661183399466587436218286623447958515950968718992867329
37635240096277356221608661183399466587436218286623447958515950970918016122881
37635240096277356221608661183399466587436218286623447958515950973117039378433
37635240096277356221608661183399466587436218286623447958515950984112155656193
37635240096277356221608661183399466587436218286623447958515950986311178911745
37635240096277356221608661183399466587436218286623447958515950988510202167297
37635240096277356221608661183399466587436218286623447958515950997306295189505
37635240096277356221608661183399466587436218286623447958515950999505318445057
37635240096277356221608661183399466587436218286623447958515951001704341700609
37635240096277356221608661183399466587436218286623447958515951010500434722817
37635240096277356221608661183399466587436218286623447958515951012699457978369
37635240096277356221608661183399466587436218286623447958515951014898481233921
37635240096277356221608661183399466587436218286623447958515951023694574256129
37635240096277356221608661183399466587436218286623447958515951025893597511681
37635240096277356221608661183399466587436218286623447958515951028092620767233
37635240096277356221608661183399466587436218286623447958515951036888713789441
37635240096277356221608661183399466587436218286623447958515951039087737044993
37635240096277356221608661183399466587436218286623447958515951041286760300545
37635240096277356221608661183399466587436218286623447958515951050082853322753
37635240096277356221608661183399466587436218286623447958515951052281876578305
37635240096277356221608661183399466587436218286623447958515951054480899833857
37635240096277356221608661183399466587436218286623447958515951063276992856065
37635240096277356221608661183399466587436218286623447958515951065476016111617
37635240096277356221608661183399466587436218286623447958515951067675039367169
37635240096277356221608661183399466587436218286623447958515951076471132389377
37635240096277356221608661183399466587436218286623447958515951078670155644929
37635240096277356221608661183399466587436218286623447958515951080869178900481
37635240096277356221608661183399466587436218286623447958515951089665271922689
37635240096277356221608661183399466587436218286623447958515951091864295178241
37635240096277356221608661183399466587436218286623447958515951094063318433793
37635240096277356221608661183399466587436218286623447958515951102859411456001
37635240096277356221608661183399466587436218286623447958515951105058434711553
37635240096277356221608661183399466587436218286623447958515951107257457967105
37635240096277356221608661183399466587436218286623447958515951116053550989313
37635240096277356221608661183399466587436218286623447958515951118252574244865
37635240096277356221608661183399466587436218286623447958515951120451597500417
37635240096277356221608661183399466587436218286623447958515951129247690522625
37635240096277356221608661183399466587436218286623447958515951131446713778177
37635240096277356221608661183399466587436218286623447958515951133645737033729
37635240096277356221608661183399466587436218286623447958515951142441830055937
37635240096277356221608661183399466587436218286623447958515951144640853311489
37635240096277356221608661183399466587436218286623447958515951146839876567041
37635240096277356221608661183399466587436218286623447958515951155635969589249
37635240096277356221608661183399466587436218286623447958515951157834992844801
37635240096277356221608661183399466587436218286623447958515951160034016100353
37635240096277356221608661183399466587436218286623447958515951168830109122561
37635240096277356221608661183399466587436218286623447958515951171029132378113
37635240096277356221608661183399466587436218286623447958515951173228155633665
37635240096277356221608661183399466587436218286623447958515951182024248655873
37635240096277356221608661183399466587436218286623447958515951184223271911425
37635240096277356221608661183399466587436218286623447958515951186422295166977
37635240096277356221608661183399466587436218286623447958515951195218388189185
37635240096277356221608661183399466587436218286623447958515951197417411444737
37635240096277356221608661183399466587436218286623447958515951199616434700289
37635240096277356221608661183399466587436218286623447958515951208412527722497
37635240096277356221608661183399466587436218286623447958515951210611550978049
37635240096277356221608661183399466587436218286623447958515951212810574233601
37635240096277356221608661183399466587436218286623447958515951221606667255809
37635240096277356221608661183399466587436218286623447958515951223805690511361
37635240096277356221608661183399466587436218286623447958515951226004713766913
37635240096277356221608661183399466587436218286623447958515951234800806789121
37635240096277356221608661183399466587436218286623447958515951236999830044673
37635240096277356221608661183399466587436218286623447958515951239198853300225
37635240096277356221608661183399466587436218286623447958515951247994946322433
37635240096277356221608661183399466587436218286623447958515951250193969577985
37635240096277356221608661183399466587436218286623447958515951252392992833537
37635240096277356221608661183399466587436218286623447958515951261189085855745
37635240096277356221608661183399466587436218286623447958515951263388109111297
37635240096277356221608661183399466587436218286623447958515951265587132366849
37635240096277356221608661183399466587436218286623447958515951274383225389057
37635240096277356221608661183399466587436218286623447958515951276582248644609
37635240096277356221608661183399466587436218286623447958515951278781271900161
37635240096277356221608661183399466587436218286623447958515951287577364922369
37635240096277356221608661183399466587436218286623447958515951289776388177921
37635240096277356221608661183399466587436218286623447958515951291975411433473
37635240096277356221608661183399466587436218286623447958515951300771504455681
37635240096277356221608661183399466587436218286623447958515951302970527711233
37635240096277356221608661183399466587436218286623447958515951305169550966785
37635240096277356221608661183399466587436218286623447958515951313965643988993
37635240096277356221608661183399466587436218286623447958515951316164667244545
37635240096277356221608661183399466587436218286623447958515951318363690500097
37635240096277356221608661183399466587436218286623447958515951327159783522305
37635240096277356221608661183399466587436218286623447958515951329358806777857
37635240096277356221608661183399466587436218286623447958515951331557830033409
37635240096277356221608661183399466587436218286623447958515951340353923055617
37635240096277356221608661183399466587436218286623447958515951342552946311169
37635240096277356221608661183399466587436218286623447958515951344751969566721
37635240096277356221608661183399466587436218286623447958515951353548062588929
37635240096277356221608661183399466587436218286623447958515951355747085844481
37635240096277356221608661183399466587436218286623447958515951357946109100033
37635240096277356221608661183399466587436218286623447958515951366742202122241
37635240096277356221608661183399466587436218286623447958515951368941225377793
37635240096277356221608661183399466587436218286623447958515951371140248633345
37635240096277356221608661183399466587436218286623447958515951379936341655553
37635240096277356221608661183399466587436218286623447958515951381035853283329
37635240096277356221608661183399466587436218286623447958515951382135364911105
37635240096277356221608661183399466587436218286623447958515951390931457933313
37635240096277356221608661183399466587436218286623447958515951393130481188865
37635240096277356221608661183399466587436218286623447958515951395329504444417
37635240096277356221608661183399466587436218286623447958515951404125597466625
37635240096277356221608661183399466587436218286623447958515951406324620722177
37635240096277356221608661183399466587436218286623447958515951408523643977729
37635240096277356221608661183399466587436218286623447958515951417319736999937
37635240096277356221608661183399466587436218286623447958515951419518760255489
37635240096277356221608661183399466587436218286623447958515951421717783511041
37635240096277356221608661183399466587436218286623447958515951430513876533249
37635240096277356221608661183399466587436218286623447958515951432712899788801
37635240096277356221608661183399466587436218286623447958515951434911923044353
37635240096277356221608661183399466587436218286623447958515951443708016066561
37635240096277356221608661183399466587436218286623447958515951445907039322113
37635240096277356221608661183399466587436218286623447958515951448106062577665
37635240096277356221608661183399466587436218286623447958515951456902155599873
37635240096277356221608661183399466587436218286623447958515951459101178855425
37635240096277356221608661183399466587436218286623447958515951461300202110977
37635240096277356221608661183399466587436218286623447958515951470096295133185
37635240096277356221608661183399466587436218286623447958515951472295318388737
37635240096277356221608661183399466587436218286623447958515951474494341644289
37635240096277356221608661183399466587436218286623447958515951483290434666497
37635240096277356221608661183399466587436218286623447958515951485489457922049
37635240096277356221608661183399466587436218286623447958515951487688481177601
37635240096277356221608661183399466587436218286623447958515951496484574199809
37635240096277356221608661183399466587436218286623447958515951498683597455361
37635240096277356221608661183399466587436218286623447958515951500882620710913
37635240096277356221608661183399466587436218286623447958515951509678713733121
37635240096277356221608661183399466587436218286623447958515951511877736988673
37635240096277356221608661183399466587436218286623447958515951514076760244225
37635240096277356221608661183399466587436218286623447958515951522872853266433
37635240096277356221608661183399466587436218286623447958515951525071876521985
37635240096277356221608661183399466587436218286623447958515951527270899777537
37635240096277356221608661183399466587436218286623447958515951536066992799745
37635240096277356221608661183399466587436218286623447958515951538266016055297
37635240096277356221608661183399466587436218286623447958515951540465039310849
37635240096277356221608661183399466587436218286623447958515951549261132333057
37635240096277356221608661183399466587436218286623447958515951551460155588609
37635240096277356221608661183399466587436218286623447958515951553659178844161
37635240096277356221608661183399466587436218286623447958515951562455271866369
37635240096277356221608661183399466587436218286623447958515951564654295121921
37635240096277356221608661183399466587436218286623447958515951566853318377473
37635240096277356221608661183399466587436218286623447958515951575649411399681
37635240096277356221608661183399466587436218286623447958515951577848434655233
37635240096277356221608661183399466587436218286623447958515951580047457910785
37635240096277356221608661183399466587436218286623447958515951588843550932993
37635240096277356221608661183399466587436218286623447958515951591042574188545
37635240096277356221608661183399466587436218286623447958515951593241597444097
37635240096277356221608661183399466587436218286623447958515951602037690466305
37635240096277356221608661183399466587436218286623447958515951604236713721857
37635240096277356221608661183399466587436218286623447958515951606435736977409
37635240096277356221608661183399466587436218286623447958515951615231829999617
37635240096277356221608661183399466587436218286623447958515951617430853255169
37635240096277356221608661183399466587436218286623447958515951619629876510721
37635240096277356221608661183399466587436218286623447958515951628425969532929
37635240096277356221608661183399466587436218286623447958515951630624992788481
37635240096277356221608661183399466587436218286623447958515951632824016044033
37635240096277356221608661183399466587436218286623447958515951641620109066241
37635240096277356221608661183399466587436218286623447958515951643819132321793
37635240096277356221608661183399466587436218286623447958515951646018155577345
37635240096277356221608661183399466587436218286623447958515951654814248599553
37635240096277356221608661183399466587436218286623447958515951657013271855105
37635240096277356221608661183399466587436218286623447958515951659212295110657
37635240096277356221608661183399466587436218286623447958515951668008388132865
37635240096277356221608661183399466587436218286623447958515951670207411388417
37635240096277356221608661183399466587436218286623447958515951672406434643969
37635240096277356221608661183399466587436218286623447958515951681202527666177
37635240096277356221608661183399466587436218286623447958515951683401550921729
37635240096277356221608661183399466587436218286623447958515951685600574177281
37635240096277356221608661183399466587436218286623447958515951694396667199489
37635240096277356221608661183399466587436218286623447958515951696595690455041
37635240096277356221608661183399466587436218286623447958515951698794713710593
37635240096277356221608661183399466587436218286623447958515951706491295105025
37635240096277356221608661183399466587436218286623447958515951708690318360577
37635240096277356221608661183399466587436218286623447958515951710889341616129
37635240096277356221608661183399466587436218286623447958515951719685434638337
37635240096277356221608661183399466587436218286623447958515951721884457893889
37635240096277356221608661183399466587436218286623447958515951724083481149441
37635240096277356221608661183399466587436218286623447958515951732879574171649
37635240096277356221608661183399466587436218286623447958515951735078597427201
37635240096277356221608661183399466587436218286623447958515951737277620682753
37635240096277356221608661183399466587436218286623447958515951746073713704961
37635240096277356221608661183399466587436218286623447958515951748272736960513
37635240096277356221608661183399466587436218286623447958515951750471760216065
37635240096277356221608661183399466587436218286623447958515951759267853238273
37635240096277356221608661183399466587436218286623447958515951761466876493825
37635240096277356221608661183399466587436218286623447958515951763665899749377
37635240096277356221608661183399466587436218286623447958515951772461992771585
37635240096277356221608661183399466587436218286623447958515951774661016027137
37635240096277356221608661183399466587436218286623447958515951776860039282689
37635240096277356221608661183399466587436218286623447958515951785656132304897
37635240096277356221608661183399466587436218286623447958515951787855155560449
37635240096277356221608661183399466587436218286623447958515951790054178816001
37635240096277356221608661183399466587436218286623447958515951798850271838209
37635240096277356221608661183399466587436218286623447958515951801049295093761
37635240096277356221608661183399466587436218286623447958515951803248318349313
37635240096277356221608661183399466587436218286623447958515951812044411371521
37635240096277356221608661183399466587436218286623447958515951814243434627073
37635240096277356221608661183399466587436218286623447958515951816442457882625
37635240096277356221608661183399466587436218286623447958515951825238550904833
37635240096277356221608661183399466587436218286623447958515951827437574160385
37635240096277356221608661183399466587436218286623447958515951829636597415937
37635240096277356221608661183399466587436218286623447958515951838432690438145
37635240096277356221608661183399466587436218286623447958515951840631713693697
37635240096277356221608661183399466587436218286623447958515951842830736949249
37635240096277356221608661183399466587436218286623447958515951851626829971457
37635240096277356221608661183399466587436218286623447958515951853825853227009
37635240096277356221608661183399466587436218286623447958515951856024876482561
37635240096277356221608661183399466587436218286623447958515951864820969504769
37635240096277356221608661183399466587436218286623447958515951867019992760321
37635240096277356221608661183399466587436218286623447958515951869219016015873
37635240096277356221608661183399466587436218286623447958515951878015109038081
37635240096277356221608661183399466587436218286623447958515951880214132293633
37635240096277356221608661183399466587436218286623447958515951882413155549185
37635240096277356221608661183399466587436218286623447958515951891209248571393
37635240096277356221608661183399466587436218286623447958515951893408271826945
37635240096277356221608661183399466587436218286623447958515951895607295082497
37635240096277356221608661183399466587436218286623447958515951904403388104705
37635240096277356221608661183399466587436218286623447958515951906602411360257
37635240096277356221608661183399466587436218286623447958515951908801434615809
37635240096277356221608661183399466587436218286623447958515951917597527638017
37635240096277356221608661183399466587436218286623447958515951919796550893569
37635240096277356221608661183399466587436218286623447958515951921995574149121
37635240096277356221608661183399466587436218286623447958515951930791667171329
37635240096277356221608661183399466587436218286623447958515951932990690426881
37635240096277356221608661183399466587436218286623447958515951935189713682433
37635240096277356221608661183399466587436218286623447958515951943985806704641
37635240096277356221608661183399466587436218286623447958515951946184829960193
37635240096277356221608661183399466587436218286623447958515951948383853215745
37635240096277356221608661183399466587436218286623447958515951957179946237953
37635240096277356221608661183399466587436218286623447958515951959378969493505
37635240096277356221608661183399466587436218286623447958515951961577992749057
37635240096277356221608661183399466587436218286623447958515951970374085771265
37635240096277356221608661183399466587436218286623447958515951972573109026817
37635240096277356221608661183399466587436218286623447958515951974772132282369
37635240096277356221608661183399466587436218286623447958515951983568225304577
37635240096277356221608661183399466587436218286623447958515951985767248560129
37635240096277356221608661183399466587436218286623447958515951987966271815681
37635240096277356221608661183399466587436218286623447958515951996762364837889
37635240096277356221608661183399466587436218286623447958515951998961388093441
37635240096277356221608661183399466587436218286623447958515952001160411348993
37635240096277356221608661183399466587436218286623447958515952009956504371201
37635240096277356221608661183399466587436218286623447958515952012155527626753
37635240096277356221608661183399466587436218286623447958515952014354550882305
37635240096277356221608661183399466587436218286623447958515952023150643904513
37635240096277356221608661183399466587436218286623447958515952025349667160065
37635240096277356221608661183399466587436218286623447958515952027548690415617
37635240096277356221608661183399466587436218286623447958515952036344783437825
37635240096277356221608661183399466587436218286623447958515952038543806693377
37635240096277356221608661183399466587436218286623447958515952040742829948929
37635240096277356221608661183399466587436218286623447958515952049538922971137
37635240096277356221608661183399466587436218286623447958515952051737946226689
37635240096277356221608661183399466587436218286623447958515952053936969482241
37635240096277356221608661183399466587436218286623447958515952062733062504449
37635240096277356221608661183399466587436218286623447958515952064932085760001
37635240096277356221608661183399466587436218286623447958515952067131109015553
37635240096277356221608661183399466587436218286623447958515952075927202037761
37635240096277356221608661183399466587436218286623447958515952078126225293313
37635240096277356221608661183399466587436218286623447958515952080325248548865
37635240096277356221608661183399466587436218286623447958515952089121341571073
37635240096277356221608661183399466587436218286623447958515952091320364826625
37635240096277356221608661183399466587436218286623447958515952093519388082177
37635240096277356221608661183399466587436218286623447958515952102315481104385
37635240096277356221608661183399466587436218286623447958515952104514504359937
37635240096277356221608661183399466587436218286623447958515952106713527615489
37635240096277356221608661183399466587436218286623447958515952115509620637697
37635240096277356221608661183399466587436218286623447958515952117708643893249
37635240096277356221608661183399466587436218286623447958515952119907667148801
37635240096277356221608661183399466587436218286623447958515952127604248543233
37635240096277356221608661183399466587436218286623447958515952129803271798785
37635240096277356221608661183399466587436218286623447958515952132002295054337
37635240096277356221608661183399466587436218286623447958515952140798388076545
37635240096277356221608661183399466587436218286623447958515952142997411332097
37635240096277356221608661183399466587436218286623447958515952145196434587649
37635240096277356221608661183399466587436218286623447958515952153992527609857
37635240096277356221608661183399466587436218286623447958515952156191550865409
37635240096277356221608661183399466587436218286623447958515952158390574120961
37635240096277356221608661183399466587436218286623447958515952167186667143169
37635240096277356221608661183399466587436218286623447958515952169385690398721
37635240096277356221608661183399466587436218286623447958515952171584713654273
